Workbook
Name partID: [1]parts!$A:$A
Name partLabel: [1]parts!$B:$B

Sheet maps
A1: IndexNum | B1: Martin Complete | C1: Complete | D1: PHA4GE_table | E1: sourceClass | F1: sourceSlot | G1: sourceValue | H1: targetClass | I1: wide? | J1: targetSlot | K1: targetValue | L1: notes2 | M1: customData | N1: notes | O1: Martin notes
A2: 1 | C2: =IF(AND(G2="NA",H2<>"wide_value"),TRUE,"") -> TRUE | D2: AMR detection information | E2: pha4ge | F2: AMR analysis report filename | G2: NA | H2: measures | J2: notes | K2: {{AMR analysis report filename}} | N2: Add to the measure row of an AMR target in the notes field. | O2: What are AMR measures?
A3: 2 | C3: =IF(AND(G3="NA",H3<>"wide_value"),TRUE,"") -> TRUE | D3: AMR detection information | E3: pha4ge | F3: AMR analysis software name | G3: NA | H3: {=IF(COUNTIF(wide_measures!D:D,INDIRECT("maps!F$"&ROW()))>0,"measures",IF(COUNTIF(wide_protocolSteps!C:C,INDIRECT("maps!F$"&ROW()))>0,"protocolSteps",IF(COUNTIF(wide_repositories!C:C,INDIRECT("maps!F$"&ROW()))>0,"repositories",IF(COUNTIF(wide_protocols!C:C,INDIRECT("maps!F$"&ROW()))>0,"protocols",""))))} -> protocolSteps | I3: wide_value | N3: link to AMR measures? Idk if there are any. | O3: What are AMR measures?
A4: 3 | B4: TRUE | C4: =IF(AND(G4="NA",H4<>"wide_value"),TRUE,"") -> TRUE | D4: AMR detection information | E4: pha4ge | F4: AMR analysis software version | G4: NA | H4: protocolSteps | J4: stepVer | K4: {{AMR analysis software version}} | N4: link to AMR analysis software name - this is a tentative mapping. | O4: What are AMR measures?
A5: 4 | C5: =IF(AND(G5="NA",H5<>"wide_value"),TRUE,"") -> TRUE | D5: AMR detection information | E5: pha4ge | F5: AMR reference database name | G5: NA | H5: accessions | J5: dataHost | K5: {{AMR reference database name}} | N5: link to AMR measures? Idk if there are any. | O5: What are AMR measures? No accessions table
A6: 5 | C6: =IF(AND(G6="NA",H6<>"wide_value"),TRUE,"") -> TRUE | D6: AMR detection information | E6: pha4ge | F6: AMR reference database version | G6: NA | H6: accessions | J6: hostVersion | K6: {{AMR reference database version}} | N6: link to AMR reference database name - this is a tentative mapping. | O6: What are AMR measures? No accessions table
A7: 6 | C7: =IF(AND(G7="NA",H7<>"wide_value"),TRUE,"") -> TRUE | D7: Bioinformatics and QC metrics | E7: pha4ge | F7: bioinformatics protocol | G7: NA | H7: protocols | J7: summ (OR reflink?) | K7: {{bioinformatics protocol}} | N7: link to other bioinformatics pieces from the PHA4GE bioinformatics table? | O7: What value to use for targetSlot?
A8: 7 | B8: TRUE | C8: =IF(AND(G8="NA",H8<>"wide_value"),TRUE,"") -> TRUE | D8: Bioinformatics and QC metrics | E8: pha4ge | F8: breadth of coverage value | G8: NA | H8: {=IF(COUNTIF(wide_measures!D:D,INDIRECT("maps!F$"&ROW()))>0,"measures",IF(COUNTIF(wide_protocolSteps!C:C,INDIRECT("maps!F$"&ROW()))>0,"protocolSteps",IF(COUNTIF(wide_repositories!C:C,INDIRECT("maps!F$"&ROW()))>0,"repositories",IF(COUNTIF(wide_protocols!C:C,INDIRECT("maps!F$"&ROW()))>0,"protocols",""))))} -> measures | I8: wide_value | N8: May need to link with separately stored units? | O8: See notes
A9: 8 | B9: TRUE | C9: =IF(AND(G9="NA",H9<>"wide_value"),TRUE,"") -> TRUE | D9: Bioinformatics and QC metrics | E9: pha4ge | F9: consensus genome length | G9: NA | H9: {=IF(COUNTIF(wide_measures!D:D,INDIRECT("maps!F$"&ROW()))>0,"measures",IF(COUNTIF(wide_protocolSteps!C:C,INDIRECT("maps!F$"&ROW()))>0,"protocolSteps",IF(COUNTIF(wide_repositories!C:C,INDIRECT("maps!F$"&ROW()))>0,"repositories",IF(COUNTIF(wide_protocols!C:C,INDIRECT("maps!F$"&ROW()))>0,"protocols",""))))} -> measures | I9: wide_value
A10: 9 | B10: TRUE | C10: =IF(AND(G10="NA",H10<>"wide_value"),TRUE,"") -> TRUE | D10: Bioinformatics and QC metrics | E10: pha4ge | F10: consensus sequence software name | G10: NA | H10: {=IF(COUNTIF(wide_measures!D:D,INDIRECT("maps!F$"&ROW()))>0,"measures",IF(COUNTIF(wide_protocolSteps!C:C,INDIRECT("maps!F$"&ROW()))>0,"protocolSteps",IF(COUNTIF(wide_repositories!C:C,INDIRECT("maps!F$"&ROW()))>0,"repositories",IF(COUNTIF(wide_protocols!C:C,INDIRECT("maps!F$"&ROW()))>0,"protocols",""))))} -> protocolSteps | I10: wide_value | N10: link to sequencing measures | O10: See notes
A11: 10 | B11: TRUE | C11: =IF(AND(G11="NA",H11<>"wide_value"),TRUE,"") -> TRUE | D11: Bioinformatics and QC metrics | E11: pha4ge | F11: consensus sequence software version | G11: NA | H11: protocolSteps | J11: stepVer | K11: {{consensus sequence software version}} | N11: link to consensus sequence software name - this is a tentative mapping.
A12: 11 | B12: TRUE | C12: =IF(AND(G12="NA",H12<>"wide_value"),TRUE,"") -> TRUE | D12: Bioinformatics and QC metrics | E12: pha4ge | F12: deduplication method | G12: NA | H12: {=IF(COUNTIF(wide_measures!D:D,INDIRECT("maps!F$"&ROW()))>0,"measures",IF(COUNTIF(wide_protocolSteps!C:C,INDIRECT("maps!F$"&ROW()))>0,"protocolSteps",IF(COUNTIF(wide_repositories!C:C,INDIRECT("maps!F$"&ROW()))>0,"repositories",IF(COUNTIF(wide_protocols!C:C,INDIRECT("maps!F$"&ROW()))>0,"protocols",""))))} -> protocolSteps | I12: wide_value | N12: link to sequencing measures - may need to figure out a standard way to string these tegother under a protocolID via relationships | O12: See notes
A13: 12 | B13: TRUE | C13: =IF(AND(G13="NA",H13<>"wide_value"),TRUE,"") -> TRUE | D13: Bioinformatics and QC metrics | E13: pha4ge | F13: dehosting method | G13: NA | H13: {=IF(COUNTIF(wide_measures!D:D,INDIRECT("maps!F$"&ROW()))>0,"measures",IF(COUNTIF(wide_protocolSteps!C:C,INDIRECT("maps!F$"&ROW()))>0,"protocolSteps",IF(COUNTIF(wide_repositories!C:C,INDIRECT("maps!F$"&ROW()))>0,"repositories",IF(COUNTIF(wide_protocols!C:C,INDIRECT("maps!F$"&ROW()))>0,"protocols",""))))} -> protocolSteps | I13: wide_value | N13: link to sequencing measures - may need to figure out a standard way to string these tegother under a protocolID via relationships | O13: See notes
A14: 13 | B14: TRUE | C14: =IF(AND(G14="NA",H14<>"wide_value"),TRUE,"") -> TRUE | D14: Bioinformatics and QC metrics | E14: pha4ge | F14: depth of coverage threshold | G14: NA | H14: {=IF(COUNTIF(wide_measures!D:D,INDIRECT("maps!F$"&ROW()))>0,"measures",IF(COUNTIF(wide_protocolSteps!C:C,INDIRECT("maps!F$"&ROW()))>0,"protocolSteps",IF(COUNTIF(wide_repositories!C:C,INDIRECT("maps!F$"&ROW()))>0,"repositories",IF(COUNTIF(wide_protocols!C:C,INDIRECT("maps!F$"&ROW()))>0,"protocols",""))))} -> measures | I14: wide_value
A15: 14 | B15: TRUE | C15: =IF(AND(G15="NA",H15<>"wide_value"),TRUE,"") -> TRUE | D15: Bioinformatics and QC metrics | E15: pha4ge | F15: depth of coverage value | G15: NA | H15: {=IF(COUNTIF(wide_measures!D:D,INDIRECT("maps!F$"&ROW()))>0,"measures",IF(COUNTIF(wide_protocolSteps!C:C,INDIRECT("maps!F$"&ROW()))>0,"protocolSteps",IF(COUNTIF(wide_repositories!C:C,INDIRECT("maps!F$"&ROW()))>0,"repositories",IF(COUNTIF(wide_protocols!C:C,INDIRECT("maps!F$"&ROW()))>0,"protocols",""))))} -> measures | I15: wide_value | N15: May need to link with separately stored units? | O15: See notes
A16: 15 | B16: TRUE | C16: =IF(AND(G16="NA",H16<>"wide_value"),TRUE,"") -> TRUE | D16: Bioinformatics and QC metrics | E16: pha4ge | F16: genome completeness | G16: NA | H16: {=IF(COUNTIF(wide_measures!D:D,INDIRECT("maps!F$"&ROW()))>0,"measures",IF(COUNTIF(wide_protocolSteps!C:C,INDIRECT("maps!F$"&ROW()))>0,"protocolSteps",IF(COUNTIF(wide_repositories!C:C,INDIRECT("maps!F$"&ROW()))>0,"repositories",IF(COUNTIF(wide_protocols!C:C,INDIRECT("maps!F$"&ROW()))>0,"protocols",""))))} -> measures | I16: wide_value
A17: 16 | B17: TRUE | C17: =IF(AND(G17="NA",H17<>"wide_value"),TRUE,"") -> TRUE | D17: Bioinformatics and QC metrics | E17: pha4ge | F17: minimum post-trimming read length | G17: NA | H17: {=IF(COUNTIF(wide_measures!D:D,INDIRECT("maps!F$"&ROW()))>0,"measures",IF(COUNTIF(wide_protocolSteps!C:C,INDIRECT("maps!F$"&ROW()))>0,"protocolSteps",IF(COUNTIF(wide_repositories!C:C,INDIRECT("maps!F$"&ROW()))>0,"repositories",IF(COUNTIF(wide_protocols!C:C,INDIRECT("maps!F$"&ROW()))>0,"protocols",""))))} -> measures | I17: wide_value
A18: 17 | B18: TRUE | C18: =IF(AND(G18="NA",H18<>"wide_value"),TRUE,"") -> TRUE | D18: Bioinformatics and QC metrics | E18: pha4ge | F18: N50 | G18: NA | H18: {=IF(COUNTIF(wide_measures!D:D,INDIRECT("maps!F$"&ROW()))>0,"measures",IF(COUNTIF(wide_protocolSteps!C:C,INDIRECT("maps!F$"&ROW()))>0,"protocolSteps",IF(COUNTIF(wide_repositories!C:C,INDIRECT("maps!F$"&ROW()))>0,"repositories",IF(COUNTIF(wide_protocols!C:C,INDIRECT("maps!F$"&ROW()))>0,"protocols",""))))} -> measures | I18: wide_value
A19: 18 | B19: TRUE | C19: =IF(AND(G19="NA",H19<>"wide_value"),TRUE,"") -> TRUE | D19: Bioinformatics and QC metrics | E19: pha4ge | F19: Ns per 100 kbp | G19: NA | H19: {=IF(COUNTIF(wide_measures!D:D,INDIRECT("maps!F$"&ROW()))>0,"measures",IF(COUNTIF(wide_protocolSteps!C:C,INDIRECT("maps!F$"&ROW()))>0,"protocolSteps",IF(COUNTIF(wide_repositories!C:C,INDIRECT("maps!F$"&ROW()))>0,"repositories",IF(COUNTIF(wide_protocols!C:C,INDIRECT("maps!F$"&ROW()))>0,"protocols",""))))} -> measures | I19: wide_value
A20: 19 | B20: TRUE | C20: =IF(AND(G20="NA",H20<>"wide_value"),TRUE,"") -> TRUE | D20: Bioinformatics and QC metrics | E20: pha4ge | F20: number of base pairs sequenced | G20: NA | H20: {=IF(COUNTIF(wide_measures!D:D,INDIRECT("maps!F$"&ROW()))>0,"measures",IF(COUNTIF(wide_protocolSteps!C:C,INDIRECT("maps!F$"&ROW()))>0,"protocolSteps",IF(COUNTIF(wide_repositories!C:C,INDIRECT("maps!F$"&ROW()))>0,"repositories",IF(COUNTIF(wide_protocols!C:C,INDIRECT("maps!F$"&ROW()))>0,"protocols",""))))} -> measures | I20: wide_value
A21: 20 | B21: TRUE | C21: =IF(AND(G21="NA",H21<>"wide_value"),TRUE,"") -> TRUE | D21: Bioinformatics and QC metrics | E21: pha4ge | F21: number of contigs | G21: NA | H21: {=IF(COUNTIF(wide_measures!D:D,INDIRECT("maps!F$"&ROW()))>0,"measures",IF(COUNTIF(wide_protocolSteps!C:C,INDIRECT("maps!F$"&ROW()))>0,"protocolSteps",IF(COUNTIF(wide_repositories!C:C,INDIRECT("maps!F$"&ROW()))>0,"repositories",IF(COUNTIF(wide_protocols!C:C,INDIRECT("maps!F$"&ROW()))>0,"protocols",""))))} -> measures | I21: wide_value
A22: 21 | B22: TRUE | C22: =IF(AND(G22="NA",H22<>"wide_value"),TRUE,"") -> TRUE | D22: Bioinformatics and QC metrics | E22: pha4ge | F22: number of total reads | G22: NA | H22: {=IF(COUNTIF(wide_measures!D:D,INDIRECT("maps!F$"&ROW()))>0,"measures",IF(COUNTIF(wide_protocolSteps!C:C,INDIRECT("maps!F$"&ROW()))>0,"protocolSteps",IF(COUNTIF(wide_repositories!C:C,INDIRECT("maps!F$"&ROW()))>0,"repositories",IF(COUNTIF(wide_protocols!C:C,INDIRECT("maps!F$"&ROW()))>0,"protocols",""))))} -> measures | I22: wide_value
A23: 22 | B23: TRUE | C23: =IF(AND(G23="NA",H23<>"wide_value"),TRUE,"") -> TRUE | D23: Bioinformatics and QC metrics | E23: pha4ge | F23: number of unique reads | G23: NA | H23: {=IF(COUNTIF(wide_measures!D:D,INDIRECT("maps!F$"&ROW()))>0,"measures",IF(COUNTIF(wide_protocolSteps!C:C,INDIRECT("maps!F$"&ROW()))>0,"protocolSteps",IF(COUNTIF(wide_repositories!C:C,INDIRECT("maps!F$"&ROW()))>0,"repositories",IF(COUNTIF(wide_protocols!C:C,INDIRECT("maps!F$"&ROW()))>0,"protocols",""))))} -> measures | I23: wide_value
A24: 23 | B24: TRUE | C24: =IF(AND(G24="NA",H24<>"wide_value"),TRUE,"") -> TRUE | D24: Bioinformatics and QC metrics | E24: pha4ge | F24: percent Ns across total genome length | G24: NA | H24: {=IF(COUNTIF(wide_measures!D:D,INDIRECT("maps!F$"&ROW()))>0,"measures",IF(COUNTIF(wide_protocolSteps!C:C,INDIRECT("maps!F$"&ROW()))>0,"protocolSteps",IF(COUNTIF(wide_repositories!C:C,INDIRECT("maps!F$"&ROW()))>0,"repositories",IF(COUNTIF(wide_protocols!C:C,INDIRECT("maps!F$"&ROW()))>0,"protocols",""))))} -> measures | I24: wide_value
A25: 24 | B25: TRUE | C25: =IF(AND(G25="NA",H25<>"wide_value"),TRUE,"") -> TRUE | D25: Bioinformatics and QC metrics | E25: pha4ge | F25: percent read contamination | G25: NA | H25: {=IF(COUNTIF(wide_measures!D:D,INDIRECT("maps!F$"&ROW()))>0,"measures",IF(COUNTIF(wide_protocolSteps!C:C,INDIRECT("maps!F$"&ROW()))>0,"protocolSteps",IF(COUNTIF(wide_repositories!C:C,INDIRECT("maps!F$"&ROW()))>0,"repositories",IF(COUNTIF(wide_protocols!C:C,INDIRECT("maps!F$"&ROW()))>0,"protocols",""))))} -> measures | I25: wide_value
A26: 25 | C26: =IF(AND(G26="NA",H26<>"wide_value"),TRUE,"") -> TRUE | D26: Bioinformatics and QC metrics | E26: pha4ge | F26: quality control details | G26: NA | H26: qualityReports | J26: notes | K26: {{quality control details}} | N26: Need linkage to the measureRepID for the sequencing, generate qulaityIDs. | O26: See notes
A27: 26 | C27: =IF(AND(G27="NA",H27<>"wide_value"),TRUE,"") | D27: Bioinformatics and QC metrics | E27: pha4ge | F27: quality control determination | G27: no quality control issues identified | H27: qualityReports | J27: qualityFlag | K27: noConcern | N27: Need linkage to the measureRepID for the sequencing, generate qulaityIDs. | O27: See notes
A28: 27 | C28: =IF(AND(G28="NA",H28<>"wide_value"),TRUE,"") | D28: Bioinformatics and QC metrics | E28: pha4ge | F28: quality control determination | G28: sequence passed quality control | H28: measures | J28: reportable | K28: TRUE | N28: report with sequencing measure | O28: See notes
A29: 28 | C29: =IF(AND(G29="NA",H29<>"wide_value"),TRUE,"") | D29: Bioinformatics and QC metrics | E29: pha4ge | F29: quality control determination | G29: sequence failed quality control | H29: measures | J29: reportable | K29: FALSE | N29: report with sequencing measure | O29: See notes
A30: 29 | C30: =IF(AND(G30="NA",H30<>"wide_value"),TRUE,"") | D30: Bioinformatics and QC metrics | E30: pha4ge | F30: quality control determination | G30: minor quality control issues identified | H30: measures | J30: reportable | K30: TRUE | N30: Generate a quality report with the the quality flag "qf1" to accompany this report, and then report both with the sequencing measure | O30: See notes
A31: 30 | C31: =IF(AND(G31="NA",H31<>"wide_value"),TRUE,"") | D31: Bioinformatics and QC metrics | E31: pha4ge | F31: quality control determination | G31: sequence flagged for potential quality control issues | H31: measures | J31: reportable | K31: TRUE | N31: Generate a quality report with the the quality flag "qf1" to accompany this report, and then report both with the sequencing measure | O31: See notes
A32: 31 | C32: =IF(AND(G32="NA",H32<>"wide_value"),TRUE,"") | D32: Bioinformatics and QC metrics | E32: pha4ge | F32: quality control determination | G32: quality control not performed | H32: measures | J32: reportable | K32: nr | N32: report with sequencing measure | O32: See notes
A33: 32 | C33: =IF(AND(G33="NA",H33<>"wide_value"),TRUE,"") | D33: Bioinformatics and QC metrics | E33: pha4ge | F33: quality control issues | G33: low quality sequence | H33: qualityReports | J33: qualityFlag | K33: lowQualSeq | N33: Need linkage to the measureRepID for the sequencing, generate qulaityIDs. | O33: See notes
A34: 33 | C34: =IF(AND(G34="NA",H34<>"wide_value"),TRUE,"") | D34: Bioinformatics and QC metrics | E34: pha4ge | F34: quality control issues | G34: sequence contaminated | H34: qualityReports | J34: qualityFlag | K34: seqContam | N34: Need linkage to the measureRepID for the sequencing, generate qulaityIDs. | O34: See notes
A35: 34 | C35: =IF(AND(G35="NA",H35<>"wide_value"),TRUE,"") | D35: Bioinformatics and QC metrics | E35: pha4ge | F35: quality control issues | G35: low average genome coverage | H35: qualityReports | J35: qualityFlag | K35: lAGC | N35: Need linkage to the measureRepID for the sequencing, generate qulaityIDs. | O35: See notes
A36: 35 | C36: =IF(AND(G36="NA",H36<>"wide_value"),TRUE,"") | D36: Bioinformatics and QC metrics | E36: pha4ge | F36: quality control issues | G36: low percent genome captured | H36: qualityReports | J36: qualityFlag | K36: lPGC | N36: Need linkage to the measureRepID for the sequencing, generate qulaityIDs. | O36: See notes
A37: 36 | C37: =IF(AND(G37="NA",H37<>"wide_value"),TRUE,"") | D37: Bioinformatics and QC metrics | E37: pha4ge | F37: quality control issues | G37: read lengths shorter than expected | H37: qualityReports | J37: qualityFlag | K37: shortRead | N37: Need linkage to the measureRepID for the sequencing, generate qulaityIDs. | O37: See notes
A38: 37 | C38: =IF(AND(G38="NA",H38<>"wide_value"),TRUE,"") | D38: Bioinformatics and QC metrics | E38: pha4ge | F38: quality control issues | G38: sequence amplification artifacts | H38: qualityReports | J38: qualityFlag | K38: ampliArtifact | N38: Need linkage to the measureRepID for the sequencing, generate qulaityIDs. | O38: See notes
A39: 38 | C39: =IF(AND(G39="NA",H39<>"wide_value"),TRUE,"") | D39: Bioinformatics and QC metrics | E39: pha4ge | F39: quality control issues | G39: low signal to noise ratio | H39: qualityReports | J39: qualityFlag | K39: lowSNRatio | N39: Need linkage to the measureRepID for the sequencing, generate qulaityIDs. | O39: See notes
A40: 39 | C40: =IF(AND(G40="NA",H40<>"wide_value"),TRUE,"") | D40: Bioinformatics and QC metrics | E40: pha4ge | F40: quality control issues | G40: low coverage of characteristic mutations | H40: qualityReports | J40: qualityFlag | K40: lowCovMut | N40: Need linkage to the measureRepID for the sequencing, generate qulaityIDs. | O40: See notes
A41: 40 | C41: =IF(AND(G41="NA",H41<>"wide_value"),TRUE,"") -> TRUE | D41: Bioinformatics and QC metrics | E41: pha4ge | F41: quality control method name | G41: NA | H41: {=IF(COUNTIF(wide_measures!D:D,INDIRECT("maps!F$"&ROW()))>0,"measures",IF(COUNTIF(wide_protocolSteps!C:C,INDIRECT("maps!F$"&ROW()))>0,"protocolSteps",IF(COUNTIF(wide_repositories!C:C,INDIRECT("maps!F$"&ROW()))>0,"repositories",IF(COUNTIF(wide_protocols!C:C,INDIRECT("maps!F$"&ROW()))>0,"protocols",""))))} -> protocols | I41: wide_value | N41: link to quality control method version - this is a tentative mapping. | O41: See wide_protocols
A42: 41 | D42: Bioinformatics and QC metrics | E42: pha4ge | F42: quality control method version | G42: NA | H42: protocols | J42: protocolVersion | K42: {{quality control method version}} | N42: Need to link with the quality control protocol entry (entry for {{quality control method name}}) | O42: See wide_protocols
A43: 42 | C43: =IF(AND(G43="NA",H43<>"wide_value"),TRUE,"") -> TRUE | D43: Bioinformatics and QC metrics | E43: pha4ge | F43: raw sequence data processing method | G43: NA | H43: {=IF(COUNTIF(wide_measures!D:D,INDIRECT("maps!F$"&ROW()))>0,"measures",IF(COUNTIF(wide_protocolSteps!C:C,INDIRECT("maps!F$"&ROW()))>0,"protocolSteps",IF(COUNTIF(wide_repositories!C:C,INDIRECT("maps!F$"&ROW()))>0,"repositories",IF(COUNTIF(wide_protocols!C:C,INDIRECT("maps!F$"&ROW()))>0,"protocols",""))))} -> protocolSteps | I43: wide_value | N43: the version will need to be cleaved off and stored in protocolSteps_stepVer | O43: See notes
A44: 43 | C44: =IF(AND(G44="NA",H44<>"wide_value"),TRUE,"") -> TRUE | D44: Bioinformatics and QC metrics | E44: pha4ge | F44: reference genome accession | G44: NA | H44: accessions | J44: accessNum | K44: {{reference genome accession}} | N44: May need to figure out a way to discern the host repository….. I think it links to the {{taxonomic reference database name}} field. | O44: See notes. No accessions table
A45: 44 | B45: TRUE | C45: =IF(AND(G45="NA",H45<>"wide_value"),TRUE,"") -> TRUE | D45: Bioinformatics and QC metrics | E45: pha4ge | F45: sequence assembly length | G45: NA | H45: {=IF(COUNTIF(wide_measures!D:D,INDIRECT("maps!F$"&ROW()))>0,"measures",IF(COUNTIF(wide_protocolSteps!C:C,INDIRECT("maps!F$"&ROW()))>0,"protocolSteps",IF(COUNTIF(wide_repositories!C:C,INDIRECT("maps!F$"&ROW()))>0,"repositories",IF(COUNTIF(wide_protocols!C:C,INDIRECT("maps!F$"&ROW()))>0,"protocols",""))))} -> measures | I45: wide_value
A46: 45 | B46: TRUE | C46: =IF(AND(G46="NA",H46<>"wide_value"),TRUE,"") -> TRUE | D46: Bioinformatics and QC metrics | E46: pha4ge | F46: sequence assembly software name | G46: NA | H46: {=IF(COUNTIF(wide_measures!D:D,INDIRECT("maps!F$"&ROW()))>0,"measures",IF(COUNTIF(wide_protocolSteps!C:C,INDIRECT("maps!F$"&ROW()))>0,"protocolSteps",IF(COUNTIF(wide_repositories!C:C,INDIRECT("maps!F$"&ROW()))>0,"repositories",IF(COUNTIF(wide_protocols!C:C,INDIRECT("maps!F$"&ROW()))>0,"protocols",""))))} -> protocolSteps | I46: wide_value | N46: link with sequence assembly software version
A47: 46 | B47: TRUE | C47: =IF(AND(G47="NA",H47<>"wide_value"),TRUE,"") -> TRUE | D47: Bioinformatics and QC metrics | E47: pha4ge | F47: sequence assembly software version | G47: NA | H47: protocolSteps | J47: stepVer | K47: {{sequence assembly software version}} | N47: link to sequence assembly software name - this is a tentative mapping.
A48: 47 | B48: TRUE | C48: =IF(AND(G48="NA",H48<>"wide_value"),TRUE,"") -> TRUE | D48: Contributor acknowledgement | E48: pha4ge | F48: authors | G48: NA | H48: datasets | J48: name | K48: {{authors}} | N48: May need to shift the mapping depending on the kinds of values received here… tbd | O48: See notes
A49: 48 | B49: TRUE | C49: =IF(AND(G49="NA",H49<>"wide_value"),TRUE,"") -> TRUE | D49: Database identifiers | E49: pha4ge | F49: BioProject accession | G49: NA | H49: {=IF(COUNTIF(wide_measures!D:D,INDIRECT("maps!F$"&ROW()))>0,"measures",IF(COUNTIF(wide_protocolSteps!C:C,INDIRECT("maps!F$"&ROW()))>0,"protocolSteps",IF(COUNTIF(wide_repositories!C:C,INDIRECT("maps!F$"&ROW()))>0,"repositories",IF(COUNTIF(wide_protocols!C:C,INDIRECT("maps!F$"&ROW()))>0,"protocols",""))))} -> repositories | I49: wide_value
A50: 49 | B50: TRUE | C50: =IF(AND(G50="NA",H50<>"wide_value"),TRUE,"") -> TRUE | D50: Database identifiers | E50: pha4ge | F50: BioSample accession | G50: NA | H50: {=IF(COUNTIF(wide_measures!D:D,INDIRECT("maps!F$"&ROW()))>0,"measures",IF(COUNTIF(wide_protocolSteps!C:C,INDIRECT("maps!F$"&ROW()))>0,"protocolSteps",IF(COUNTIF(wide_repositories!C:C,INDIRECT("maps!F$"&ROW()))>0,"repositories",IF(COUNTIF(wide_protocols!C:C,INDIRECT("maps!F$"&ROW()))>0,"protocols",""))))} -> repositories | I50: wide_value
A51: 50 | B51: TRUE | C51: =IF(AND(G51="NA",H51<>"wide_value"),TRUE,"") -> TRUE | D51: Database identifiers | E51: pha4ge | F51: DDBJ accession | G51: NA | H51: {=IF(COUNTIF(wide_measures!D:D,INDIRECT("maps!F$"&ROW()))>0,"measures",IF(COUNTIF(wide_protocolSteps!C:C,INDIRECT("maps!F$"&ROW()))>0,"protocolSteps",IF(COUNTIF(wide_repositories!C:C,INDIRECT("maps!F$"&ROW()))>0,"repositories",IF(COUNTIF(wide_protocols!C:C,INDIRECT("maps!F$"&ROW()))>0,"protocols",""))))} -> repositories | I51: wide_value
A52: 51 | B52: TRUE | C52: =IF(AND(G52="NA",H52<>"wide_value"),TRUE,"") -> TRUE | D52: Database identifiers | E52: pha4ge | F52: DRA accession | G52: NA | H52: {=IF(COUNTIF(wide_measures!D:D,INDIRECT("maps!F$"&ROW()))>0,"measures",IF(COUNTIF(wide_protocolSteps!C:C,INDIRECT("maps!F$"&ROW()))>0,"protocolSteps",IF(COUNTIF(wide_repositories!C:C,INDIRECT("maps!F$"&ROW()))>0,"repositories",IF(COUNTIF(wide_protocols!C:C,INDIRECT("maps!F$"&ROW()))>0,"protocols",""))))} -> repositories | I52: wide_value
A53: 52 | B53: TRUE | C53: =IF(AND(G53="NA",H53<>"wide_value"),TRUE,"") -> TRUE | D53: Database identifiers | E53: pha4ge | F53: ENA accession | G53: NA | H53: {=IF(COUNTIF(wide_measures!D:D,INDIRECT("maps!F$"&ROW()))>0,"measures",IF(COUNTIF(wide_protocolSteps!C:C,INDIRECT("maps!F$"&ROW()))>0,"protocolSteps",IF(COUNTIF(wide_repositories!C:C,INDIRECT("maps!F$"&ROW()))>0,"repositories",IF(COUNTIF(wide_protocols!C:C,INDIRECT("maps!F$"&ROW()))>0,"protocols",""))))} -> repositories | I53: wide_value
A54: 53 | B54: TRUE | C54: =IF(AND(G54="NA",H54<>"wide_value"),TRUE,"") -> TRUE | D54: Database identifiers | E54: pha4ge | F54: Enterobase accession | G54: NA | H54: {=IF(COUNTIF(wide_measures!D:D,INDIRECT("maps!F$"&ROW()))>0,"measures",IF(COUNTIF(wide_protocolSteps!C:C,INDIRECT("maps!F$"&ROW()))>0,"protocolSteps",IF(COUNTIF(wide_repositories!C:C,INDIRECT("maps!F$"&ROW()))>0,"repositories",IF(COUNTIF(wide_protocols!C:C,INDIRECT("maps!F$"&ROW()))>0,"protocols",""))))} -> repositories | I54: wide_value
A55: 54 | B55: TRUE | C55: =IF(AND(G55="NA",H55<>"wide_value"),TRUE,"") -> TRUE | D55: Database identifiers | E55: pha4ge | F55: GenBank accession (versioned) | G55: NA | H55: {=IF(COUNTIF(wide_measures!D:D,INDIRECT("maps!F$"&ROW()))>0,"measures",IF(COUNTIF(wide_protocolSteps!C:C,INDIRECT("maps!F$"&ROW()))>0,"protocolSteps",IF(COUNTIF(wide_repositories!C:C,INDIRECT("maps!F$"&ROW()))>0,"repositories",IF(COUNTIF(wide_protocols!C:C,INDIRECT("maps!F$"&ROW()))>0,"protocols",""))))} -> repositories | I55: wide_value
A56: 55 | B56: TRUE | C56: =IF(AND(G56="NA",H56<>"wide_value"),TRUE,"") -> TRUE | D56: Database identifiers | E56: pha4ge | F56: GISAID accession | G56: NA | H56: {=IF(COUNTIF(wide_measures!D:D,INDIRECT("maps!F$"&ROW()))>0,"measures",IF(COUNTIF(wide_protocolSteps!C:C,INDIRECT("maps!F$"&ROW()))>0,"protocolSteps",IF(COUNTIF(wide_repositories!C:C,INDIRECT("maps!F$"&ROW()))>0,"repositories",IF(COUNTIF(wide_protocols!C:C,INDIRECT("maps!F$"&ROW()))>0,"protocols",""))))} -> repositories | I56: wide_value
A57: 56 | B57: TRUE | C57: =IF(AND(G57="NA",H57<>"wide_value"),TRUE,"") -> TRUE | D57: Database identifiers | E57: pha4ge | F57: GISAID virus name | G57: NA | H57: repositories | J57: notes | K57: {{GISAID virus name}} | N57: map to notes, match with GISAID entry
A58: 57 | B58: TRUE | C58: =IF(AND(G58="NA",H58<>"wide_value"),TRUE,"") -> TRUE | D58: Database identifiers | E58: pha4ge | F58: GSA accession | G58: NA | H58: {=IF(COUNTIF(wide_measures!D:D,INDIRECT("maps!F$"&ROW()))>0,"measures",IF(COUNTIF(wide_protocolSteps!C:C,INDIRECT("maps!F$"&ROW()))>0,"protocolSteps",IF(COUNTIF(wide_repositories!C:C,INDIRECT("maps!F$"&ROW()))>0,"repositories",IF(COUNTIF(wide_protocols!C:C,INDIRECT("maps!F$"&ROW()))>0,"protocols",""))))} -> repositories | I58: wide_value
A59: 58 | B59: TRUE | C59: =IF(AND(G59="NA",H59<>"wide_value"),TRUE,"") -> TRUE | D59: Database identifiers | E59: pha4ge | F59: metagenome-assembled genome (MAG) ID | G59: NA | H59: {=IF(COUNTIF(wide_measures!D:D,INDIRECT("maps!F$"&ROW()))>0,"measures",IF(COUNTIF(wide_protocolSteps!C:C,INDIRECT("maps!F$"&ROW()))>0,"protocolSteps",IF(COUNTIF(wide_repositories!C:C,INDIRECT("maps!F$"&ROW()))>0,"repositories",IF(COUNTIF(wide_protocols!C:C,INDIRECT("maps!F$"&ROW()))>0,"protocols",""))))} -> repositories | I59: wide_value
A60: 59 | C60: =IF(AND(G60="NA",H60<>"wide_value"),TRUE,"") -> TRUE | D60: Database identifiers | E60: pha4ge | F60: pooled sample ID | G60: NA | H60: samples | J60: sampleID | K60: {{pooled sample ID}} | N60: also populate 'pooled' with 'TRUE'; need to be linked to original sample ID through the relationships table with a "child" relationship (this pooled sample is child). | O60: See notes. Should be in wide table? Which one is the original sampleID?
A61: 60 | C61: =IF(AND(G61="NA",H61<>"wide_value"),TRUE,"") -> TRUE | D61: Database identifiers | E61: pha4ge | F61: sampling event ID | G61: NA | H61: samples | J61: sampleID | K61: {{sampling event ID}} | N61: also populate 'repType' with 'sampleEvent'; need to be linked to original sample ID through the relationships table with a "child" relationship, where the original sample is the "child" of this sample. | O61: See notes. Should be in wide table? Which one is the original sampleID?
A62: 61 | B62: TRUE | C62: =IF(AND(G62="NA",H62<>"wide_value"),TRUE,"") -> TRUE | D62: Database identifiers | E62: pha4ge | F62: sampling site ID | G62: NA | H62: sites | J62: siteID | K62: {{sampling site ID}}
A63: 62 | C63: =IF(AND(G63="NA",H63<>"wide_value"),TRUE,"") -> TRUE | D63: Database identifiers | E63: pha4ge | F63: specimen collector project ID | G63: NA | H63: datasets | J63: datasetID | K63: {{specimen collector project ID}} | N63: may need to instead be mapped to "name' instead - pending. | O63: "isolated by laboratory name" also mapped to datasetID
A64: 63 | C64: =IF(AND(G64="NA",H64<>"wide_value"),TRUE,"") -> TRUE | D64: Database identifiers | E64: pha4ge | F64: specimen collector sample ID | G64: NA | H64: samples | J64: sampleID | K64: {{specimen collector sample ID}} | O64: Should be wide?
A65: 64 | C65: =IF(AND(G65="NA",H65<>"wide_value"),TRUE,"") -> TRUE | D65: Database identifiers | E65: pha4ge | F65: specimen collector subsample ID | G65: NA | H65: samples | J65: sampleID | K65: {{specimen collector subsample ID}} | N65: also populate 'repType' with 'subSamp'; need to be linked to original sample ID through the relationships table with a "child" relationship (this subsample is child). | O65: See notes. Should be in wide table? Which one is the original sampleID?
A66: 65 | B66: TRUE | C66: =IF(AND(G66="NA",H66<>"wide_value"),TRUE,"") -> TRUE | D66: Database identifiers | E66: pha4ge | F66: SRA accession | G66: NA | H66: {=IF(COUNTIF(wide_measures!D:D,INDIRECT("maps!F$"&ROW()))>0,"measures",IF(COUNTIF(wide_protocolSteps!C:C,INDIRECT("maps!F$"&ROW()))>0,"protocolSteps",IF(COUNTIF(wide_repositories!C:C,INDIRECT("maps!F$"&ROW()))>0,"repositories",IF(COUNTIF(wide_protocols!C:C,INDIRECT("maps!F$"&ROW()))>0,"protocols",""))))} -> repositories | I66: wide_value
A67: 66 | B67: TRUE | C67: =IF(AND(G67="NA",H67<>"wide_value"),TRUE,"") -> TRUE | D67: Environmental conditions and measurements | E67: pha4ge | F67: alkalinity measurement method | G67: NA | H67: measures | J67: protocolID | K67: {{alkalinity measurement method}} | L67: In protocols table, include the text (i.e. "alkilinity measurement method") in the notes field. | N67: Note: This may be somewhat problematic of a mapping, since this is a free-text variable in PHA4GE. But I think this will work for now. ALSO, note that these are the same header and such, but need to be linked to the related measure. | O67: See notes2 for protocols table
A68: 67 | B68: TRUE | C68: =IF(AND(G68="NA",H68<>"wide_value"),TRUE,"") | D68: Environmental conditions and measurements | E68: pha4ge | F68: alkalinity measurement unit | G68: milliequivalent per liter (meq/L) | H68: measures | J68: unit | K68: meqL | N68: Link in measures with the actual measure value.
A69: 68 | B69: TRUE | C69: =IF(AND(G69="NA",H69<>"wide_value"),TRUE,"") | D69: Environmental conditions and measurements | E69: pha4ge | F69: alkalinity measurement unit | G69: milligram per liter of calcium carbonate (mg/L CaCO3) | H69: measures | J69: unit | K69: mgLCaCO3 | N69: Link in measures with the actual measure value.
A70: 69 | B70: TRUE | C70: =IF(AND(G70="NA",H70<>"wide_value"),TRUE,"") | D70: Environmental conditions and measurements | E70: pha4ge | F70: alkalinity measurement unit | G70: part per million (ppm) | H70: measures | J70: unit | K70: ppm | N70: Link in measures with the actual measure value.
A71: 70 | B71: TRUE | C71: =IF(AND(G71="NA",H71<>"wide_value"),TRUE,"") -> TRUE | D71: Environmental conditions and measurements | E71: pha4ge | F71: alkalinity measurement value | G71: NA | H71: {=IF(COUNTIF(wide_measures!D:D,INDIRECT("maps!F$"&ROW()))>0,"measures",IF(COUNTIF(wide_protocolSteps!C:C,INDIRECT("maps!F$"&ROW()))>0,"protocolSteps",IF(COUNTIF(wide_repositories!C:C,INDIRECT("maps!F$"&ROW()))>0,"repositories",IF(COUNTIF(wide_protocols!C:C,INDIRECT("maps!F$"&ROW()))>0,"protocols",""))))} -> measures | I71: wide_value
A72: 71 | B72: TRUE | C72: =IF(AND(G72="NA",H72<>"wide_value"),TRUE,"") | D72: Environmental conditions and measurements | E72: pha4ge | F72: ambient temperature measurement unit | G72: degree Fahrenheit (F) | H72: measures | J72: unit | K72: fah | N72: Link in measures with the actual measure value.
A73: 72 | B73: TRUE | C73: =IF(AND(G73="NA",H73<>"wide_value"),TRUE,"") | D73: Environmental conditions and measurements | E73: pha4ge | F73: ambient temperature measurement unit | G73: degree Celsius (C) | H73: measures | J73: unit | K73: cel | N73: Link in measures with the actual measure value.
A74: 73 | B74: TRUE | C74: =IF(AND(G74="NA",H74<>"wide_value"),TRUE,"") -> TRUE | D74: Environmental conditions and measurements | E74: pha4ge | F74: ambient temperature measurement value | G74: NA | H74: {=IF(COUNTIF(wide_measures!D:D,INDIRECT("maps!F$"&ROW()))>0,"measures",IF(COUNTIF(wide_protocolSteps!C:C,INDIRECT("maps!F$"&ROW()))>0,"protocolSteps",IF(COUNTIF(wide_repositories!C:C,INDIRECT("maps!F$"&ROW()))>0,"repositories",IF(COUNTIF(wide_protocols!C:C,INDIRECT("maps!F$"&ROW()))>0,"protocols",""))))} -> measures | I74: wide_value
A75: 74 | B75: TRUE | C75: =IF(AND(G75="NA",H75<>"wide_value"),TRUE,"") -> TRUE | D75: Environmental conditions and measurements | E75: pha4ge | F75: carbonaceous biochemical oxygen demand (CBOD) measurement method | G75: NA | H75: measures | J75: protocolID | K75: {{carbonaceous biochemical oxygen demand (CBOD) measurement method}} | L75: In protocols table, include the text (i.e. "alkilinity measurement method") in the notes field. | N75: Note: This may be somewhat problematic of a mapping, since this is a free-text variable in PHA4GE. But I think this will work for now. ALSO, note that these are the same header and such, but need to be linked to the related measure. | AE75: ER1`G
A76: 75 | B76: TRUE | C76: =IF(AND(G76="NA",H76<>"wide_value"),TRUE,"") | D76: Environmental conditions and measurements | E76: pha4ge | F76: carbonaceous biochemical oxygen demand (CBOD) measurement unit | G76: milligram per liter (mg/L) | H76: measures | J76: unit | K76: mgL | N76: Link in measures with the actual measure value.
A77: 76 | B77: TRUE | C77: =IF(AND(G77="NA",H77<>"wide_value"),TRUE,"") -> TRUE | D77: Environmental conditions and measurements | E77: pha4ge | F77: carbonaceous biochemical oxygen demand (CBOD) measurement value | G77: NA | H77: {=IF(COUNTIF(wide_measures!D:D,INDIRECT("maps!F$"&ROW()))>0,"measures",IF(COUNTIF(wide_protocolSteps!C:C,INDIRECT("maps!F$"&ROW()))>0,"protocolSteps",IF(COUNTIF(wide_repositories!C:C,INDIRECT("maps!F$"&ROW()))>0,"repositories",IF(COUNTIF(wide_protocols!C:C,INDIRECT("maps!F$"&ROW()))>0,"protocols",""))))} -> measures | I77: wide_value
A78: 77 | B78: TRUE | C78: =IF(AND(G78="NA",H78<>"wide_value"),TRUE,"") -> TRUE | D78: Environmental conditions and measurements | E78: pha4ge | F78: chemical oxygen demand (COD) measurement method | G78: NA | H78: measures | J78: protocolID | K78: {{chemical oxygen demand (COD) measurement method}} | L78: In protocols table, include the text (i.e. "alkilinity measurement method") in the notes field. | N78: Note: This may be somewhat problematic of a mapping, since this is a free-text variable in PHA4GE. But I think this will work for now. ALSO, note that these are the same header and such, but need to be linked to the related measure.
A79: 78 | B79: TRUE | C79: =IF(AND(G79="NA",H79<>"wide_value"),TRUE,"") | D79: Environmental conditions and measurements | E79: pha4ge | F79: chemical oxygen demand (COD) measurement unit | G79: milligram per liter (mg/L) | H79: measures | J79: unit | K79: mgL | N79: Link in measures with the actual measure value.
A80: 79 | B80: TRUE | C80: =IF(AND(G80="NA",H80<>"wide_value"),TRUE,"") -> TRUE | D80: Environmental conditions and measurements | E80: pha4ge | F80: chemical oxygen demand (COD) measurement value | G80: NA | H80: {=IF(COUNTIF(wide_measures!D:D,INDIRECT("maps!F$"&ROW()))>0,"measures",IF(COUNTIF(wide_protocolSteps!C:C,INDIRECT("maps!F$"&ROW()))>0,"protocolSteps",IF(COUNTIF(wide_repositories!C:C,INDIRECT("maps!F$"&ROW()))>0,"repositories",IF(COUNTIF(wide_protocols!C:C,INDIRECT("maps!F$"&ROW()))>0,"protocols",""))))} -> measures | I80: wide_value
A81: 80 | B81: TRUE | C81: =IF(AND(G81="NA",H81<>"wide_value"),TRUE,"") -> TRUE | D81: Environmental conditions and measurements | E81: pha4ge | F81: conductivity measurement method | G81: NA | H81: measures | J81: protocolID | K81: {{conductivity measurement method}} | L81: In protocols table, include the text (i.e. "alkilinity measurement method") in the notes field. | N81: Note: This may be somewhat problematic of a mapping, since this is a free-text variable in PHA4GE. But I think this will work for now. ALSO, note that these are the same header and such, but need to be linked to the related measure.
A82: 81 | B82: TRUE | C82: =IF(AND(G82="NA",H82<>"wide_value"),TRUE,"") | D82: Environmental conditions and measurements | E82: pha4ge | F82: conductivity measurement unit | G82: milliSiemen per centimeter (mS/cm) | H82: measures | J82: unit | K82: mScm | N82: Link in measures with the actual measure value.
A83: 82 | B83: TRUE | C83: =IF(AND(G83="NA",H83<>"wide_value"),TRUE,"") | D83: Environmental conditions and measurements | E83: pha4ge | F83: conductivity measurement unit | G83: microSiemen per centimeter (μS/cm) | H83: measures | J83: unit | K83: uSCm | N83: Link in measures with the actual measure value.
A84: 83 | B84: TRUE | C84: =IF(AND(G84="NA",H84<>"wide_value"),TRUE,"") | D84: Environmental conditions and measurements | E84: pha4ge | F84: conductivity measurement unit | G84: Siemen per meter (S/m) | H84: measures | J84: unit | K84: Sm | N84: Link in measures with the actual measure value.
A85: 84 | B85: TRUE | C85: =IF(AND(G85="NA",H85<>"wide_value"),TRUE,"") | D85: Environmental conditions and measurements | E85: pha4ge | F85: conductivity measurement unit | G85: millimho per centimeter (mmho/cm) | H85: measures | J85: unit | K85: mmhocm | N85: Link in measures with the actual measure value.
A86: 85 | B86: TRUE | C86: =IF(AND(G86="NA",H86<>"wide_value"),TRUE,"") | D86: Environmental conditions and measurements | E86: pha4ge | F86: conductivity measurement unit | G86: micromho per centimeter (μmho/cm) | H86: measures | J86: unit | K86: umhocm | N86: Link in measures with the actual measure value.
A87: 86 | B87: TRUE | C87: =IF(AND(G87="NA",H87<>"wide_value"),TRUE,"") -> TRUE | D87: Environmental conditions and measurements | E87: pha4ge | F87: conductivity measurement value | G87: NA | H87: {=IF(COUNTIF(wide_measures!D:D,INDIRECT("maps!F$"&ROW()))>0,"measures",IF(COUNTIF(wide_protocolSteps!C:C,INDIRECT("maps!F$"&ROW()))>0,"protocolSteps",IF(COUNTIF(wide_repositories!C:C,INDIRECT("maps!F$"&ROW()))>0,"repositories",IF(COUNTIF(wide_protocols!C:C,INDIRECT("maps!F$"&ROW()))>0,"protocols",""))))} -> measures | I87: wide_value
A88: 87 | B88: TRUE | C88: =IF(AND(G88="NA",H88<>"wide_value"),TRUE,"") -> TRUE | D88: Environmental conditions and measurements | E88: pha4ge | F88: dissolved oxygen measurement method | G88: NA | H88: measures | J88: protocolID | K88: {{dissolved oxygen measurement method}} | L88: In protocols table, include the text (i.e. "alkilinity measurement method") in the notes field. | N88: Note: This may be somewhat problematic of a mapping, since this is a free-text variable in PHA4GE. But I think this will work for now. ALSO, note that these are the same header and such, but need to be linked to the related measure.
A89: 88 | B89: TRUE | C89: =IF(AND(G89="NA",H89<>"wide_value"),TRUE,"") | D89: Environmental conditions and measurements | E89: pha4ge | F89: dissolved oxygen measurement unit | G89: milligram per liter (mg/L) | H89: measures | J89: unit | K89: mgL | N89: Link in measures with the actual measure value.
A90: 89 | B90: TRUE | C90: =IF(AND(G90="NA",H90<>"wide_value"),TRUE,"") | D90: Environmental conditions and measurements | E90: pha4ge | F90: dissolved oxygen measurement unit | G90: kilogram per cubic meter (kg/m^3) | H90: measures | J90: unit | K90: kgm3 | N90: Link in measures with the actual measure value.
A91: 90 | B91: TRUE | C91: =IF(AND(G91="NA",H91<>"wide_value"),TRUE,"") | D91: Environmental conditions and measurements | E91: pha4ge | F91: dissolved oxygen measurement unit | G91: part per million (ppm) | H91: measures | J91: unit | K91: ppm | N91: Link in measures with the actual measure value.
A92: 91 | B92: TRUE | C92: =IF(AND(G92="NA",H92<>"wide_value"),TRUE,"") -> TRUE | D92: Environmental conditions and measurements | E92: pha4ge | F92: dissolved oxygen measurement value | G92: NA | H92: {=IF(COUNTIF(wide_measures!D:D,INDIRECT("maps!F$"&ROW()))>0,"measures",IF(COUNTIF(wide_protocolSteps!C:C,INDIRECT("maps!F$"&ROW()))>0,"protocolSteps",IF(COUNTIF(wide_repositories!C:C,INDIRECT("maps!F$"&ROW()))>0,"repositories",IF(COUNTIF(wide_protocols!C:C,INDIRECT("maps!F$"&ROW()))>0,"protocols",""))))} -> measures | I92: wide_value
A93: 92 | B93: TRUE | C93: =IF(AND(G93="NA",H93<>"wide_value"),TRUE,"") -> TRUE | D93: Environmental conditions and measurements | E93: pha4ge | F93: fecal coliform count method | G93: NA | H93: measures | J93: protocolID | K93: {{fecal coliform count method}} | L93: In protocols table, include the text (i.e. "alkilinity measurement method") in the notes field. | N93: Note: This may be somewhat problematic of a mapping, since this is a free-text variable in PHA4GE. But I think this will work for now. ALSO, note that these are the same header and such, but need to be linked to the related measure.
A94: 93 | B94: TRUE | C94: =IF(AND(G94="NA",H94<>"wide_value"),TRUE,"") | D94: Environmental conditions and measurements | E94: pha4ge | F94: fecal coliform count unit | G94: colony forming units per milliliter (CFU/mL) | H94: measures | J94: unit | K94: cfumL | N94: Link in measures with the actual measure value.
A95: 94 | B95: TRUE | C95: =IF(AND(G95="NA",H95<>"wide_value"),TRUE,"") | D95: Environmental conditions and measurements | E95: pha4ge | F95: fecal coliform count unit | G95: colony forming units per 100 milliliter (CFU/100 mL) | H95: measures | J95: unit | K95: cfu100 | N95: Link in measures with the actual measure value.
A96: 95 | B96: TRUE | C96: =IF(AND(G96="NA",H96<>"wide_value"),TRUE,"") | D96: Environmental conditions and measurements | E96: pha4ge | F96: fecal coliform count unit | G96: colony forming units per grams total solids (CFU/gTS) | H96: measures | J96: unit | K96: cfugTS | N96: Link in measures with the actual measure value.
A97: 96 | B97: TRUE | C97: =IF(AND(G97="NA",H97<>"wide_value"),TRUE,"") | D97: Environmental conditions and measurements | E97: pha4ge | F97: fecal coliform count unit | G97: most probable number per milliliter (MPN/mL) | H97: measures | J97: unit | K97: mpnmL | N97: Link in measures with the actual measure value.
A98: 97 | B98: TRUE | C98: =IF(AND(G98="NA",H98<>"wide_value"),TRUE,"") | D98: Environmental conditions and measurements | E98: pha4ge | F98: fecal coliform count unit | G98: most probable number per 100 milliliter (MPN/100 mL) | H98: measures | J98: unit | K98: mpn100mL | N98: Link in measures with the actual measure value.
A99: 98 | B99: TRUE | C99: =IF(AND(G99="NA",H99<>"wide_value"),TRUE,"") | D99: Environmental conditions and measurements | E99: pha4ge | F99: fecal coliform count unit | G99: log10 gene copies per 100 milliliter (log10 GC/100 mL) | H99: measures | J99: unit | K99: log10gc100mL | N99: Link in measures with the actual measure value.
A100: 99 | B100: TRUE | C100: =IF(AND(G100="NA",H100<>"wide_value"),TRUE,"") | D100: Environmental conditions and measurements | E100: pha4ge | F100: fecal coliform count unit | G100: gene copies per liter (GC/L) | H100: measures | J100: unit | K100: gcL | N100: Link in measures with the actual measure value.
...

Sheet maps_OTHER
A1: IndexNum | B1: Martin Complete | C1: Complete | D1: PHA4GE_table | E1: sourceClass | F1: sourceSlot | G1: sourceValue | H1: targetClass | I1: wide? | J1: targetSlot | K1: targetValue | L1: notes2 | M1: customData | N1: notes | O1: Martin notes
A2: 216 | B2: TRUE | D2: Environmental conditions and measurements | E2: pha4ge | F2: water catchment human population measurement method | I2: wide_value
A3: 229 | B3: TRUE | D3: NA | E3: pha4ge | F3: null values | G3: Not Applicable | H3: NA | J3: NA | K3: NA | N3: both values map to the NA value as it's used in ODM.
A4: 230 | B4: TRUE | D4: NA | E4: pha4ge | F4: null values | G4: Not Collected | H4: NA | J4: NA | K4: NA | N4: both values map to the NA value as it's used in ODM.
A5: 231 | B5: TRUE | D5: NA | E5: pha4ge | F5: null values | G5: Not Provided | H5: NA | J5: NA | K5: undisc
A6: 232 | B6: TRUE | D6: NA | E6: pha4ge | F6: null values | G6: Missing | H6: NA | J6: NA | K6: nr
A7: 233 | B7: TRUE | D7: NA | E7: pha4ge | F7: null values | G7: Restricted Access | H7: NA | J7: NA | K7: restrict
A8: 676 | D8: Sample collection and processing | E8: pha4ge | F8: specimen processing | G8: Pooling specimens | H8: [caputured under {{database identifiers - pooled sample ID}}] | N8: [caputured under {{database identifiers - pooled sample ID}}] | O8: Not sure about notes

Sheet maps_sites
A1: IndexNum | B1: Martin Complete | C1: Complete | D1: PHA4GE_table | E1: sourceClass | F1: sourceSlot | G1: sourceValue | H1: targetClass | I1: wide? | J1: targetSlot | K1: targetValue | L1: notes2 | M1: customData | N1: notes | O1: Martin notes
A2: 61 | B2: TRUE | C2: TRUE | D2: Database identifiers | E2: pha4ge | F2: sampling site ID | G2: NA | H2: sites | J2: siteID | K2: {{sampling site ID}}
A3: 287 | B3: TRUE | D3: Sample collection and processing | E3: pha4ge | F3: environmental site | G3: Correctional facility | H3: sites | J3: sampleShed | K3: sampleShed:corFcil | O3: Maps to different slot based on sourceValue of enumeration
A4: 288 | B4: TRUE | D4: Sample collection and processing | E4: pha4ge | F4: environmental site | G4: Healthcare facility | H4: sites | J4: sampleShed | K4: sampleShed:hcf | O4: Maps to different slot based on sourceValue of enumeration
A5: 289 | B5: TRUE | D5: Sample collection and processing | E5: pha4ge | F5: environmental site | G5: Hospital | H5: sites | J5: sampleShed | K5: sampleShed:hosptl | O5: Maps to different slot based on sourceValue of enumeration
A6: 290 | B6: TRUE | D6: Sample collection and processing | E6: pha4ge | F6: environmental site | G6: Clinic | H6: sites | J6: sampleShed | K6: sampleShed:clinic | O6: Maps to different slot based on sourceValue of enumeration
A7: 291 | B7: TRUE | D7: Sample collection and processing | E7: pha4ge | F7: environmental site | G7: Educational facility | H7: sites | J7: sampleShed | K7: sampleShed:edFac | O7: Maps to different slot based on sourceValue of enumeration
A8: 292 | B8: TRUE | D8: Sample collection and processing | E8: pha4ge | F8: environmental site | G8: Daycare facility | H8: sites | J8: sampleShed | K8: sampleShed:cdc | O8: Maps to different slot based on sourceValue of enumeration
A9: 293 | B9: TRUE | D9: Sample collection and processing | E9: pha4ge | F9: environmental site | G9: School | H9: sites | J9: sampleShed | K9: sampleShed:school | O9: Maps to different slot based on sourceValue of enumeration
A10: 294 | B10: TRUE | D10: Sample collection and processing | E10: pha4ge | F10: environmental site | G10: College or university | H10: sites | J10: sampleShed | K10: sampleShed:uCampus | O10: Maps to different slot based on sourceValue of enumeration
A11: 295 | B11: TRUE | D11: Sample collection and processing | E11: pha4ge | F11: environmental site | G11: Residential building | H11: sites | J11: sampleShed | K11: sampleShed:orb | O11: Maps to different slot based on sourceValue of enumeration
A12: 296 | B12: TRUE | D12: Sample collection and processing | E12: pha4ge | F12: environmental site | G12: Homeless shelter | H12: sites | J12: sampleShed | K12: sampleShed:sss | O12: Maps to different slot based on sourceValue of enumeration
A13: 297 | B13: TRUE | D13: Sample collection and processing | E13: pha4ge | F13: environmental site | G13: Long-term care facility | H13: sites | J13: sampleShed | K13: sampleShed:ltcfAl | O13: Maps to different slot based on sourceValue of enumeration
A14: 298 | B14: TRUE | D14: Sample collection and processing | E14: pha4ge | F14: environmental site | G14: Transport hub | H14: sites | J14: sampleShed | K14: sampleShed:tHub | O14: Maps to different slot based on sourceValue of enumeration
... A38: 322 | B38: TRUE | D38: Sample collection and processing | E38: pha4ge | F38: environmental site | G38: Wastewater treatment plant | H38: sites | J38: siteType | K38: siteType:wwtp | O38: Maps to different slot based on sourceValue of enumeration
A39: 333 | B39: TRUE | C39: TRUE | D39: Sample collection and processing | E39: pha4ge | F39: geo loc latitude | G39: NA | H39: sites | J39: geoLat | K39: {{geo loc latitude}}
A40: 334 | B40: TRUE | C40: TRUE | D40: Sample collection and processing | E40: pha4ge | F40: geo loc longitude | G40: NA | H40: sites | J40: geoLong | K40: {{geo loc longitude}}
A41: 336 | B41: TRUE | C41: TRUE | D41: Sample collection and processing | E41: pha4ge | F41: geo_loc name (site) | G41: NA | H41: sites | J41: name | K41: {{geo_loc name (site)}}
A42: 680 | D42: Sample collection and processing | E42: pha4ge | F42: wastewater system type | G42: Combined sewer system | H42: sites | J42: siteType | K42: wwtpMuC | N42: Need to cross reference with the {{environmental site}} field | O42: "environmental site" maps to same slot (siteType+sampleShed)
A43: 681 | D43: Sample collection and processing | E43: pha4ge | F43: wastewater system type | G43: Sanitary sewer system | H43: sites | J43: siteType | K43: wwtpMuS | N43: Need to cross reference with the {{environmental site}} field | O43: "environmental site" maps to same slot (siteType+sampleShed)
A44: 682 | D44: Sample collection and processing | E44: pha4ge | F44: wastewater system type | G44: Sewer (drain) | H44: sites | J44: siteType | K44: drain | N44: Need to cross reference with the {{environmental site}} field | O44: "environmental site" maps to same slot (siteType+sampleShed)
A45: 683 | D45: Sample collection and processing | E45: pha4ge | F45: wastewater system type | G45: Waste stabilization pond | H45: sites | J45: siteType | K45: stabPnd | N45: Need to cross reference with the {{environmental site}} field | O45: "environmental site" maps to same slot (siteType+sampleShed)
A46: 684 | D46: Sample collection and processing | E46: pha4ge | F46: wastewater system type | G46: Latrine | H46: sites | J46: siteType | K46: latrine | N46: Need to cross reference with the {{environmental site}} field | O46: "environmental site" maps to same slot (siteType+sampleShed)
A47: 685 | D47: Sample collection and processing | E47: pha4ge | F47: wastewater system type | G47: Septic tank | H47: sites | J47: siteType | K47: septTnk | N47: Need to cross reference with the {{environmental site}} field | O47: "environmental site" maps to same slot (siteType+sampleShed)
A48: 686 | D48: Sample collection and processing | E48: pha4ge | F48: wastewater system type | G48: Cesspit | H48: sites | J48: siteType | K48: cesspit | N48: Need to cross reference with the {{environmental site}} field | O48: "environmental site" maps to same slot (siteType+sampleShed)
A49: 687 | D49: Sample collection and processing | E49: pha4ge | F49: wastewater system type | G49: Composting toilet | H49: sites | J49: siteType | K49: compToi | N49: Need to cross reference with the {{environmental site}} field | O49: "environmental site" maps to same slot (siteType+sampleShed)

Sheet maps_samples
A1: IndexNum | B1: Martin Complete | C1: Complete | D1: PHA4GE_table | E1: sourceClass | F1: sourceSlot | G1: sourceValue | H1: targetClass | I1: wide? | J1: targetSlot | K1: targetValue | L1: targetExpr | M1: notes2 | N1: customData | O1: notes | P1: Martin notes
A2: 59 | B2: TRUE | C2: FALSE | D2: Database identifiers | E2: pha4ge | F2: pooled sample ID | G2: NA | H2: samples | J2: sampleID | K2: {{pooled sample ID}} | O2: also populate 'pooled' with 'TRUE'; need to be linked to original sample ID through the relationships table with a "child" relationship (this pooled sample is child). | P2: See notes. Should be in wide table? Which one is the original sampleID?
A3: 60 | B3: TRUE | C3: FALSE | D3: Database identifiers | E3: pha4ge | F3: sampling event ID | G3: NA | H3: samples | J3: sampleID | K3: {{sampling event ID}} | O3: also populate 'repType' with 'sampleEvent'; need to be linked to original sample ID through the relationships table with a "child" relationship, where the original sample is the "child" of this sample. | P3: See notes. Should be in wide table? Which one is the original sampleID?
A4: 63 | B4: TRUE | C4: FALSE | D4: Database identifiers | E4: pha4ge | F4: specimen collector sample ID | G4: NA | H4: samples | J4: sampleID | K4: {{specimen collector sample ID}} | P4: Should be wide?
A5: 64 | B5: TRUE | C5: FALSE | D5: Database identifiers | E5: pha4ge | F5: specimen collector subsample ID | G5: NA | H5: samples | J5: sampleID | K5: {{specimen collector subsample ID}} | O5: also populate 'repType' with 'subSamp'; need to be linked to original sample ID through the relationships table with a "child" relationship (this subsample is child). | P5: See notes. Should be in wide table? Which one is the original sampleID?
B6: TRUE | C6: FALSE | D6: Sample collection and processing | E6: pha4ge | F6: collection device | J6: collType | L6: case((collection_device != "", collection_device), (True, collection_method))
A7: 249 | B7: TRUE | C7: FALSE | D7: Sample collection and processing | E7: pha4ge | F7: collection device | G7: Grab sampler | H7: samples | J7: collType | K7: grb | O7: Collection device and collection method are collapsed into a single field, generally, within the ODM. So when both are being mapped to collType, the {{collection Device}} value should supercede {{collection method}}, but here the collection method should match with a value of "Grab Sampling".
A8: 250 | B8: TRUE | C8: FALSE | D8: Sample collection and processing | E8: pha4ge | F8: collection device | G8: Core sampling device | H8: samples | J8: collType | K8: core | O8: Collection device and collection method are collapsed into a single field, generally, within the ODM. So when both are being mapped to collType, the {{collection Device}} value should supercede {{collection method}}, but here the collection method should match with a value of "Grab Sampling".
A9: 251 | B9: TRUE | C9: FALSE | D9: Sample collection and processing | E9: pha4ge | F9: collection device | G9: Vacuum sludge sampling device | H9: samples | J9: collType | K9: vac | O9: Collection device and collection method are collapsed into a single field, generally, within the ODM. So when both are being mapped to collType, the {{collection Device}} value should supercede {{collection method}}, but here the collection method should match with a value of "Grab Sampling".
A10: 252 | B10: TRUE | C10: FALSE | D10: Sample collection and processing | E10: pha4ge | F10: collection device | G10: Cone-shaped sampling device | H10: samples | J10: collType | K10: one | O10: Collection device and collection method are collapsed into a single field, generally, within the ODM. So when both are being mapped to collType, the {{collection Device}} value should supercede {{collection method}}, but here the collection method should match with a value of "Grab Sampling".
A11: 253 | B11: TRUE | C11: FALSE | D11: Sample collection and processing | E11: pha4ge | F11: collection device | G11: Horizontal grab sampling device | H11: samples | J11: collType | K11: horGrb | O11: Collection device and collection method are collapsed into a single field, generally, within the ODM. So when both are being mapped to collType, the {{collection Device}} value should supercede {{collection method}}, but here the collection method should match with a value of "Grab Sampling".
A12: 254 | B12: TRUE | C12: FALSE | D12: Sample collection and processing | E12: pha4ge | F12: collection device | G12: Vertical grab sampling device | H12: samples | J12: collType | K12: vertGrb | O12: Collection device and collection method are collapsed into a single field, generally, within the ODM. So when both are being mapped to collType, the {{collection Device}} value should supercede {{collection method}}, but here the collection method should match with a value of "Grab Sampling".
A13: 255 | B13: TRUE | C13: FALSE | D13: Sample collection and processing | E13: pha4ge | F13: collection device | G13: Composite sampler | H13: samples | J13: collType | K13: comp | O13: Collection device and collection method are collapsed into a single field, generally, within the ODM. So when both are being mapped to collType, the {{collection Device}} value should supercede {{collection method}}, but here the collection method should match with a value of "Composite Sampling".
A14: 256 | B14: TRUE | C14: FALSE | D14: Sample collection and processing | E14: pha4ge | F14: collection device | G14: Passive (trap) sampler | H14: samples | J14: collType | K14: trap | O14: Collection device and collection method are collapsed into a single field, generally, within the ODM. So when both are being mapped to collType, the {{collection Device}} value should supercede {{collection method}}, but here the collection method should match with a value of "Passive Composite Sampling".
A15: 257 | B15: TRUE | C15: FALSE | D15: Sample collection and processing | E15: pha4ge | F15: collection device | G15: Moore swab | H15: samples | J15: collType | K15: moorSw | O15: Collection device and collection method are collapsed into a single field, generally, within the ODM. So when both are being mapped to collType, the {{collection Device}} value should supercede {{collection method}}, but here the collection method should match with a value of "Passive Composite Sampling".
A16: 258 | B16: TRUE | C16: FALSE | D16: Sample collection and processing | E16: pha4ge | F16: collection device | G16: Automatic composite sampler | H16: samples | J16: collType | K16: autoComp | O16: Collection device and collection method are collapsed into a single field, generally, within the ODM. So when both are being mapped to collType, the {{collection Device}} value should supercede {{collection method}}, but here the collection method should match with a value of "Automatic Composite Sampling".
A17: 259 | B17: TRUE | C17: FALSE | D17: Sample collection and processing | E17: pha4ge | F17: collection device | G17: Automatic flow-proportional sampler | H17: samples | J17: collType | K17: flowPr | O17: Collection device and collection method are collapsed into a single field, generally, within the ODM. So when both are being mapped to collType, the {{collection Device}} value should supercede {{collection method}}, but here the collection method should match with a value of "Automatic Composite Sampling".
A18: 260 | B18: TRUE | C18: FALSE | D18: Sample collection and processing | E18: pha4ge | F18: collection device | G18: Automatic sequential sampler | H18: samples | J18: collType | K18: autoSeq | O18: Collection device and collection method are collapsed into a single field, generally, within the ODM. So when both are being mapped to collType, the {{collection Device}} value should supercede {{collection method}}, but here the collection method should match with a value of "Automatic Composite Sampling".
... A23: 265 | B23: TRUE | C23: FALSE | D23: Sample collection and processing | E23: pha4ge | F23: collection method | G23: Manual composite sampling | H23: samples | J23: collType | K23: manComp | O23: This mapping pre-supposes that the collection device field is blank.
A25: 267 | B25: TRUE | C25: FALSE | D25: Sample collection and processing | E25: pha4ge | F25: environmental material | G25: surface water | H25: samples | J25: saMaterial | K25: nww | O25: match to sampleID entry row | P25: Which sampleID row?
A26: 268 | B26: TRUE | C26: FALSE | D26: Sample collection and processing | E26: pha4ge | F26: environmental material | G26: wastewater | H26: samples | J26: saMaterial | K26: rawWW | O26: match to sampleID entry row
A27: 269 | B27: TRUE | C27: FALSE | D27: Sample collection and processing | E27: pha4ge | F27: environmental material | G27: Wastewater sediment | H27: samples | J27: saMaterial | K27: swrSed | O27: match to sampleID entry row
A28: 270 | B28: TRUE | C28: FALSE | D28: Sample collection and processing | E28: pha4ge | F28: environmental material | G28: Sludge | H28: samples | J28: saMaterial | K28: sludgeNS | O28: match to sampleID entry row
A29: 271 | B29: TRUE | C29: FALSE | D29: Sample collection and processing | E29: pha4ge | F29: environmental material | G29: Primary sludge | H29: samples | J29: saMaterial | K29: pSludge | O29: match to sampleID entry row
A30: 272 | B30: TRUE | C30: FALSE | D30: Sample collection and processing | E30: pha4ge | F30: environmental material | G30: Secondary sludge | H30: samples | J30: saMaterial | K30: sSludge | O30: match to sampleID entry row
A31: 273 | B31: TRUE | C31: FALSE | D31: Sample collection and processing | E31: pha4ge | F31: environmental material | G31: Wastewater effluent | H31: samples | J31: saMaterial | K31: effluNS | O31: match to sampleID entry row
A32: 274 | B32: TRUE | C32: FALSE | D32: Sample collection and processing | E32: pha4ge | F32: environmental material | G32: Primary wastwater effluent | H32: samples | J32: saMaterial | K32: pEfflu | O32: match to sampleID entry row
A33: 275 | B33: TRUE | C33: FALSE | D33: Sample collection and processing | E33: pha4ge | F33: environmental material | G33: Secondary wastwater effluent | H33: samples | J33: saMaterial | K33: sEfflu | O33: match to sampleID entry row
A35: 325 | B35: TRUE | C35: FALSE | D35: Sample collection and processing | E35: pha4ge | F35: experimental specimen role type | G35: Positive experimental control | H35: samples | J35: repType | K35: posCon
A36: 326 | B36: TRUE | C36: FALSE | D36: Sample collection and processing | E36: pha4ge | F36: experimental specimen role type | G36: Negative experimental control | H36: samples | J36: repType | K36: negCon
A37: 327 | B37: TRUE | C37: FALSE | D37: Sample collection and processing | E37: pha4ge | F37: experimental specimen role type | G37: Technical replicate | H37: samples | J37: repType | K37: techRep
A38: 328 | B38: TRUE | C38: FALSE | D38: Sample collection and processing | E38: pha4ge | F38: experimental specimen role type | G38: Biological replicate | H38: samples | J38: repType | K38: bioRep
A39: 622 | B39: TRUE | C39: FALSE | D39: Sample collection and processing | E39: pha4ge | F39: purpose of sampling | G39: Wastewater treatment efficiency assessment | H39: samples | J39: purposeID | K39: wwtpAssess | O39: match to sampleID entry row; plus add compartment = "wat" | P39: Add compartment = "wat" and match to the sampleID row
A40: 623 | B40: TRUE | C40: FALSE | D40: Sample collection and processing | E40: pha4ge | F40: purpose of sampling | G40: Wastewater chemical surveillance | H40: samples | J40: purposeID | K40: chemSurv | O40: match to sampleID entry row; plus add compartment = "wat" | P40: Add compartment = "wat" and match to the sampleID row
A41: 624 | B41: TRUE | C41: FALSE | D41: Sample collection and processing | E41: pha4ge | F41: purpose of sampling | G41: Wastewater drug surveillance | H41: samples | J41: purposeID | K41: drugSurv | O41: match to sampleID entry row; plus add compartment = "wat" | P41: Add compartment = "wat" and match to the sampleID row
A42: 625 | B42: TRUE | C42: FALSE | D42: Sample collection and processing | E42: pha4ge | F42: purpose of sampling | G42: Wastewater pathogen surveillance | H42: samples | J42: purposeID | K42: regular | O42: match to sampleID entry row; plus add compartment = "wat" | P42: Add compartment = "wat" and match to the sampleID row
A43: 626 | B43: TRUE | C43: FALSE | D43: Sample collection and processing | E43: pha4ge | F43: purpose of sampling | G43: Research | H43: samples | J43: purposeID | K43: researchPurp | O43: match to sampleID entry row | P43: Add compartment = "wat" and match to the sampleID row
A44: 627 | B44: TRUE | C44: FALSE | D44: Sample collection and processing | E44: pha4ge | F44: purpose of sampling | G44: Environmental survey (profiling) | H44: samples | J44: purposeID | K44: profil | O44: match to sampleID entry row | P44: Add compartment = "wat" and match to the sampleID row
A45: 628 | B45: TRUE | C45: FALSE | D45: Sample collection and processing | E45: pha4ge | F45: purpose of sampling | G45: Protocol testing | H45: samples | J45: purposeID | K45: testing | O45: match to sampleID entry row | P45: Add compartment = "wat" and match to the sampleID row
A46: 629 | B46: TRUE | C46: FALSE | D46: Sample collection and processing | E46: pha4ge | F46: sample collected by | G46: NA | H46: samples | J46: organizationID | K46: {{sample collected by}} | O46: Ultimately for each row in the pha4ge data, there may be up to 4 rows generated in the "contacts" ODM table. 1) Sample collector, 2) sequenced by, 3) sequence submitted by, and 4) isolated by. Complementary contacts metadata need to be grouped together under these ubrellas, but still be separate rows. Furthermore, the "sequenced by/sequence submitted by/isolated by contactIDs should be linked to the measures table, while the sample collector contactID should link to the samples table.
A47: 631 | B47: TRUE | C47: FALSE | D47: Sample collection and processing | E47: pha4ge | F47: sample collection date | G47: NA | H47: samples | J47: collDT | K47: {{sample collection date}} | O47: Date and time are separated values here, whereas in the ODM they are recorded together. So "sample collection date" needs to be combined with sample collection start time (if available), and "sample collection end date" and "sample collection end time" need to be combined. In situations where a categorical time of day is reported rather than a precise time, the date should be recorded separately in the {{samples_collDate}} field in ODM. | P47: combine "sample collection date" and "sample collection start time"
A48: 634 | B48: TRUE | C48: FALSE | D48: Sample collection and processing | E48: pha4ge | F48: sample collection start time | G48: NA | H48: samples | J48: collDT | K48: {{sample collection start time}} | O48: Date and time are separated values here, whereas in the ODM they are recorded together. So "sample collection date" needs to be combined with sample collection start time (if available), and "sample collection end date" and "sample collection end time" need to be combined. | P48: combine "sample collection date" and "sample collection start time"
A49: 632 | B49: TRUE | C49: FALSE | D49: Sample collection and processing | E49: pha4ge | F49: sample collection end date | G49: NA | H49: samples | J49: collDTEnd | K49: {{sample collection end date}} | O49: Date and time are separated values here, whereas in the ODM they are recorded together. So "sample collection date" needs to be combined with sample collection start time (if available), and "sample collection end date" and "sample collection end time" need to be combined. | P49: Combine "sample collection end date" and "sample collection end time"
A50: 633 | B50: TRUE | C50: FALSE | D50: Sample collection and processing | E50: pha4ge | F50: sample collection end time | G50: NA | H50: samples | J50: collDTEnd | K50: {{sample collection end time}} | O50: Date and time are separated values here, whereas in the ODM they are recorded together. So "sample collection date" needs to be combined with sample collection start time (if available), and "sample collection end date" and "sample collection end time" need to be combined. | P50: Combine "sample collection end date" and "sample collection end time"
A51: 634 | B51: TRUE | C51: FALSE | D51: Sample collection and processing | E51: pha4ge | F51: sample collection start time | G51: NA | H51: samples | J51: collDTStart | K51: {{sample collection start time}} | O51: Date and time are separated values here, whereas in the ODM they are recorded together. So "sample collection date" needs to be combined with sample collection start time (if available), and "sample collection end date" and "sample collection end time" need to be combined. | P51: Should we make collDT and collDTStart the same?
A52: 635 | B52: TRUE | C52: FALSE | D52: Sample collection and processing | E52: pha4ge | F52: sample collection time duration unit | G52: Second | H52: samples | J52: collPer | K52: see notes | O52: "collPer" in ODM is always reported in hours, so depending on the units reported here, the actual value will need to be transformed accordingly. | P52: See notes (create expr)
A53: 636 | B53: TRUE | C53: FALSE | D53: Sample collection and processing | E53: pha4ge | F53: sample collection time duration unit | G53: Minute | H53: samples | J53: collPer | K53: see notes | O53: "collPer" in ODM is always reported in hours, so depending on the units reported here, the actual value will need to be transformed accordingly. | P53: See notes (create expr)
A54: 637 | B54: TRUE | C54: FALSE | D54: Sample collection and processing | E54: pha4ge | F54: sample collection time duration unit | G54: Hour | H54: samples | J54: collPer | K54: see notes | O54: "collPer" in ODM is always reported in hours, so depending on the units reported here, the actual value will need to be transformed accordingly. | P54: See notes (create expr)
A55: 638 | B55: TRUE | C55: FALSE | D55: Sample collection and processing | E55: pha4ge | F55: sample collection time duration unit | G55: Day | H55: samples | J55: collPer | K55: see notes | O55: "collPer" in ODM is always reported in hours, so depending on the units reported here, the actual value will need to be transformed accordingly. | P55: See notes (create expr)
A56: 639 | B56: TRUE | C56: FALSE | D56: Sample collection and processing | E56: pha4ge | F56: sample collection time duration unit | G56: Week | H56: samples | J56: collPer | K56: see notes | O56: "collPer" in ODM is always reported in hours, so depending on the units reported here, the actual value will need to be transformed accordingly. | P56: See notes (create expr)
A57: 640 | B57: TRUE | C57: FALSE | D57: Sample collection and processing | E57: pha4ge | F57: sample collection time duration unit | G57: Month | H57: samples | J57: collPer | K57: see notes | O57: "collPer" in ODM is always reported in hours, so depending on the units reported here, the actual value will need to be transformed accordingly. | P57: See notes (create expr)
A58: 641 | B58: TRUE | C58: FALSE | D58: Sample collection and processing | E58: pha4ge | F58: sample collection time duration unit | G58: Year | H58: samples | J58: collPer | K58: see notes | O58: "collPer" in ODM is always reported in hours, so depending on the units reported here, the actual value will need to be transformed accordingly. | P58: See notes (create expr)
A59: 642 | B59: TRUE | C59: FALSE | D59: Sample collection and processing | E59: pha4ge | F59: sample collection time duration value | G59: NA | H59: samples | J59: collPer | K59: {{sample collection time duration value}} | O59: "collPer" in ODM is always reported in hours, so depending on the units used to report this in PHA4GE, some transformation may be necessary. | P59: See notes (create expr)
A61: 643 | D61: Sample collection and processing | E61: pha4ge | F61: sample collection time of day | G61: Morning | H61: samples | J61: collAppxT | K61: morn | O61: Need to find out how to report time as blank, but not date, inside a datetime variable to link here. | P61: See notes
A62: 644 | D62: Sample collection and processing | E62: pha4ge | F62: sample collection time of day | G62: Afternoon | H62: samples | J62: collAppxT | K62: aft | O62: Need to find out how to report time as blank, but not date, inside a datetime variable to link here. | P62: See notes
A63: 645 | D63: Sample collection and processing | E63: pha4ge | F63: sample collection time of day | G63: Evening | H63: samples | J63: collAppxT | K63: eve | O63: Need to find out how to report time as blank, but not date, inside a datetime variable to link here. | P63: See notes
A64: 646 | D64: Sample collection and processing | E64: pha4ge | F64: sample collection time of day | G64: Night | H64: samples | J64: collAppxT | K64: night | O64: Need to find out how to report time as blank, but not date, inside a datetime variable to link here. | P64: See notes
A66: 649 | B66: TRUE | C66: TRUE | D66: Sample collection and processing | E66: pha4ge | F66: sample received date | G66: NA | H66: samples | J66: recDate | K66: {{sample received date}}
A68: 677 | D68: Sample collection and processing | E68: pha4ge | F68: specimen processing | G68: Technical replicate process | H68: samples | J68: sampleID | K68: {{gernerate new sampleID and new row for this technical replicate}} | O68: also in new row populate repType as "techRep"; link to original sampleID as a "lcsd" through the sample relationships table. | P68: Not sure about notes
A69: 678 | D69: Sample collection and processing | E69: pha4ge | F69: specimen processing | G69: Biological replicate process | H69: samples | J69: sampleID | K69: {{gernerate new sampleID and new row for this biological replicate}} | O69: also in new row populate repType as "bioRep"; link to original sampleID as a "lcsd" through the sample relationships table. | P69: Not sure about notes
A71: 830 | B71: TRUE | C71: TRUE | D71: Strain and isolation information | E71: pha4ge | F71: alternative isolate ID | G71: NA | H71: samples | J71: sampleID | K71: {{alternative isolate ID}} | O71: Isolates should be a separate sample from the original sample, but unified via a child relationship in the samples relationships table. Alternative and regular isolate ID samples table entries should match and be linked with a relationship of "duplicate" where applicable. | P71: See notes
A72: 831 | B72: TRUE | C72: TRUE | D72: Strain and isolation information | E72: pha4ge | F72: isolate ID | G72: NA | H72: samples | J72: sampleID | K72: {{isolate ID}} | O72: Isolates should be a separate sample from the original sample, but unified via a child relationship in the samples relationships table. Alternative and regular isolate ID samples table entries should match and be linked with a relationship of "duplicate" where applicable. | P72: See notes
A73: 832 | B73: TRUE | C73: TRUE | D73: Strain and isolation information | E73: pha4ge | F73: isolate received date | G73: NA | H73: samples | J73: recDate | K73: {{isolate received date}} | O73: Isolates should be a separate sample from the original sample, but unified via a child relationship in the samples relationships table. Alternative and regular isolate ID samples table entries should match and be linked with a relationship of "duplicate" where applicable. | P73: See notes
A74: 840 | B74: TRUE | C74: TRUE | D74: Strain and isolation information | E74: pha4ge | F74: progeny isolate ID | G74: NA | H74: samples | J74: sampleID | K74: {{progeny isolate ID}} | O74: This new sample ID needs to be linked to the original sample ID with a parent/child relationship ID> | P74: See notes

Sheet wide_samples
A1: Complete | B1: wideSourceClass | C1: wideSourceSlot | D1: wideSourceValue | E1: wideTargetClass | F1: wideOtherSlots | G1: sampleID_value | H1: wideNotes
A2: TRUE | B2: pha4ge | C2: pooled sample ID | E2: samples | F2: { "pooled_value": TRUE } | G2: {{pooled sample ID}} | H2: also populate 'pooled' with 'TRUE'; need to be linked to original sample ID through the relationships table with a "child" relationship (this pooled sample is child).
A3: TRUE | B3: pha4ge | C3: sampling event ID | E3: samples | F3: { "repType_value": "sampleEvent" } | G3: {{sampling event ID}} | H3: also populate 'repType' with 'sampleEvent'; need to be linked to original sample ID through the relationships table with a "child" relationship, where the original sample is the "child" of this sample.
A4: TRUE | B4: pha4ge | C4: specimen collector sample ID | E4: samples | F4: { "collType_expr": "case((collection_device != "", collection_device), (True, collection_method))", "saMaterial_value": "{{environmental material}}", "repType_value": "{{experimental specimen role type}}", "purposeID_value": "{{purpose of sampling}}", "organizationID_value": "{{sample collected by}}", "collDT_expr": "sample_collection_date + '/!/' + sample_collection_start_time", "collDTStart_expr": "sample_collection_start_time", "collDTEnd_expr": "sample_collection_end_date + '/!/' + sample_collection_end_time", "collPer_expr": "_value = src.sample_collection_time_duration_value _unit = src.sample_collection_time_duration_unit if _unit == 'Second': target = _value / 60 / 60 elif _unit == 'Minute': target = _value / 60 elif _unit == 'Hour': target = _value elif _unit == 'Day': target = _value * 24 elif _unit == 'Week': target = _value * 24 * 7 elif _unit == 'Month': target = _value * 24 * 7 * 30 elif _unit == 'Year': target = _value * 24 * 7 * 365 else: target = '' raise ValueError('Unrecognized value for sample_collection_time_duration_unit: ' + _unit)", "recDate_value": "{{sample received date}}", } | G4: {{specimen collector sample ID}}
A5: TRUE | B5: pha4ge | C5: specimen collector subsample ID | E5: samples | F5: { "repType_value": "subSamp" } | G5: {{specimen collector subsample ID}} | H5: also populate 'repType' with 'subSamp'; need to be linked to original sample ID through the relationships table with a "child" relationship (this subsample is child).
A6: TRUE | B6: pha4ge | C6: alternative isolate ID | E6: samples | G6: {{alternative isolate ID}}
A7: TRUE | B7: pha4ge | C7: isolate ID | E7: samples | F7: { "recDate_value": "{{isolate received date}}" } | G7: {{isolate ID}}
A8: TRUE | B8: pha4ge | C8: progeny isolate ID | E8: samples | G8: {{progeny isolate ID}}

Sheet enums_samples
A1: IndexNum | B1: Complete | C1: PHA4GE_table | D1: sourceClass | E1: sourceSlot | F1: sourceValue | G1: targetClass | H1: targetSlot | I1: targetValue | J1: exprValue | K1: customData | L1: notes | M1: Martin Notes
A2: 249 | B2: =IF(OR(F2="NA",G2="wide_value"),"",TRUE) -> TRUE | C2: Sample collection and processing | D2: pha4ge | E2: collection device | F2: Grab sampler | G2: samples | H2: collType | I2: grb | L2: Collection device and collection method are collapsed into a single field, generally, within the ODM. So when both are being mapped to collType, the {{collection Device}} value should supercede {{collection method}}, but here the collection method should match with a value of "Grab Sampling".
A3: 250 | B3: =IF(OR(F3="NA",G3="wide_value"),"",TRUE) -> TRUE | C3: Sample collection and processing | D3: pha4ge | E3: collection device | F3: Core sampling device | G3: samples | H3: collType | I3: core | L3: Collection device and collection method are collapsed into a single field, generally, within the ODM. So when both are being mapped to collType, the {{collection Device}} value should supercede {{collection method}}, but here the collection method should match with a value of "Grab Sampling".
A4: 251 | B4: =IF(OR(F4="NA",G4="wide_value"),"",TRUE) -> TRUE | C4: Sample collection and processing | D4: pha4ge | E4: collection device | F4: Vacuum sludge sampling device | G4: samples | H4: collType | I4: vac | L4: Collection device and collection method are collapsed into a single field, generally, within the ODM. So when both are being mapped to collType, the {{collection Device}} value should supercede {{collection method}}, but here the collection method should match with a value of "Grab Sampling".
A5: 252 | B5: =IF(OR(F5="NA",G5="wide_value"),"",TRUE) -> TRUE | C5: Sample collection and processing | D5: pha4ge | E5: collection device | F5: Cone-shaped sampling device | G5: samples | H5: collType | I5: one | L5: Collection device and collection method are collapsed into a single field, generally, within the ODM. So when both are being mapped to collType, the {{collection Device}} value should supercede {{collection method}}, but here the collection method should match with a value of "Grab Sampling".
A6: 253 | B6: =IF(OR(F6="NA",G6="wide_value"),"",TRUE) -> TRUE | C6: Sample collection and processing | D6: pha4ge | E6: collection device | F6: Horizontal grab sampling device | G6: samples | H6: collType | I6: horGrb | L6: Collection device and collection method are collapsed into a single field, generally, within the ODM. So when both are being mapped to collType, the {{collection Device}} value should supercede {{collection method}}, but here the collection method should match with a value of "Grab Sampling".
A7: 254 | B7: =IF(OR(F7="NA",G7="wide_value"),"",TRUE) -> TRUE | C7: Sample collection and processing | D7: pha4ge | E7: collection device | F7: Vertical grab sampling device | G7: samples | H7: collType | I7: vertGrb | L7: Collection device and collection method are collapsed into a single field, generally, within the ODM. So when both are being mapped to collType, the {{collection Device}} value should supercede {{collection method}}, but here the collection method should match with a value of "Grab Sampling".
A8: 255 | B8: =IF(OR(F8="NA",G8="wide_value"),"",TRUE) -> TRUE | C8: Sample collection and processing | D8: pha4ge | E8: collection device | F8: Composite sampler | G8: samples | H8: collType | I8: comp | L8: Collection device and collection method are collapsed into a single field, generally, within the ODM. So when both are being mapped to collType, the {{collection Device}} value should supercede {{collection method}}, but here the collection method should match with a value of "Composite Sampling".
A9: 256 | B9: =IF(OR(F9="NA",G9="wide_value"),"",TRUE) -> TRUE | C9: Sample collection and processing | D9: pha4ge | E9: collection device | F9: Passive (trap) sampler | G9: samples | H9: collType | I9: trap | L9: Collection device and collection method are collapsed into a single field, generally, within the ODM. So when both are being mapped to collType, the {{collection Device}} value should supercede {{collection method}}, but here the collection method should match with a value of "Passive Composite Sampling".
A10: 257 | B10: =IF(OR(F10="NA",G10="wide_value"),"",TRUE) -> TRUE | C10: Sample collection and processing | D10: pha4ge | E10: collection device | F10: Moore swab | G10: samples | H10: collType | I10: moorSw | L10: Collection device and collection method are collapsed into a single field, generally, within the ODM. So when both are being mapped to collType, the {{collection Device}} value should supercede {{collection method}}, but here the collection method should match with a value of "Passive Composite Sampling".
A11: 258 | B11: =IF(OR(F11="NA",G11="wide_value"),"",TRUE) -> TRUE | C11: Sample collection and processing | D11: pha4ge | E11: collection device | F11: Automatic composite sampler | G11: samples | H11: collType | I11: autoComp | L11: Collection device and collection method are collapsed into a single field, generally, within the ODM. So when both are being mapped to collType, the {{collection Device}} value should supercede {{collection method}}, but here the collection method should match with a value of "Automatic Composite Sampling".
A12: 259 | B12: =IF(OR(F12="NA",G12="wide_value"),"",TRUE) -> TRUE | C12: Sample collection and processing | D12: pha4ge | E12: collection device | F12: Automatic flow-proportional sampler | G12: samples | H12: collType | I12: flowPr | L12: Collection device and collection method are collapsed into a single field, generally, within the ODM. So when both are being mapped to collType, the {{collection Device}} value should supercede {{collection method}}, but here the collection method should match with a value of "Automatic Composite Sampling".
A13: 260 | B13: =IF(OR(F13="NA",G13="wide_value"),"",TRUE) -> TRUE | C13: Sample collection and processing | D13: pha4ge | E13: collection device | F13: Automatic sequential sampler | G13: samples | H13: collType | I13: autoSeq | L13: Collection device and collection method are collapsed into a single field, generally, within the ODM. So when both are being mapped to collType, the {{collection Device}} value should supercede {{collection method}}, but here the collection method should match with a value of "Automatic Composite Sampling".
... A29: 275 | B29: =IF(OR(F29="NA",G29="wide_value"),"",TRUE) -> TRUE | C29: Sample collection and processing | D29: pha4ge | E29: environmental material | F29: Secondary wastwater effluent | G29: samples | H29: saMaterial | I29: sEfflu | L29: match to sampleID entry row
A31: 325 | B31: =IF(OR(F31="NA",G31="wide_value"),"",TRUE) -> TRUE | C31: Sample collection and processing | D31: pha4ge | E31: experimental specimen role type | F31: Positive experimental control | G31: samples | H31: repType | I31: posCon
A32: 326 | B32: =IF(OR(F32="NA",G32="wide_value"),"",TRUE) -> TRUE | C32: Sample collection and processing | D32: pha4ge | E32: experimental specimen role type | F32: Negative experimental control | G32: samples | H32: repType | I32: negCon
A33: 327 | B33: =IF(OR(F33="NA",G33="wide_value"),"",TRUE) -> TRUE | C33: Sample collection and processing | D33: pha4ge | E33: experimental specimen role type | F33: Technical replicate | G33: samples | H33: repType | I33: techRep
A34: 328 | B34: =IF(OR(F34="NA",G34="wide_value"),"",TRUE) -> TRUE | C34: Sample collection and processing | D34: pha4ge | E34: experimental specimen role type | F34: Biological replicate | G34: samples | H34: repType | I34: bioRep
A36: 622 | B36: =IF(OR(F36="NA",G36="wide_value"),"",TRUE) -> TRUE | C36: Sample collection and processing | D36: pha4ge | E36: purpose of sampling | F36: Wastewater treatment efficiency assessment | G36: samples | H36: purposeID | I36: wwtpAssess | L36: match to sampleID entry row; plus add compartment = "wat"
A37: 623 | B37: =IF(OR(F37="NA",G37="wide_value"),"",TRUE) -> TRUE | C37: Sample collection and processing | D37: pha4ge | E37: purpose of sampling | F37: Wastewater chemical surveillance | G37: samples | H37: purposeID | I37: chemSurv | L37: match to sampleID entry row; plus add compartment = "wat"
A38: 624 | B38: =IF(OR(F38="NA",G38="wide_value"),"",TRUE) -> TRUE | C38: Sample collection and processing | D38: pha4ge | E38: purpose of sampling | F38: Wastewater drug surveillance | G38: samples | H38: purposeID | I38: drugSurv | L38: match to sampleID entry row; plus add compartment = "wat"
A39: 625 | B39: =IF(OR(F39="NA",G39="wide_value"),"",TRUE) -> TRUE | C39: Sample collection and processing | D39: pha4ge | E39: purpose of sampling | F39: Wastewater pathogen surveillance | G39: samples | H39: purposeID | I39: regular | L39: match to sampleID entry row; plus add compartment = "wat"
A40: 626 | B40: =IF(OR(F40="NA",G40="wide_value"),"",TRUE) -> TRUE | C40: Sample collection and processing | D40: pha4ge | E40: purpose of sampling | F40: Research | G40: samples | H40: purposeID | I40: researchPurp | L40: match to sampleID entry row
A41: 627 | B41: =IF(OR(F41="NA",G41="wide_value"),"",TRUE) -> TRUE | C41: Sample collection and processing | D41: pha4ge | E41: purpose of sampling | F41: Environmental survey (profiling) | G41: samples | H41: purposeID | I41: profil | L41: match to sampleID entry row
A42: 628 | B42: =IF(OR(F42="NA",G42="wide_value"),"",TRUE) -> TRUE | C42: Sample collection and processing | D42: pha4ge | E42: purpose of sampling | F42: Protocol testing | G42: samples | H42: purposeID | I42: testing | L42: match to sampleID entry row

Sheet wide_sampleRelationships
A1: Complete | B1: wideSourceClass | C1: wideSourceSlot | D1: wideSourceValue | E1: wideTargetClass | F1: wideOtherSlots | G1: sampleRelationshipsID_value | H1: sampleIDSubject_value | I1: relationshipID_value | J1: sampleIDObject_value | K1: wideNotes
A2: TRUE | B2: pha4ge | C2: pooled sample ID | E2: sampleRelationships | H2: {{pooled sample ID}} | I2: child | J2: {{specimen collector sample ID}}
A3: TRUE | B3: pha4ge | C3: specimen collector sample ID | E3: sampleRelationships | H3: {{specimen collector sample ID}} | I3: child | J3: {{sampling event ID}}
A4: TRUE | B4: pha4ge | C4: specimen collector subsample ID | E4: sampleRelationships | H4: {{specimen collector subsample ID}} | I4: child | J4: {{specimen collector sample ID}}
A5: TRUE | B5: pha4ge | C5: alternative isolate ID | E5: sampleRelationships | H5: {{alternative isolate ID}} | I5: child | J5: {{specimen collector sample ID}} | K5: Check with Mathew if correct
A6: TRUE | B6: pha4ge | C6: isolate ID | E6: sampleRelationships | H6: {{isolate ID}} | I6: child | J6: {{specimen collector sample ID}} | K6: Check with Mathew if correct
A7: TRUE | B7: pha4ge | C7: isolate ID | E7: sampleRelationships | H7: {{isolate ID}} | I7: labDuplicate | J7: {{alternative isolate ID}} | K7: Check with Mathew if correct
A8: TRUE | B8: pha4ge | C8: progeny isolate ID | E8: sampleRelationships | H8: {{progeny isolate ID}} | I8: child | J8: {{specimen collector sample ID}} | K8: Check with Mathew if correct

Sheet maps_repositories
A1: IndexNum | B1: Martin Complete | C1: Complete | D1: PHA4GE_table | E1: sourceClass | F1: sourceSlot | G1: sourceValue | H1: targetClass | I1: wide? | J1: targetSlot | K1: targetValue | L1: notes2 | M1: customData | N1: notes | O1: Martin notes
A2: 48 | B2: TRUE | C2: FALSE | D2: Database identifiers | E2: pha4ge | F2: BioProject accession | G2: NA | H2: repositories | I2: wide_value
A3: 49 | B3: TRUE | C3: FALSE | D3: Database identifiers | E3: pha4ge | F3: BioSample accession | G3: NA | H3: repositories | I3: wide_value
A4: 50 | B4: TRUE | C4: FALSE | D4: Database identifiers | E4: pha4ge | F4: DDBJ accession | G4: NA | H4: repositories | I4: wide_value
A5: 51 | B5: TRUE | C5: FALSE | D5: Database identifiers | E5: pha4ge | F5: DRA accession | G5: NA | H5: repositories | I5: wide_value
A6: 52 | B6: TRUE | C6: FALSE | D6: Database identifiers | E6: pha4ge | F6: ENA accession | G6: NA | H6: repositories | I6: wide_value
A7: 53 | B7: TRUE | C7: FALSE | D7: Database identifiers | E7: pha4ge | F7: Enterobase accession | G7: NA | H7: repositories | I7: wide_value
A8: 54 | B8: TRUE | C8: FALSE | D8: Database identifiers | E8: pha4ge | F8: GenBank accession (versioned) | G8: NA | H8: repositories | I8: wide_value
A9: 55 | B9: TRUE | C9: FALSE | D9: Database identifiers | E9: pha4ge | F9: GISAID accession | G9: NA | H9: repositories | I9: wide_value
A10: 56 | B10: TRUE | C10: FALSE | D10: Database identifiers | E10: pha4ge | F10: GISAID virus name | G10: NA | H10: repositories | J10: notes | K10: {{GISAID virus name}} | N10: map to notes, match with GISAID entry
A11: 57 | B11: TRUE | C11: FALSE | D11: Database identifiers | E11: pha4ge | F11: GSA accession | G11: NA | H11: repositories | I11: wide_value
A12: 58 | B12: TRUE | C12: FALSE | D12: Database identifiers | E12: pha4ge | F12: metagenome-assembled genome (MAG) ID | G12: NA | H12: repositories | I12: wide_value
A13: 65 | B13: TRUE | C13: FALSE | D13: Database identifiers | E13: pha4ge | F13: SRA accession | G13: NA | H13: repositories | I13: wide_value

Sheet wide_repositories
A1: Complete | B1: wideSourceClass | C1: wideSourceSlot | D1: wideSourceValue | E1: wideTargetClass | F1: dataRepo_value | G1: wideOtherSlots | H1: value_value | I1: wideNotes
B2: pha4ge | C2: BioProject accession | E2: repositories | F2: insdc | H2: {{BioProject accession}}
B3: pha4ge | C3: BioSample accession | E3: repositories | F3: insdc | H3: {{BioSample accession}}
B4: pha4ge | C4: DDBJ accession | E4: repositories | F4: ddbj | H4: {{DDBJ accession}}
B5: pha4ge | C5: DRA accession | E5: repositories | F5: dra | H5: {{DRA accession}}
B6: pha4ge | C6: ENA accession | E6: repositories | F6: ena | H6: {{ENA accession}}
B7: pha4ge | C7: Enterobase accession | E7: repositories | F7: enterobase | H7: {{Enterobase accession}}
B8: pha4ge | C8: GenBank accession (versioned) | E8: repositories | F8: genBank | H8: {{GenBank accession (versioned)}}
B9: pha4ge | C9: GISAID accession | E9: repositories | F9: gisaid | G9: { "notes_value" : "{{GISAID virus name}}" } | H9: {{GISAID accession}}
B10: pha4ge | C10: GSA accession | E10: repositories | F10: gsa | H10: {{GSA accession}}
B11: pha4ge | C11: metagenome-assembled genome (MAG) ID | E11: repositories | F11: mag | H11: {{metagenome-assembled genome (MAG) ID}}
B12: pha4ge | C12: SRA accession | E12: repositories | F12: sra | H12: {{SRA accession }}

Sheet maps_qualityReports
A1: IndexNum | B1: Martin Complete | C1: Complete | D1: PHA4GE_table | E1: sourceClass | F1: sourceSlot | G1: sourceValue | H1: targetClass | I1: wide? | J1: targetSlot | K1: targetValue | L1: notes2 | M1: customData | N1: notes | O1: Martin notes
A2: 25 | C2: TRUE | D2: Bioinformatics and QC metrics | E2: pha4ge | F2: quality control details | G2: NA | H2: qualityReports | J2: notes | K2: {{quality control details}} | N2: Need linkage to the measureRepID for the sequencing, generate qulaityIDs. | O2: See notes
A3: 26 | D3: Bioinformatics and QC metrics | E3: pha4ge | F3: quality control determination | G3: no quality control issues identified | H3: qualityReports | J3: qualityFlag | K3: noConcern | N3: Need linkage to the measureRepID for the sequencing, generate qulaityIDs. | O3: See notes
A4: 32 | D4: Bioinformatics and QC metrics | E4: pha4ge | F4: quality control issues | G4: low quality sequence | H4: qualityReports | J4: qualityFlag | K4: lowQualSeq | N4: Need linkage to the measureRepID for the sequencing, generate qulaityIDs. | O4: See notes
A5: 33 | D5: Bioinformatics and QC metrics | E5: pha4ge | F5: quality control issues | G5: sequence contaminated | H5: qualityReports | J5: qualityFlag | K5: seqContam | N5: Need linkage to the measureRepID for the sequencing, generate qulaityIDs. | O5: See notes
A6: 34 | D6: Bioinformatics and QC metrics | E6: pha4ge | F6: quality control issues | G6: low average genome coverage | H6: qualityReports | J6: qualityFlag | K6: lAGC | N6: Need linkage to the measureRepID for the sequencing, generate qulaityIDs. | O6: See notes
A7: 35 | D7: Bioinformatics and QC metrics | E7: pha4ge | F7: quality control issues | G7: low percent genome captured | H7: qualityReports | J7: qualityFlag | K7: lPGC | N7: Need linkage to the measureRepID for the sequencing, generate qulaityIDs. | O7: See notes
A8: 36 | D8: Bioinformatics and QC metrics | E8: pha4ge | F8: quality control issues | G8: read lengths shorter than expected | H8: qualityReports | J8: qualityFlag | K8: shortRead | N8: Need linkage to the measureRepID for the sequencing, generate qulaityIDs. | O8: See notes
A9: 37 | D9: Bioinformatics and QC metrics | E9: pha4ge | F9: quality control issues | G9: sequence amplification artifacts | H9: qualityReports | J9: qualityFlag | K9: ampliArtifact | N9: Need linkage to the measureRepID for the sequencing, generate qulaityIDs. | O9: See notes
A10: 38 | D10: Bioinformatics and QC metrics | E10: pha4ge | F10: quality control issues | G10: low signal to noise ratio | H10: qualityReports | J10: qualityFlag | K10: lowSNRatio | N10: Need linkage to the measureRepID for the sequencing, generate qulaityIDs. | O10: See notes
A11: 39 | D11: Bioinformatics and QC metrics | E11: pha4ge | F11: quality control issues | G11: low coverage of characteristic mutations | H11: qualityReports | J11: qualityFlag | K11: lowCovMut | N11: Need linkage to the measureRepID for the sequencing, generate qulaityIDs. | O11: See notes

Sheet maps_protocolSteps
A1: IndexNum | B1: Martin Complete | C1: Complete | D1: PHA4GE_table | E1: sourceClass | F1: sourceSlot | G1: sourceValue | H1: targetClass | I1: wide? | J1: targetSlot | K1: targetValue | L1: notes2 | M1: customData | N1: notes | O1: Martin notes
A2: 2 | C2: TRUE | D2: AMR detection information | E2: pha4ge | F2: AMR analysis software name | G2: NA | H2: protocolSteps | I2: wide_value | N2: link to AMR measures? Idk if there are any. | O2: What are AMR measures?
A3: 3 | B3: TRUE | C3: TRUE | D3: AMR detection information | E3: pha4ge | F3: AMR analysis software version | G3: NA | H3: protocolSteps | J3: stepVer | K3: {{AMR analysis software version}} | N3: link to AMR analysis software name - this is a tentative mapping. | O3: What are AMR measures?
A4: 9 | B4: TRUE | C4: TRUE | D4: Bioinformatics and QC metrics | E4: pha4ge | F4: consensus sequence software name | G4: NA | H4: protocolSteps | I4: wide_value | N4: link to sequencing measures | O4: See notes
A5: 10 | B5: TRUE | C5: TRUE | D5: Bioinformatics and QC metrics | E5: pha4ge | F5: consensus sequence software version | G5: NA | H5: protocolSteps | J5: stepVer | K5: {{consensus sequence software version}} | N5: link to consensus sequence software name - this is a tentative mapping.
A6: 11 | B6: TRUE | C6: TRUE | D6: Bioinformatics and QC metrics | E6: pha4ge | F6: deduplication method | G6: NA | H6: protocolSteps | I6: wide_value | N6: link to sequencing measures - may need to figure out a standard way to string these tegother under a protocolID via relationships | O6: See notes
A7: 12 | B7: TRUE | C7: TRUE | D7: Bioinformatics and QC metrics | E7: pha4ge | F7: dehosting method | G7: NA | H7: protocolSteps | I7: wide_value | N7: link to sequencing measures - may need to figure out a standard way to string these tegother under a protocolID via relationships | O7: See notes
A8: 42 | C8: TRUE | D8: Bioinformatics and QC metrics | E8: pha4ge | F8: raw sequence data processing method | G8: NA | H8: protocolSteps | I8: wide_value | N8: the version will need to be cleaved off and stored in protocolSteps_stepVer | O8: See notes
A9: 45 | B9: TRUE | C9: TRUE | D9: Bioinformatics and QC metrics | E9: pha4ge | F9: sequence assembly software name | G9: NA | H9: protocolSteps | I9: wide_value | N9: link with sequence assembly software version
A10: 46 | B10: TRUE | C10: TRUE | D10: Bioinformatics and QC metrics | E10: pha4ge | F10: sequence assembly software version | G10: NA | H10: protocolSteps | J10: stepVer | K10: {{sequence assembly software version}} | N10: link to sequence assembly software name - this is a tentative mapping.
A11: 226 | C11: TRUE | D11: Lineage/clade information | E11: pha4ge | F11: lineage/clade analysis software name | G11: NA | H11: protocolSteps | I11: wide_value | N11: link to lineage/clade analysis measures? Idk if there are any.
A12: 227 | C12: TRUE | D12: Lineage/clade information | E12: pha4ge | F12: lineage/clade analysis software version | G12: NA | H12: protocolSteps | J12: stepVer | K12: {{lineage/clade analysis software version}} | N12: link to lineage/clade analysis software name - this is a tentative mapping. | O12: How to link to software name? Which field should it go in?
A13: 234 | B13: TRUE | D13: Pathogen diagnostic testing | E13: pha4ge | F13: diagnostic measurement method | G13: quantitative real time polymerase chain reaction (qPCR) | H13: protocolSteps | I13: wide_value | O13: Should this be added to protocolID for "diagnostic measurement value"?
A14: 235 | B14: TRUE | D14: Pathogen diagnostic testing | E14: pha4ge | F14: diagnostic measurement method | G14: digital real time polymerase chain reaction (dPCR) | H14: protocolSteps | I14: wide_value
A15: 236 | B15: TRUE | D15: Pathogen diagnostic testing | E15: pha4ge | F15: diagnostic measurement method | G15: bacteria culture test | H15: protocolSteps | I15: wide_value
A16: 329 | C16: TRUE | D16: Sample collection and processing | F16: extraction kit | G16: NA | H16: protocolSteps | I16: wide_value | N16: link with {{extraction method}}; same row/entry
A17: 330 | B17: TRUE | D17: Sample collection and processing | E17: pha4ge | F17: extraction method | G17: NA | H17: protocolSteps | J17: summ | K17: {{extraction method}} | N17: link with {{extraction kit}}; same row/entry
A18: 331 | C18: TRUE | D18: Sample collection and processing | E18: pha4ge | F18: extraction recovery efficiency measurement method | G18: NA | H18: protocolSteps | J18: summ | K18: {{extraction recovery efficiency measurement method}} | N18: link with {{extraction recovery efficiency measurement value}}; probably via protocolID to measures table? | O18: Note sure how to link with the value. Will need to figure out the protocolIDs
A19: 658 | B19: TRUE | C19: TRUE | D19: Sample collection and processing | E19: pha4ge | F19: sample storage medium | G19: NA | H19: protocolSteps | I19: wide_value | N19: Link with {{sample storage method}}
A20: 659 | B20: TRUE | C20: TRUE | D20: Sample collection and processing | E20: pha4ge | F20: sample storage method | G20: NA | H20: protocolSteps | J20: summ | K20: {{sample storage method }} | N20: link with sample storage medium, maybe should be a protocol step summary rather than overall protocols?
A21: 667 | B21: TRUE | D21: Sample collection and processing | E21: pha4ge | F21: specimen processing | G21: Concentration | H21: protocolSteps | I21: wide_value | N21: Populate 'value', 'unit', and 'aggregation' for this row as "NR" | O21: In notes, is NR in value, unit, and aggregation only for sourceValue of "Concentration"? Shoud unit and aggregation be empty for the other sourceValues?
A22: 668 | B22: TRUE | D22: Sample collection and processing | E22: pha4ge | F22: specimen processing | G22: Centrifugation | H22: protocolSteps | I22: wide_value
A23: 669 | B23: TRUE | D23: Sample collection and processing | E23: pha4ge | F23: specimen processing | G23: Filtration | H23: protocolSteps | I23: wide_value
A24: 670 | B24: TRUE | D24: Sample collection and processing | E24: pha4ge | F24: specimen processing | G24: Flocculation | H24: protocolSteps | I24: wide_value
A25: 671 | B25: TRUE | D25: Sample collection and processing | E25: pha4ge | F25: specimen processing | G25: Magnetic nanobead binding | H25: protocolSteps | I25: wide_value
A26: 672 | B26: TRUE | D26: Sample collection and processing | E26: pha4ge | F26: specimen processing | G26: Precipitation | H26: protocolSteps | I26: wide_value
A27: 673 | B27: TRUE | D27: Sample collection and processing | E27: pha4ge | F27: specimen processing | G27: Gravity settling | H27: protocolSteps | I27: wide_value
A28: 674 | B28: TRUE | D28: Sample collection and processing | E28: pha4ge | F28: specimen processing | G28: Growth in enrichment broth | H28: protocolSteps | I28: wide_value
A29: 675 | B29: TRUE | D29: Sample collection and processing | E29: pha4ge | F29: specimen processing | G29: Pasteurization | H29: protocolSteps | I29: wide_value | N29: Populate 'value', with "TRUE" and populate 'unit', and 'aggregation' for this row as "NR"
A30: 691 | B30: TRUE | D30: Sequence information | E30: pha4ge | F30: amplicon pcr primer scheme | G30: artic-v1 | H30: protocolSteps | I30: wide_value
A31: 692 | B31: TRUE | D31: Sequence information | E31: pha4ge | F31: amplicon pcr primer scheme | G31: artic-v2 | H31: protocolSteps | I31: wide_value
A32: 693 | B32: TRUE | D32: Sequence information | E32: pha4ge | F32: amplicon pcr primer scheme | G32: artic-v3 | H32: protocolSteps | I32: wide_value
A33: 694 | B33: TRUE | D33: Sequence information | E33: pha4ge | F33: amplicon pcr primer scheme | G33: artic-v4 | H33: protocolSteps | I33: wide_value
A34: 695 | B34: TRUE | D34: Sequence information | E34: pha4ge | F34: amplicon pcr primer scheme | G34: artic-v4.1 | H34: protocolSteps | I34: wide_value
A35: 696 | B35: TRUE | D35: Sequence information | E35: pha4ge | F35: amplicon pcr primer scheme | G35: artic-v5.0.0_400 | H35: protocolSteps | I35: wide_value
A36: 697 | B36: TRUE | D36: Sequence information | E36: pha4ge | F36: amplicon pcr primer scheme | G36: artic-v5.1.0_400 | H36: protocolSteps | I36: wide_value
A37: 698 | B37: TRUE | D37: Sequence information | E37: pha4ge | F37: amplicon pcr primer scheme | G37: artic-v5.2.0_1200 | H37: protocolSteps | I37: wide_value
A38: 699 | B38: TRUE | D38: Sequence information | E38: pha4ge | F38: amplicon pcr primer scheme | G38: artic-v5.2.0_400 | H38: protocolSteps | I38: wide_value
A39: 700 | B39: TRUE | D39: Sequence information | E39: pha4ge | F39: amplicon pcr primer scheme | G39: artic-v5.3.2_400 | H39: protocolSteps | I39: wide_value
A40: 701 | B40: TRUE | D40: Sequence information | E40: pha4ge | F40: amplicon pcr primer scheme | G40: eden-v1 | H40: protocolSteps | I40: wide_value
A41: 702 | B41: TRUE | D41: Sequence information | E41: pha4ge | F41: amplicon pcr primer scheme | G41: midnight-bccdc-v1 | H41: protocolSteps | I41: wide_value
... A51: 712 | B51: TRUE | D51: Sequence information | E51: pha4ge | F51: amplicon pcr primer scheme | G51: varskip-vss2b | H51: protocolSteps | I51: wide_value
A52: 715 | B52: TRUE | D52: Sequence information | E52: pha4ge | F52: genomic target enrichment method | G52: hybrid selection method | H52: protocolSteps | I52: wide_value | N52: link with {{genomic target enrichment method details}} as the notes filed in ODM.
A53: 716 | B53: TRUE | D53: Sequence information | E53: pha4ge | F53: genomic target enrichment method | G53: rRNA depletion method | H53: protocolSteps | I53: wide_value | N53: link with {{genomic target enrichment method details}} as the notes filed in ODM.
A54: 717 | B54: TRUE | C54: TRUE | D54: Sequence information | E54: pha4ge | F54: genomic target enrichment method details | G54: NA | H54: protocolSteps | J54: summ | K54: {{genomic target enrichment method details}} | N54: Link with {{genomic target enrichment method}} protocol step in ODM.
A55: 718 | B55: TRUE | C55: TRUE | D55: Sequence information | E55: pha4ge | F55: library ID | G55: NA | H55: protocolSteps | J55: stepID | K55: {{library ID}} | N55: Link with library preparation kit - same row/entry
A56: 719 | B56: TRUE | C56: TRUE | D56: Sequence information | E56: pha4ge | F56: library preparation kit | G56: NA | H56: protocolSteps | I56: wide_value | N56: Link with library ID - same row/entry
A57: 736 | B57: TRUE | D57: Sequence information | E57: pha4ge | F57: sequencing assay type | G57: amplicon sequencing assay | H57: protocolSteps | I57: wide_value
A58: 737 | B58: TRUE | D58: Sequence information | E58: pha4ge | F58: sequencing assay type | G58: 16S ribosomal gene sequencing assay | H58: protocolSteps | I58: wide_value
A59: 738 | B59: TRUE | D59: Sequence information | E59: pha4ge | F59: sequencing assay type | G59: whole genome sequencing assay | H59: protocolSteps | I59: wide_value
A60: 739 | B60: TRUE | D60: Sequence information | E60: pha4ge | F60: sequencing assay type | G60: whole metagenome sequencing assay | H60: protocolSteps | I60: wide_value
A61: 740 | B61: TRUE | D61: Sequence information | E61: pha4ge | F61: sequencing assay type | G61: whole virome sequencing assay | H61: protocolSteps | I61: wide_value
A62: 841 | C62: TRUE | D62: Strain and isolation information | E62: pha4ge | F62: serotyping method | G62: NA | H62: protocolSteps | I62: wide_value
A63: 845 | C63: TRUE | D63: Taxonomic identification information | E63: pha4ge | F63: read mapping software name | G63: NA | H63: protocolSteps | I63: wide_value | N63: Link read protocol items all together please
A64: 846 | C64: TRUE | D64: Taxonomic identification information | E64: pha4ge | F64: read mapping software version | G64: NA | H64: protocolSteps | J64: stepVer | K64: {{read mapping software version}} | N64: Link read protocol items all together please

Sheet wide_protocolSteps
A1: Complete | B1: wideSourceClass | C1: wideSourceSlot | D1: wideSourceValue | E1: wideTargetClass | F1: wideTargetValue | G1: wideOtherSlots | H1: specimen_value | I1: measure_value | J1: method_value | K1: value_value | L1: wideNotes | M1: Martin Notes
A2: TRUE | B2: pha4ge | C2: amplicon pcr primer scheme | D2: artic-v1 | E2: protocolSteps | F2: articV1 | J2: primer | K2: {{amplicon pcr primer scheme}}
A3: TRUE | B3: pha4ge | C3: amplicon pcr primer scheme | D3: artic-v2 | E3: protocolSteps | F3: articV2 | J3: primer | K3: {{amplicon pcr primer scheme}}
A4: TRUE | B4: pha4ge | C4: amplicon pcr primer scheme | D4: artic-v3 | E4: protocolSteps | F4: articV3 | J4: primer | K4: {{amplicon pcr primer scheme}}
A5: TRUE | B5: pha4ge | C5: amplicon pcr primer scheme | D5: artic-v4 | E5: protocolSteps | F5: articV4 | J5: primer | K5: {{amplicon pcr primer scheme}}
A6: TRUE | B6: pha4ge | C6: amplicon pcr primer scheme | D6: artic-v4.1 | E6: protocolSteps | F6: articV41 | J6: primer | K6: {{amplicon pcr primer scheme}}
A7: TRUE | B7: pha4ge | C7: amplicon pcr primer scheme | D7: artic-v5.0.0_400 | E7: protocolSteps | F7: articV500 | J7: primer | K7: {{amplicon pcr primer scheme}}
A8: TRUE | B8: pha4ge | C8: amplicon pcr primer scheme | D8: artic-v5.1.0_400 | E8: protocolSteps | F8: articV510 | J8: primer | K8: {{amplicon pcr primer scheme}}
A9: TRUE | B9: pha4ge | C9: amplicon pcr primer scheme | D9: artic-v5.2.0_1200 | E9: protocolSteps | F9: articV520bp1200 | J9: primer | K9: {{amplicon pcr primer scheme}}
A10: TRUE | B10: pha4ge | C10: amplicon pcr primer scheme | D10: artic-v5.2.0_400 | E10: protocolSteps | F10: articV520bp400 | J10: primer | K10: {{amplicon pcr primer scheme}}
A11: TRUE | B11: pha4ge | C11: amplicon pcr primer scheme | D11: artic-v5.3.2_400 | E11: protocolSteps | F11: articV532 | J11: primer | K11: {{amplicon pcr primer scheme}}
A12: TRUE | B12: pha4ge | C12: amplicon pcr primer scheme | D12: eden-v1 | E12: protocolSteps | F12: edenV1 | J12: primer | K12: {{amplicon pcr primer scheme}}
A13: TRUE | B13: pha4ge | C13: amplicon pcr primer scheme | D13: midnight-bccdc-v1 | E13: protocolSteps | F13: midnightBCCDCv1 | J13: primer | K13: {{amplicon pcr primer scheme}}
... A23: TRUE | B23: pha4ge | C23: amplicon pcr primer scheme | D23: varskip-vss2b | E23: protocolSteps | F23: nebVarSkipV2b | J23: primer | K23: {{amplicon pcr primer scheme}}
A25: TRUE | B25: pha4ge | C25: Environmental conditions and measurements | D25: water catchment human population measurement method | E25: protocolSteps | J25: popAs | K25: {{water catchment human population measurement method}} | L25: Should match to one of the three possible categorical inputs for this field - ie. census, count, or rev.
A27: TRUE | B27: pha4ge | C27: diagnostic measurement method | D27: quantitative real time polymerase chain reaction (qPCR) | E27: protocolSteps | F27: dpcr | J27: pcrmeth | K27: {{diagnostic measurement method}}
A28: TRUE | B28: pha4ge | C28: diagnostic measurement method | D28: digital real time polymerase chain reaction (dPCR) | E28: protocolSteps | F28: qpcr | J28: pcrmeth | K28: {{diagnostic measurement method}}
A29: TRUE | B29: pha4ge | C29: diagnostic measurement method | D29: bacteria culture test | E29: protocolSteps | F29: bacCul | J29: bactMeth | K29: {{diagnostic measurement method}}
A31: TRUE | B31: pha4ge | C31: genomic target enrichment method | D31: hybrid selection method | E31: protocolSteps | F31: hySel | G31: { "summ": "{{genomic target enrichment method details}}" } | H31: sa | J31: gte | K31: {{genomic target enrichment method}}
A32: TRUE | B32: pha4ge | C32: genomic target enrichment method | D32: rRNA depletion method | E32: protocolSteps | F32: rnaDepl | G32: { "summ": "{{genomic target enrichment method details}}" } | H32: sa | J32: gte | K32: {{genomic target enrichment method}}
A34: TRUE | B34: pha4ge | C34: specimen processing | D34: Concentration | E34: protocolSteps | F34: methodConc | H34: sa | J34: methodConc | K34: NR | L34: Should be linked to a sample ID and also to the notes field reporting of the {{specimen processing details}}. | M34: Populate 'value', 'unit', and 'aggregation' for this row as "NR"
A35: TRUE | B35: pha4ge | C35: specimen processing | D35: Centrifugation | E35: protocolSteps | F35: solidSep | H35: sa | J35: solidSep | K35: cent | L35: Should be linked to a sample ID and also to the notes field reporting of the {{specimen processing details}}.
A36: TRUE | B36: pha4ge | C36: specimen processing | D36: Filtration | E36: protocolSteps | F36: solidSep | H36: sa | J36: solidSep | K36: filt | L36: Should be linked to a sample ID and also to the notes field reporting of the {{specimen processing details}}.
A37: TRUE | B37: pha4ge | C37: specimen processing | D37: Flocculation | E37: protocolSteps | F37: methodConc | H37: sa | J37: methodConc | K37: floc | L37: Should be linked to a sample ID and also to the notes field reporting of the {{specimen processing details}}.
A38: TRUE | B38: pha4ge | C38: specimen processing | D38: Magnetic nanobead binding | E38: protocolSteps | F38: methodConc | H38: sa | J38: methodConc | K38: magBead | L38: Should be linked to a sample ID and also to the notes field reporting of the {{specimen processing details}}.
A39: TRUE | B39: pha4ge | C39: specimen processing | D39: Precipitation | E39: protocolSteps | F39: methodConc | H39: sa | J39: methodConc | K39: prec | L39: Should be linked to a sample ID and also to the notes field reporting of the {{specimen processing details}}.
A40: TRUE | B40: pha4ge | C40: specimen processing | D40: Gravity settling | E40: protocolSteps | F40: solidSep | H40: sa | J40: solidSep | K40: graSet | L40: Should be linked to a sample ID and also to the notes field reporting of the {{specimen processing details}}.
A41: TRUE | B41: pha4ge | C41: specimen processing | D41: Growth in enrichment broth | E41: protocolSteps | F41: bactMeth | H41: sa | J41: bactMeth | K41: growBroth | L41: Should be linked to a sample ID and also to the notes field reporting of the {{specimen processing details}}.
A42: TRUE | B42: pha4ge | C42: specimen processing | D42: Pasteurization | E42: protocolSteps | F42: pasteur | H42: sa | J42: pasteur | K42: TRUE | L42: Should be linked to a sample ID and also to the notes field reporting of the {{specimen processing details}}. | M42: Populate 'value', with "TRUE" and populate 'unit', and 'aggregation' for this row as "NR"
A44: TRUE | B44: pha4ge | C44: AMR analysis software name | D44: {{AMR analysis software name}} | E44: protocolSteps | G44: { "stepVer": "{{AMR analysis software version}}" } | H44: sa | J44: amrSoft | K44: {{AMR analysis software name}} | L44: should be linked to an AMR measure, additional complications if we RegEx map this free-text input to an ODM category.
A45: TRUE | B45: pha4ge | C45: consensus sequence software name | D45: {{consensus sequence software name}} | E45: protocolSteps | G45: { "stepVer": "{{consensus sequence software version}}" } | H45: sa | J45: conSeqSoft | K45: {{consensus sequence software name}} | L45: should be linked to a sequencing measure, additional complications if we RegEx map this free-text input to an ODM category.
A46: TRUE | B46: pha4ge | C46: deduplication method | D46: {{deduplication method}} | E46: protocolSteps | H46: sa | J46: dedup | K46: {{deduplication method}} | L46: should be linked to a sequencing measure, additional complications if we RegEx map this free-text input to an ODM category.
A47: TRUE | B47: pha4ge | C47: dehosting method | D47: {{dehosting method}} | E47: protocolSteps | H47: sa | J47: dehost | K47: {{dehosting method}} | L47: should be linked to a sequencing measure, additional complications if we RegEx map this free-text input to an ODM category.
A48: TRUE | B48: pha4ge | C48: raw sequence data processing method | D48: {{raw sequence data processing method}} | E48: protocolSteps | H48: sa | J48: rawSeqProc | K48: {{raw sequence data processing method}} | L48: should be linked to a sequencing measure, additional complications if we RegEx map this free-text input to an ODM category.
A49: TRUE | B49: pha4ge | C49: sequence assembly software name | D49: {{sequence assembly software name}} | E49: protocolSteps | G49: { "stepVer": "{{sequence assembly software version}}" } | H49: sa | J49: seqAss | K49: {{sequence assembly software name}} | L49: should be linked to a sequencing measure, additional complications if we RegEx map this free-text input to an ODM category.
A50: TRUE | B50: pha4ge | C50: lineage/clade analysis software name | D50: {{lineage/clade analysis software name}} | E50: protocolSteps | H50: sa | J50: cladeAn | K50: {{lineage/clade analysis software name}} | L50: should be linked to an organism or gene measure, likely, additional complications if we RegEx map this free-text input to an ODM category.
A52: TRUE | B52: pha4ge | C52: extraction kit | D52: {{extraction kit}} | E52: protocolSteps | G52: { "summ": "{{extraction method}}" } | H52: sa | J52: extraction | K52: {{extraction kit}} | L52: should be linked to {{extraction method}}; will likely need to parse freetext with regex to match ODM categories.
A54: TRUE | B54: pha4ge | C54: sample storage medium | D54: {{sample storage medium}} | E54: protocolSteps | G54: { "summ": "{{sample storage method}}" } | H54: sa | J54: stoMed | K54: {{sample storage medium}} | L54: Needs to be linked to {{sample storage method}}; a;lso will need regex parsing to go from free text to category.
A56: TRUE | B56: pha4ge | C56: library preparation kit | D56: {{library preparation kit}} | E56: protocolSteps | G56: { "stepID": "{{library ID}}" } | H56: sa | J56: libraryKit | K56: {{library preparation kit}} | L56: Link with library ID - same row/entry. Also will need need to maybe use regex to go from PHA4GE's ffreetext format to an ODM category.
A58: TRUE | B58: pha4ge | C58: sequencing assay type | D58: amplicon sequencing assay | E58: protocolSteps | F58: amp | H58: sa | J58: seqStrat | K58: {{sequencing assay type}} | L58: link with other sequencing protocols/steps
A59: TRUE | B59: pha4ge | C59: sequencing assay type | D59: 16S ribosomal gene sequencing assay | E59: protocolSteps | F59: 16rgs | H59: sa | J59: seqStrat | K59: {{sequencing assay type}} | L59: link with other sequencing protocols/steps
A60: TRUE | B60: pha4ge | C60: sequencing assay type | D60: whole genome sequencing assay | E60: protocolSteps | F60: wgs | H60: sa | J60: seqStrat | K60: {{sequencing assay type}} | L60: link with other sequencing protocols/steps
A61: TRUE | B61: pha4ge | C61: sequencing assay type | D61: whole metagenome sequencing assay | E61: protocolSteps | F61: wms | H61: sa | J61: seqStrat | K61: {{sequencing assay type}} | L61: link with other sequencing protocols/steps
A62: TRUE | B62: pha4ge | C62: sequencing assay type | D62: whole virome sequencing assay | E62: protocolSteps | F62: wvs | H62: sa | J62: seqStrat | K62: {{sequencing assay type}} | L62: link with other sequencing protocols/steps
A64: TRUE | B64: pha4ge | C64: serotyping method | D64: {{serotyping method}} | E64: protocolSteps | G64: { "version" : "{{the version number at the end of serotyping method (where reported)}}" } | H64: sa | I64: seroMeth | K64: {{serotyping method}} | L64: regex to match categories from the free-text input/
A66: TRUE | B66: pha4ge | C66: read mapping software name | D66: {{read mapping software name}} | E66: protocolSteps | H66: sa | I66: readMapper | K66: {{read mapping software name}} | L66: regex to match categories from the free-text input/

Sheet maps_protocols
A1: IndexNum | B1: Martin Complete | C1: Complete | D1: PHA4GE_table | E1: sourceClass | F1: sourceSlot | G1: sourceValue | H1: targetClass | I1: wide? | J1: targetSlot | K1: targetValue | L1: notes2 | M1: customData | N1: notes | O1: Martin notes
A2: 6 | C2: TRUE | D2: Bioinformatics and QC metrics | E2: pha4ge | F2: bioinformatics protocol | G2: NA | H2: protocols | J2: summ (OR reflink?) | K2: {{bioinformatics protocol}} | N2: link to other bioinformatics pieces from the PHA4GE bioinformatics table? | O2: What value to use for targetSlot?
A3: 40 | C3: TRUE | D3: Bioinformatics and QC metrics | E3: pha4ge | F3: quality control method name | G3: NA | H3: protocols | I3: wide_value | N3: link to quality control method version - this is a tentative mapping. | O3: See wide_protocols
A4: 41 | D4: Bioinformatics and QC metrics | E4: pha4ge | F4: quality control method version | G4: NA | H4: protocols | J4: protocolVersion | K4: {{quality control method version}} | N4: Need to link with the quality control protocol entry (entry for {{quality control method name}}) | O4: See wide_protocols
A5: 323 | C5: TRUE | D5: Sample collection and processing | E5: pha4ge | F5: experimental control details | G5: NA | H5: protocols | J5: summ | K5: {{experimental control details}} | N5: need to link to a blank protocol, probably, ad auto-generate a protocol. ID> | O5: Not sure about notes
A6: 324 | B6: TRUE | C6: TRUE | D6: Sample collection and processing | E6: pha4ge | F6: experimental protocol field | G6: NA | H6: protocols | J6: protocolID | K6: {{experimental protocol field}}
A7: 679 | C7: TRUE | D7: Sample collection and processing | E7: pha4ge | F7: specimen processing details | G7: NA | H7: protocols | J7: summ | K7: {{specimen processing details}} | N7: Needs to be in the same ODM row//linked with the mapped value for {{specimen processing}}. | O7: See notes
A8: 838 | C8: TRUE | D8: Strain and isolation information | E8: pha4ge | F8: microbiological method | G8: NA | H8: protocols | J8: protocolID / summ | K8: {{microbiological method}} | N8: Seems that the ID or summary will depend on the dataset? Not standard so harder to map… | O8: See notes
A9: 844 | C9: TRUE | D9: Taxonomic identification information | E9: pha4ge | F9: read mapping criteria | G9: NA | H9: protocols | J9: summ | K9: {{read mapping criteria}} | N9: Link read protocol items all together please

Sheet wide_protocols
A1: Complete | B1: wideSourceClass | C1: wideSourceSlot | D1: wideSourceValue | E1: wideTargetClass | F1: wideTargetValue | G1: wideOtherSlots | H1: name_value | I1: protocolID_value | J1: notes_value | K1: protocolVersion_value | L1: wideNotes
A2: TRUE | B2: pha4ge | C2: quality control method name | E2: protocols | H2: {{quality control method name}} | K2: {{quality control method version}}
B4: pha4ge | C4: alkalinity measurement method | E4: protocols | I4: {{alkalinity measurement method}} | J4: alkalinity measurement method | L4: Note: This may be somewhat problematic of a mapping, since this is a free-text variable in PHA4GE. But I think this will work for now. ALSO, note that these are the same header and such, but need to be linked to the related measure.
B5: pha4ge | C5: alkalinity measurement method | E5: protocols | I5: {{alkalinity measurement method}} | J5: alkalinity measurement method | L5: Note: This may be somewhat problematic of a mapping, since this is a free-text variable in PHA4GE. But I think this will work for now. ALSO, note that these are the same header and such, but need to be linked to the related measure.
B6: pha4ge | C6: dissolved oxygen measurement method | E6: protocols | I6: {{dissolved oxygen measurement method}} | J6: dissolved oxygen measurement method | L6: Note: This may be somewhat problematic of a mapping, since this is a free-text variable in PHA4GE. But I think this will work for now. ALSO, note that these are the same header and such, but need to be linked to the related measure.
B7: pha4ge | C7: fecal coliform count method | E7: protocols | I7: {{fecal coliform count method}} | J7: fecal coliform count method | L7: Note: This may be somewhat problematic of a mapping, since this is a free-text variable in PHA4GE. But I think this will work for now. ALSO, note that these are the same header and such, but need to be linked to the related measure.
B8: pha4ge | C8: oxygen reduction potential (ORP) measurement method | E8: protocols | I8: {{oxygen reduction potential (ORP) measurement method}} | J8: oxygen reduction potential (ORP) measurement method | L8: Note: This may be somewhat problematic of a mapping, since this is a free-text variable in PHA4GE. But I think this will work for now. ALSO, note that these are the same header and such, but need to be linked to the related measure.
B9: pha4ge | C9: salinity measurement method | E9: protocols | I9: {{salinity measurement method}} | J9: salinity measurement method | L9: Note: This may be somewhat problematic of a mapping, since this is a free-text variable in PHA4GE. But I think this will work for now. ALSO, note that these are the same header and such, but need to be linked to the related measure.
B10: pha4ge | C10: total dissolved solids (TDS) measurement method | E10: protocols | I10: {{total dissolved solids (TDS) measurement method}} | J10: total dissolved solids (TDS) measurement method | L10: Note: This may be somewhat problematic of a mapping, since this is a free-text variable in PHA4GE. But I think this will work for now. ALSO, note that these are the same header and such, but need to be linked to the related measure.
B11: pha4ge | C11: water catchment human population measurement method | E11: protocols | I11: {{water catchment human population measurement method}} | J11: water catchment human population measurement method | L11: Note: This may be somewhat problematic of a mapping, since this is a free-text variable in PHA4GE. But I think this will work for now. ALSO, note that these are the same header and such, but need to be linked to the related measure.
B12: pha4ge | C12: fecal contamination method | E12: protocols | I12: {{fecal contamination method}} | J12: fecal contamination method | L12: Note: This may be somewhat problematic of a mapping, since this is a free-text variable in PHA4GE. But I think this will work for now. ALSO, note that these are the same header and such, but need to be linked to the related measure.
B13: pha4ge | C13: urinary contamination method | E13: protocols | I13: {{urinary contamination method}} | J13: urinary contamination method | L13: Note: This may be somewhat problematic of a mapping, since this is a free-text variable in PHA4GE. But I think this will work for now. ALSO, note that these are the same header and such, but need to be linked to the related measure.
B14: pha4ge | C14: pH measurement method | E14: protocols | I14: {{pH measurement method}} | J14: pH measurement method | L14: Note: This may be somewhat problematic of a mapping, since this is a free-text variable in PHA4GE. But I think this will work for now. ALSO, note that these are the same header and such, but need to be linked to the related measure.
B15: pha4ge | C15: precipitation measurement method | E15: protocols | I15: {{precipitation measurement method}} | J15: precipitation measurement method | L15: Note: This may be somewhat problematic of a mapping, since this is a free-text variable in PHA4GE. But I think this will work for now. ALSO, note that these are the same header and such, but need to be linked to the related measure.
... B25: pha4ge | C25: turbidity measurement method | E25: protocols | I25: {{turbidity measurement method}} | J25: turbidity measurement method | L25: Note: This may be somewhat problematic of a mapping, since this is a free-text variable in PHA4GE. But I think this will work for now. ALSO, note that these are the same header and such, but need to be linked to the related measure.
B27: pha4ge | C27: extraction recovery efficiency measurement method | E27: protocols | I27: {{extraction recovery efficiency measurement method}} | J27: extraction recovery efficiency measurement method

Sheet maps_polygons
A1: IndexNum | B1: Martin Complete | C1: Complete | D1: PHA4GE_table | E1: sourceClass | F1: sourceSlot | G1: sourceValue | H1: targetClass | I1: wide? | J1: targetSlot | K1: targetValue | L1: notes2 | M1: customData | N1: notes | O1: Martin notes
A2: 688 | B2: TRUE | D2: Sample collection and processing | E2: pha4ge | F2: watershed shapefile availability | G2: Available | H2: polygons | J2: poLic | K2: open | N2: Link polygon/shapefil items together | O2: Not sure about notes
A3: 689 | B3: TRUE | D3: Sample collection and processing | E3: pha4ge | F3: watershed shapefile availability | G3: Unknown | H3: polygons | J3: poLic | K3: NR | N3: Link polygon/shapefil items together | O3: Not sure about notes
A4: 690 | B4: TRUE | C4: TRUE | D4: Sample collection and processing | E4: pha4ge | F4: watershed shapefile filename | G4: NA | H4: polygons | J4: name | K4: {{watershed shapefile filename}} | N4: Link polygon/shapefil items together | O4: Not sure about notes

Sheet maps_measures
A1: IndexNum | B1: Martin Complete | C1: Complete | D1: PHA4GE_table | E1: sourceClass | F1: sourceSlot | G1: sourceValue | H1: targetClass | I1: wide? | J1: targetSlot | K1: targetValue | L1: notes2 | M1: customData | N1: notes | O1: Martin notes
A2: 1 | B2: FALSE | C2: TRUE | D2: AMR detection information | E2: pha4ge | F2: AMR analysis report filename | G2: NA | H2: measures | J2: notes | K2: {{AMR analysis report filename}} | N2: Add to the measure row of an AMR target in the notes field. | O2: What are AMR measures?
A3: 7 | B3: TRUE | C3: FALSE | D3: Bioinformatics and QC metrics | E3: pha4ge | F3: breadth of coverage value | G3: NA | H3: measures | I3: wide_value | N3: May need to link with separately stored units? | O3: See notes: Units should be a percentage according to PHA4GE
A4: 8 | B4: TRUE | C4: FALSE | D4: Bioinformatics and QC metrics | E4: pha4ge | F4: consensus genome length | G4: NA | H4: measures | I4: wide_value
A5: 13 | B5: TRUE | C5: FALSE | D5: Bioinformatics and QC metrics | E5: pha4ge | F5: depth of coverage threshold | G5: NA | H5: measures | I5: wide_value
A6: 14 | B6: TRUE | C6: FALSE | D6: Bioinformatics and QC metrics | E6: pha4ge | F6: depth of coverage value | G6: NA | H6: measures | I6: wide_value | N6: May need to link with separately stored units? | O6: See notes: Units should be unitless
A7: 15 | B7: TRUE | C7: FALSE | D7: Bioinformatics and QC metrics | E7: pha4ge | F7: genome completeness | G7: NA | H7: measures | I7: wide_value
A8: 16 | B8: TRUE | C8: FALSE | D8: Bioinformatics and QC metrics | E8: pha4ge | F8: minimum post-trimming read length | G8: NA | H8: measures | I8: wide_value
A9: 17 | B9: TRUE | C9: FALSE | D9: Bioinformatics and QC metrics | E9: pha4ge | F9: N50 | G9: NA | H9: measures | I9: wide_value
A10: 18 | B10: TRUE | C10: FALSE | D10: Bioinformatics and QC metrics | E10: pha4ge | F10: Ns per 100 kbp | G10: NA | H10: measures | I10: wide_value
A11: 19 | B11: TRUE | C11: FALSE | D11: Bioinformatics and QC metrics | E11: pha4ge | F11: number of base pairs sequenced | G11: NA | H11: measures | I11: wide_value
A12: 20 | B12: TRUE | C12: FALSE | D12: Bioinformatics and QC metrics | E12: pha4ge | F12: number of contigs | G12: NA | H12: measures | I12: wide_value
A13: 21 | B13: TRUE | C13: FALSE | D13: Bioinformatics and QC metrics | E13: pha4ge | F13: number of total reads | G13: NA | H13: measures | I13: wide_value
A14: 22 | B14: TRUE | C14: FALSE | D14: Bioinformatics and QC metrics | E14: pha4ge | F14: number of unique reads | G14: NA | H14: measures | I14: wide_value
A15: 23 | B15: TRUE | C15: FALSE | D15: Bioinformatics and QC metrics | E15: pha4ge | F15: percent Ns across total genome length | G15: NA | H15: measures | I15: wide_value
A16: 24 | B16: TRUE | C16: FALSE | D16: Bioinformatics and QC metrics | E16: pha4ge | F16: percent read contamination | G16: NA | H16: measures | I16: wide_value
A17: 27 | D17: Bioinformatics and QC metrics | E17: pha4ge | F17: quality control determination | G17: sequence passed quality control | H17: measures | J17: reportable | K17: TRUE | N17: report with sequencing measure | O17: See notes
A18: 28 | D18: Bioinformatics and QC metrics | E18: pha4ge | F18: quality control determination | G18: sequence failed quality control | H18: measures | J18: reportable | K18: FALSE | N18: report with sequencing measure | O18: See notes
A19: 29 | D19: Bioinformatics and QC metrics | E19: pha4ge | F19: quality control determination | G19: minor quality control issues identified | H19: measures | J19: reportable | K19: TRUE | N19: Generate a quality report with the the quality flag "qf1" to accompany this report, and then report both with the sequencing measure | O19: See notes
A20: 30 | D20: Bioinformatics and QC metrics | E20: pha4ge | F20: quality control determination | G20: sequence flagged for potential quality control issues | H20: measures | J20: reportable | K20: TRUE | N20: Generate a quality report with the the quality flag "qf1" to accompany this report, and then report both with the sequencing measure | O20: See notes
A21: 31 | D21: Bioinformatics and QC metrics | E21: pha4ge | F21: quality control determination | G21: quality control not performed | H21: measures | J21: reportable | K21: nr | N21: report with sequencing measure | O21: See notes
A22: 44 | B22: TRUE | C22: FALSE | D22: Bioinformatics and QC metrics | E22: pha4ge | F22: sequence assembly length | G22: NA | H22: measures | I22: wide_value
A23: 66 | B23: TRUE | C23: FALSE | D23: Environmental conditions and measurements | E23: pha4ge | F23: alkalinity measurement method | G23: NA | H23: measures | J23: protocolID | K23: {{alkalinity measurement method}} | L23: In protocols table, include the text (i.e. "alkilinity measurement method") in the notes field. | N23: Note: This may be somewhat problematic of a mapping, since this is a free-text variable in PHA4GE. But I think this will work for now. ALSO, note that these are the same header and such, but need to be linked to the related measure. | O23: See notes2 for protocols table
A24: 67 | B24: TRUE | C24: FALSE | D24: Environmental conditions and measurements | E24: pha4ge | F24: alkalinity measurement unit | G24: milliequivalent per liter (meq/L) | H24: measures | J24: unit | K24: meqL | N24: Link in measures with the actual measure value.
A25: 68 | B25: TRUE | C25: FALSE | D25: Environmental conditions and measurements | E25: pha4ge | F25: alkalinity measurement unit | G25: milligram per liter of calcium carbonate (mg/L CaCO3) | H25: measures | J25: unit | K25: mgLCaCO3 | N25: Link in measures with the actual measure value.
A26: 69 | B26: TRUE | C26: FALSE | D26: Environmental conditions and measurements | E26: pha4ge | F26: alkalinity measurement unit | G26: part per million (ppm) | H26: measures | J26: unit | K26: ppm | N26: Link in measures with the actual measure value.
A27: 70 | B27: TRUE | C27: FALSE | D27: Environmental conditions and measurements | E27: pha4ge | F27: alkalinity measurement value | G27: NA | H27: measures | I27: wide_value
A28: 71 | B28: TRUE | C28: FALSE | D28: Environmental conditions and measurements | E28: pha4ge | F28: ambient temperature measurement unit | G28: degree Fahrenheit (F) | H28: measures | J28: unit | K28: fah | N28: Link in measures with the actual measure value.
A29: 72 | B29: TRUE | C29: FALSE | D29: Environmental conditions and measurements | E29: pha4ge | F29: ambient temperature measurement unit | G29: degree Celsius (C) | H29: measures | J29: unit | K29: cel | N29: Link in measures with the actual measure value.
A30: 73 | B30: TRUE | C30: FALSE | D30: Environmental conditions and measurements | E30: pha4ge | F30: ambient temperature measurement value | G30: NA | H30: measures | I30: wide_value
A31: 74 | B31: TRUE | C31: FALSE | D31: Environmental conditions and measurements | E31: pha4ge | F31: carbonaceous biochemical oxygen demand (CBOD) measurement method | G31: NA | H31: measures | J31: protocolID | K31: {{carbonaceous biochemical oxygen demand (CBOD) measurement method}} | L31: In protocols table, include the text (i.e. "alkilinity measurement method") in the notes field. | N31: Note: This may be somewhat problematic of a mapping, since this is a free-text variable in PHA4GE. But I think this will work for now. ALSO, note that these are the same header and such, but need to be linked to the related measure.
A32: 75 | B32: TRUE | C32: FALSE | D32: Environmental conditions and measurements | E32: pha4ge | F32: carbonaceous biochemical oxygen demand (CBOD) measurement unit | G32: milligram per liter (mg/L) | H32: measures | J32: unit | K32: mgL | N32: Link in measures with the actual measure value.
A33: 76 | B33: TRUE | C33: FALSE | D33: Environmental conditions and measurements | E33: pha4ge | F33: carbonaceous biochemical oxygen demand (CBOD) measurement value | G33: NA | H33: measures | I33: wide_value
A34: 77 | B34: TRUE | C34: FALSE | D34: Environmental conditions and measurements | E34: pha4ge | F34: chemical oxygen demand (COD) measurement method | G34: NA | H34: measures | J34: protocolID | K34: {{chemical oxygen demand (COD) measurement method}} | L34: In protocols table, include the text (i.e. "alkilinity measurement method") in the notes field. | N34: Note: This may be somewhat problematic of a mapping, since this is a free-text variable in PHA4GE. But I think this will work for now. ALSO, note that these are the same header and such, but need to be linked to the related measure.
A35: 78 | B35: TRUE | C35: FALSE | D35: Environmental conditions and measurements | E35: pha4ge | F35: chemical oxygen demand (COD) measurement unit | G35: milligram per liter (mg/L) | H35: measures | J35: unit | K35: mgL | N35: Link in measures with the actual measure value.
A36: 79 | B36: TRUE | C36: FALSE | D36: Environmental conditions and measurements | E36: pha4ge | F36: chemical oxygen demand (COD) measurement value | G36: NA | H36: measures | I36: wide_value
A37: 80 | B37: TRUE | C37: FALSE | D37: Environmental conditions and measurements | E37: pha4ge | F37: conductivity measurement method | G37: NA | H37: measures | J37: protocolID | K37: {{conductivity measurement method}} | L37: In protocols table, include the text (i.e. "alkilinity measurement method") in the notes field. | N37: Note: This may be somewhat problematic of a mapping, since this is a free-text variable in PHA4GE. But I think this will work for now. ALSO, note that these are the same header and such, but need to be linked to the related measure.
A38: 81 | B38: TRUE | C38: FALSE | D38: Environmental conditions and measurements | E38: pha4ge | F38: conductivity measurement unit | G38: milliSiemen per centimeter (mS/cm) | H38: measures | J38: unit | K38: mScm | N38: Link in measures with the actual measure value.
A39: 82 | B39: TRUE | C39: FALSE | D39: Environmental conditions and measurements | E39: pha4ge | F39: conductivity measurement unit | G39: microSiemen per centimeter (μS/cm) | H39: measures | J39: unit | K39: uSCm | N39: Link in measures with the actual measure value.
A40: 83 | B40: TRUE | C40: FALSE | D40: Environmental conditions and measurements | E40: pha4ge | F40: conductivity measurement unit | G40: Siemen per meter (S/m) | H40: measures | J40: unit | K40: Sm | N40: Link in measures with the actual measure value.
A41: 84 | B41: TRUE | C41: FALSE | D41: Environmental conditions and measurements | E41: pha4ge | F41: conductivity measurement unit | G41: millimho per centimeter (mmho/cm) | H41: measures | J41: unit | K41: mmhocm | N41: Link in measures with the actual measure value.
A42: 85 | B42: TRUE | C42: FALSE | D42: Environmental conditions and measurements | E42: pha4ge | F42: conductivity measurement unit | G42: micromho per centimeter (μmho/cm) | H42: measures | J42: unit | K42: umhocm | N42: Link in measures with the actual measure value.
A43: 86 | B43: TRUE | C43: FALSE | D43: Environmental conditions and measurements | E43: pha4ge | F43: conductivity measurement value | G43: NA | H43: measures | I43: wide_value
A44: 87 | B44: TRUE | C44: FALSE | D44: Environmental conditions and measurements | E44: pha4ge | F44: dissolved oxygen measurement method | G44: NA | H44: measures | J44: protocolID | K44: {{dissolved oxygen measurement method}} | L44: In protocols table, include the text (i.e. "alkilinity measurement method") in the notes field. | N44: Note: This may be somewhat problematic of a mapping, since this is a free-text variable in PHA4GE. But I think this will work for now. ALSO, note that these are the same header and such, but need to be linked to the related measure.
A45: 88 | B45: TRUE | C45: FALSE | D45: Environmental conditions and measurements | E45: pha4ge | F45: dissolved oxygen measurement unit | G45: milligram per liter (mg/L) | H45: measures | J45: unit | K45: mgL | N45: Link in measures with the actual measure value.
A46: 89 | B46: TRUE | C46: FALSE | D46: Environmental conditions and measurements | E46: pha4ge | F46: dissolved oxygen measurement unit | G46: kilogram per cubic meter (kg/m^3) | H46: measures | J46: unit | K46: kgm3 | N46: Link in measures with the actual measure value.
A47: 90 | B47: TRUE | C47: FALSE | D47: Environmental conditions and measurements | E47: pha4ge | F47: dissolved oxygen measurement unit | G47: part per million (ppm) | H47: measures | J47: unit | K47: ppm | N47: Link in measures with the actual measure value.
A48: 91 | B48: TRUE | C48: FALSE | D48: Environmental conditions and measurements | E48: pha4ge | F48: dissolved oxygen measurement value | G48: NA | H48: measures | I48: wide_value
A49: 92 | B49: TRUE | C49: FALSE | D49: Environmental conditions and measurements | E49: pha4ge | F49: fecal coliform count method | G49: NA | H49: measures | J49: protocolID | K49: {{fecal coliform count method}} | L49: In protocols table, include the text (i.e. "alkilinity measurement method") in the notes field. | N49: Note: This may be somewhat problematic of a mapping, since this is a free-text variable in PHA4GE. But I think this will work for now. ALSO, note that these are the same header and such, but need to be linked to the related measure.
A50: 93 | B50: TRUE | C50: FALSE | D50: Environmental conditions and measurements | E50: pha4ge | F50: fecal coliform count unit | G50: colony forming units per milliliter (CFU/mL) | H50: measures | J50: unit | K50: cfumL | N50: Link in measures with the actual measure value.
A51: 94 | B51: TRUE | C51: FALSE | D51: Environmental conditions and measurements | E51: pha4ge | F51: fecal coliform count unit | G51: colony forming units per 100 milliliter (CFU/100 mL) | H51: measures | J51: unit | K51: cfu100 | N51: Link in measures with the actual measure value.
A52: 95 | B52: TRUE | C52: FALSE | D52: Environmental conditions and measurements | E52: pha4ge | F52: fecal coliform count unit | G52: colony forming units per grams total solids (CFU/gTS) | H52: measures | J52: unit | K52: cfugTS | N52: Link in measures with the actual measure value.
A53: 96 | B53: TRUE | C53: FALSE | D53: Environmental conditions and measurements | E53: pha4ge | F53: fecal coliform count unit | G53: most probable number per milliliter (MPN/mL) | H53: measures | J53: unit | K53: mpnmL | N53: Link in measures with the actual measure value.
A54: 97 | B54: TRUE | C54: FALSE | D54: Environmental conditions and measurements | E54: pha4ge | F54: fecal coliform count unit | G54: most probable number per 100 milliliter (MPN/100 mL) | H54: measures | J54: unit | K54: mpn100mL | N54: Link in measures with the actual measure value.
A55: 98 | B55: TRUE | C55: FALSE | D55: Environmental conditions and measurements | E55: pha4ge | F55: fecal coliform count unit | G55: log10 gene copies per 100 milliliter (log10 GC/100 mL) | H55: measures | J55: unit | K55: log10gc100mL | N55: Link in measures with the actual measure value.
A56: 99 | B56: TRUE | C56: FALSE | D56: Environmental conditions and measurements | E56: pha4ge | F56: fecal coliform count unit | G56: gene copies per liter (GC/L) | H56: measures | J56: unit | K56: gcL | N56: Link in measures with the actual measure value.
A57: 100 | B57: TRUE | C57: FALSE | D57: Environmental conditions and measurements | E57: pha4ge | F57: fecal coliform count unit | G57: cycle threshold (Ct) / quantification cycle (Cq) | H57: measures | J57: unit | K57: ctcq | N57: Link in measures with the actual measure value.
A58: 101 | B58: TRUE | C58: FALSE | D58: Environmental conditions and measurements | E58: pha4ge | F58: fecal coliform count unit | G58: log10 gene copies per nanogram total DNA | H58: measures | J58: unit | K58: log10gcngDNA | N58: Link in measures with the actual measure value.
A59: 102 | B59: TRUE | C59: FALSE | D59: Environmental conditions and measurements | E59: pha4ge | F59: fecal coliform count value | G59: NA | H59: measures | I59: wide_value
A60: 103 | B60: TRUE | C60: FALSE | D60: Environmental conditions and measurements | E60: pha4ge | F60: fecal contamination indicator | G60: crAssphage | H60: measures | J60: measure | K60: cra | N60: This should not be reported on it's own, but only as part of the reporting of "fecal contamination value"
A61: 104 | B61: TRUE | C61: FALSE | D61: Environmental conditions and measurements | E61: pha4ge | F61: fecal contamination indicator | G61: PMMoV / pepper mild mottle virus | H61: measures | J61: measure | K61: ppmv | N61: This should not be reported on it's own, but only as part of the reporting of "fecal contamination value"
A62: 105 | B62: TRUE | C62: FALSE | D62: Environmental conditions and measurements | E62: pha4ge | F62: fecal contamination indicator | G62: Bacteroides HF183 | H62: measures | J62: measure | K62: hf183 | N62: This should not be reported on it's own, but only as part of the reporting of "fecal contamination value"
A63: 106 | B63: TRUE | C63: FALSE | D63: Environmental conditions and measurements | E63: pha4ge | F63: fecal contamination indicator | G63: Lachnospiraceae Lachno3 | H63: measures | J63: measure | K63: lachno3 | N63: This should not be reported on it's own, but only as part of the reporting of "fecal contamination value"
A64: 107 | B64: TRUE | C64: FALSE | D64: Environmental conditions and measurements | E64: pha4ge | F64: fecal contamination indicator | G64: Male-specific (F+) coliphages | H64: measures | J64: measure | K64: fColiphage | N64: This should not be reported on it's own, but only as part of the reporting of "fecal contamination value"
A65: 108 | B65: TRUE | C65: FALSE | D65: Environmental conditions and measurements | E65: pha4ge | F65: fecal contamination indicator | G65: stercobilin | H65: measures | J65: measure | K65: stercobilin | N65: This should not be reported on it's own, but only as part of the reporting of "fecal contamination value"
A66: 109 | B66: TRUE | C66: FALSE | D66: Environmental conditions and measurements | E66: pha4ge | F66: fecal contamination method | G66: NA | H66: measures | J66: protocolID | K66: {{fecal contamination method}} | L66: In protocols table, include the text (i.e. "alkilinity measurement method") in the notes field. | N66: Note: This may be somewhat problematic of a mapping, since this is a free-text variable in PHA4GE. But I think this will work for now. ALSO, note that these are the same header and such, but need to be linked to the related measure.
A67: 110 | B67: TRUE | C67: FALSE | D67: Environmental conditions and measurements | E67: pha4ge | F67: fecal contamination unit | G67: log10 gene copies per 100 milliliter (log10 GC/100 mL) | H67: measures | J67: unit | K67: log10gc100mL | N67: Link in measures with the actual measure value.
A68: 111 | B68: TRUE | C68: FALSE | D68: Environmental conditions and measurements | E68: pha4ge | F68: fecal contamination unit | G68: gene copies per liter (GC/L) | H68: measures | J68: unit | K68: gcL | N68: Link in measures with the actual measure value.
A69: 112 | B69: TRUE | C69: FALSE | D69: Environmental conditions and measurements | E69: pha4ge | F69: fecal contamination unit | G69: PCR quantification cycle | H69: measures | J69: unit | K69: pcrCycles | N69: Link in measures with the actual measure value.
A70: 113 | B70: TRUE | C70: FALSE | D70: Environmental conditions and measurements | E70: pha4ge | F70: fecal contamination unit | G70: log10 gene copies per nanogram total DNA | H70: measures | J70: unit | K70: log10gcngDNA | N70: Link in measures with the actual measure value.
A71: 114 | B71: TRUE | C71: FALSE | D71: Environmental conditions and measurements | E71: pha4ge | F71: fecal contamination value | G71: NA | H71: measures | I71: wide_value
A72: 115 | B72: TRUE | C72: FALSE | D72: Environmental conditions and measurements | E72: pha4ge | F72: instantaneous flow rate measurement method | G72: NA | H72: measures | J72: protocolID | K72: {{flow rate measurement method}} | L72: In protocols table, include the text (i.e. "alkilinity measurement method") in the notes field. | N72: Note: This may be somewhat problematic of a mapping, since this is a free-text variable in PHA4GE. But I think this will work for now. ALSO, note that these are the same header and such, but need to be linked to the related measure.
A73: 116 | B73: TRUE | C73: FALSE | D73: Environmental conditions and measurements | E73: pha4ge | F73: instantaneous flow rate measurement unit | G73: cubic meter per second (m^3/s) | H73: measures | J73: unit | K73: m3S | N73: Link in measures with the actual measure value.
A74: 117 | B74: TRUE | C74: FALSE | D74: Environmental conditions and measurements | E74: pha4ge | F74: instantaneous flow rate measurement unit | G74: cubic meter per minute (m^3/min) | H74: measures | J74: unit | K74: m3min | N74: Link in measures with the actual measure value.
A75: 118 | B75: TRUE | C75: FALSE | D75: Environmental conditions and measurements | E75: pha4ge | F75: instantaneous flow rate measurement unit | G75: cubic meter per hour (m^3/h) | H75: measures | J75: unit | K75: m3H | N75: Link in measures with the actual measure value.
A76: 119 | B76: TRUE | C76: FALSE | D76: Environmental conditions and measurements | E76: pha4ge | F76: instantaneous flow rate measurement unit | G76: liter per second (L/s) | H76: measures | J76: unit | K76: lsec | N76: Link in measures with the actual measure value.
A77: 120 | B77: TRUE | C77: FALSE | D77: Environmental conditions and measurements | E77: pha4ge | F77: instantaneous flow rate measurement unit | G77: liter per minute (L/min) | H77: measures | J77: unit | K77: lmin | N77: Link in measures with the actual measure value.
A78: 121 | B78: TRUE | C78: FALSE | D78: Environmental conditions and measurements | E78: pha4ge | F78: instantaneous flow rate measurement unit | G78: liter per hour (L/h) | H78: measures | J78: unit | K78: lhour | N78: Link in measures with the actual measure value.
A79: 122 | B79: TRUE | C79: FALSE | D79: Environmental conditions and measurements | E79: pha4ge | F79: instantaneous flow rate measurement unit | G79: liter per day (L/day) | H79: measures | J79: unit | K79: lday | N79: Link in measures with the actual measure value.
A80: 123 | B80: TRUE | C80: FALSE | D80: Environmental conditions and measurements | E80: pha4ge | F80: instantaneous flow rate measurement unit | G80: million gallons per day (MGD) | H80: measures | J80: unit | K80: mgd | N80: Link in measures with the actual measure value.
A81: 124 | B81: TRUE | C81: FALSE | D81: Environmental conditions and measurements | E81: pha4ge | F81: instantaneous flow rate measurement value | G81: NA | H81: measures | I81: wide_value
A82: 125 | B82: TRUE | C82: FALSE | D82: Environmental conditions and measurements | E82: pha4ge | F82: oxygen reduction potential (ORP) measurement method | G82: NA | H82: measures | J82: protocolID | K82: {{oxygen reduction potential (ORP) measurement method}} | L82: In protocols table, include the text (i.e. "alkilinity measurement method") in the notes field. | N82: Note: This may be somewhat problematic of a mapping, since this is a free-text variable in PHA4GE. But I think this will work for now. ALSO, note that these are the same header and such, but need to be linked to the related measure.
A83: 126 | B83: TRUE | C83: FALSE | D83: Environmental conditions and measurements | E83: pha4ge | F83: oxygen reduction potential (ORP) measurement unit | G83: milliVolt (mV) | H83: measures | J83: unit | K83: mvolt | N83: Link in measures with the actual measure value.
A84: 127 | B84: TRUE | C84: FALSE | D84: Environmental conditions and measurements | E84: pha4ge | F84: oxygen reduction potential (ORP) measurement value | G84: NA | H84: measures | I84: wide_value
A85: 128 | B85: TRUE | C85: FALSE | D85: Environmental conditions and measurements | E85: pha4ge | F85: pH measurement method | G85: NA | H85: measures | J85: protocolID | K85: {{pH measurement method}} | L85: In protocols table, include the text (i.e. "alkilinity measurement method") in the notes field. | N85: Note: This may be somewhat problematic of a mapping, since this is a free-text variable in PHA4GE. But I think this will work for now. ALSO, note that these are the same header and such, but need to be linked to the related measure.
A86: 129 | B86: TRUE | C86: FALSE | D86: Environmental conditions and measurements | E86: pha4ge | F86: pH measurement value | G86: NA | H86: measures | I86: wide_value
A87: 130 | B87: TRUE | C87: FALSE | D87: Environmental conditions and measurements | E87: pha4ge | F87: populated area type | G87: suburban | H87: measures | I87: wide_value
A88: 131 | B88: TRUE | C88: FALSE | D88: Environmental conditions and measurements | E88: pha4ge | F88: populated area type | G88: rural | H88: measures | I88: wide_value
A89: 132 | B89: TRUE | C89: FALSE | D89: Environmental conditions and measurements | E89: pha4ge | F89: populated area type | G89: urban | H89: measures | I89: wide_value
A90: 133 | B90: TRUE | C90: FALSE | D90: Environmental conditions and measurements | E90: pha4ge | F90: precipitation measurement method | G90: NA | H90: measures | J90: protocolID | K90: {{precipitation measurement method}} | L90: In protocols table, include the text (i.e. "alkilinity measurement method") in the notes field. | N90: Note: This may be somewhat problematic of a mapping, since this is a free-text variable in PHA4GE. But I think this will work for now. ALSO, note that these are the same header and such, but need to be linked to the related measure.
A91: 134 | B91: TRUE | C91: FALSE | D91: Environmental conditions and measurements | E91: pha4ge | F91: precipitation measurement unit | G91: millimeter (mm) | H91: measures | J91: unit | K91: mm | N91: Link in measures with the actual measure value.
A92: 135 | B92: TRUE | C92: FALSE | D92: Environmental conditions and measurements | E92: pha4ge | F92: precipitation measurement unit | G92: centimeter (cm) | H92: measures | J92: unit | K92: cm | N92: Link in measures with the actual measure value.
A93: 136 | B93: TRUE | C93: FALSE | D93: Environmental conditions and measurements | E93: pha4ge | F93: precipitation measurement unit | G93: meter (m) | H93: measures | J93: unit | K93: meter | N93: Link in measures with the actual measure value.
A94: 137 | B94: TRUE | C94: FALSE | D94: Environmental conditions and measurements | E94: pha4ge | F94: precipitation measurement unit | G94: inch (in) | H94: measures | J94: unit | K94: inch | N94: Link in measures with the actual measure value.
A95: 138 | B95: TRUE | C95: FALSE | D95: Environmental conditions and measurements | E95: pha4ge | F95: precipitation measurement unit | G95: foot (ft) | H95: measures | J95: unit | K95: foot | N95: Link in measures with the actual measure value.
A96: 139 | B96: TRUE | C96: FALSE | D96: Environmental conditions and measurements | E96: pha4ge | F96: precipitation measurement value | G96: NA | H96: measures | I96: wide_value
A97: 140 | B97: TRUE | C97: FALSE | D97: Environmental conditions and measurements | E97: pha4ge | F97: presampling weather conditions | G97: Cloudy/Overcast | H97: measures | I97: wide_value
A98: 141 | B98: TRUE | C98: FALSE | D98: Environmental conditions and measurements | E98: pha4ge | F98: presampling weather conditions | G98: Partially cloudy | H98: measures | I98: wide_value
A99: 142 | B99: TRUE | C99: FALSE | D99: Environmental conditions and measurements | E99: pha4ge | F99: presampling weather conditions | G99: Drizzle | H99: measures | I99: wide_value
A100: 143 | B100: TRUE | C100: FALSE | D100: Environmental conditions and measurements | E100: pha4ge | F100: presampling weather conditions | G100: Fog | H100: measures | I100: wide_value
...

Sheet wide_measures
A1: Martin Complete | B1: Complete | C1: wideSourceClass | D1: wideSourceSlot | E1: wideSourceValue | F1: wideTargetClass | G1: wideTargetValue | H1: wideOtherSlots | I1: protocolID_value | J1: specimen_value | K1: measure_value | L1: measureSetID_value | M1: value_value | N1: unit_value | O1: aggregation_value | P1: wideNotes | Q1: Martin Notes
A2: TRUE | B2: TRUE | C2: pha4ge | D2: alkalinity measurement value | F2: measures | I2: {{alkalinity measurement method}} | J2: si | K2: alkaline | M2: {{alkalinity measurement value}} | N2: {{alkalinity measurement unit}} | O2: me | P2: not sure about the aggregation
A3: TRUE | B3: TRUE | C3: pha4ge | D3: dissolved oxygen measurement value | F3: measures | I3: {{dissolved oxygen measurement method}} | J3: si | K3: dissOxy | M3: {{dissolved oxygen measurement value}} | N3: {{dissolved oxygen measurement unit}} | O3: me | P3: not sure about the aggregation
A4: TRUE | B4: TRUE | C4: pha4ge | D4: fecal coliform count value | F4: measures | I4: {{fecal coliform count method}} | J4: sa | K4: fecalCol | M4: {{fecal coliform count value}} | N4: {{fecal coliform count unit}} | O4: me | P4: not sure about the aggregation
A5: TRUE | B5: TRUE | C5: pha4ge | D5: oxygen reduction potential (ORP) measurement value | F5: measures | I5: {{oxygen reduction potential (ORP) measurement method}} | J5: si | K5: orp | M5: {{oxygen reduction potential (ORP) measurement value}} | N5: {{oxygen reduction potential (ORP) measurement unit}} | O5: me | P5: not sure about the aggregation
A7: TRUE | B7: TRUE | C7: pha4ge | D7: populated area type | E7: suburban | F7: measures | G7: suburban | J7: si | K7: popAreaType | M7: {{populated area type}} | N7: unitless | O7: sin
A8: TRUE | B8: TRUE | C8: pha4ge | D8: populated area type | E8: rural | F8: measures | G8: rural | J8: si | K8: popAreaType | M8: {{populated area type}} | N8: unitless | O8: sin
A9: TRUE | B9: TRUE | C9: pha4ge | D9: populated area type | E9: urban | F9: measures | G9: urban | J9: si | K9: popAreaType | M9: {{populated area type}} | N9: unitless | O9: sin
A11: TRUE | B11: TRUE | C11: pha4ge | D11: salinity measurement value | F11: measures | I11: {{salinity measurement method}} | J11: si | K11: salinity | M11: {{salinity measurement value}} | N11: {{salinity measurement unit}} | O11: me
A12: TRUE | B12: TRUE | C12: pha4ge | D12: total dissolved solids (TDS) measurement value | F12: measures | I12: {{total dissolved solids (TDS) measurement method}} | J12: si | K12: tds | M12: {{total dissolved solids (TDS) measurement value}} | N12: {{total dissolved solids (TDS) measurement unit}} | O12: me
A14: TRUE | B14: TRUE | C14: pha4ge | D14: water catchment human population range | E14: <10 people | F14: measures | G14: less10 | J14: si | K14: popServRange | M14: {{water catchment human population range}} | N14: peeps | O14: me
A15: TRUE | B15: TRUE | C15: pha4ge | D15: water catchment human population range | E15: 10 - 100 people | F15: measures | G15: less100 | J15: si | K15: popServRange | M15: {{water catchment human population range}} | N15: peeps | O15: me
A16: TRUE | B16: TRUE | C16: pha4ge | D16: water catchment human population range | E16: 100 - 1,000 people | F16: measures | G16: less1k | J16: si | K16: popServRange | M16: {{water catchment human population range}} | N16: peeps | O16: me
A17: TRUE | B17: TRUE | C17: pha4ge | D17: water catchment human population range | E17: 1,000 - 10,000 people | F17: measures | G17: less10k | J17: si | K17: popServRange | M17: {{water catchment human population range}} | N17: peeps | O17: me
A18: TRUE | B18: TRUE | C18: pha4ge | D18: water catchment human population range | E18: 10,000 - 100,000 people | F18: measures | G18: less100k | J18: si | K18: popServRange | M18: {{water catchment human population range}} | N18: peeps | O18: me
A19: TRUE | B19: TRUE | C19: pha4ge | D19: water catchment human population range | E19: 100,000 - 1,000,000 people | F19: measures | G19: less1mil | J19: si | K19: popServRange | M19: {{water catchment human population range}} | N19: peeps | O19: me
A20: TRUE | B20: TRUE | C20: pha4ge | D20: water catchment human population range | E20: 1,000,000+ people | F20: measures | G20: more1mil | J20: si | K20: popServRange | M20: {{water catchment human population range}} | N20: peeps | O20: me
A22: TRUE | B22: TRUE | C22: pha4ge | D22: water catchment human population measurement value | F22: measures | I22: {{water catchment human population measurement method}} | J22: si | K22: popServ | M22: {{water catchment human population measurement value}} | N22: peeps | O22: me
A24: TRUE | B24: TRUE | C24: pha4ge | D24: presampling weather conditions | E24: Cloudy/Overcast | F24: measures | G24: cloudy | J24: si | K24: preSampWeath | M24: {{presampling weather conditions}} | N24: unitless | O24: sin
A25: TRUE | B25: TRUE | C25: pha4ge | D25: presampling weather conditions | E25: Partially cloudy | F25: measures | G25: cloudy | J25: si | K25: preSampWeath | M25: {{presampling weather conditions}} | N25: unitless | O25: sin
A26: TRUE | B26: TRUE | C26: pha4ge | D26: presampling weather conditions | E26: Drizzle | F26: measures | G26: rainy | J26: si | K26: preSampWeath | M26: {{presampling weather conditions}} | N26: unitless | O26: sin
A27: TRUE | B27: TRUE | C27: pha4ge | D27: presampling weather conditions | E27: Fog | F27: measures | G27: foggy | J27: si | K27: preSampWeath | M27: {{presampling weather conditions}} | N27: unitless | O27: sin
A28: TRUE | B28: TRUE | C28: pha4ge | D28: presampling weather conditions | E28: Rain | F28: measures | G28: rainy | J28: si | K28: preSampWeath | M28: {{presampling weather conditions}} | N28: unitless | O28: sin
A29: TRUE | B29: TRUE | C29: pha4ge | D29: presampling weather conditions | E29: Snow | F29: measures | G29: snowy | J29: si | K29: preSampWeath | M29: {{presampling weather conditions}} | N29: unitless | O29: sin
A30: TRUE | B30: TRUE | C30: pha4ge | D30: presampling weather conditions | E30: Storm | F30: measures | G30: stormy | J30: si | K30: preSampWeath | M30: {{presampling weather conditions}} | N30: unitless | O30: sin
A31: TRUE | B31: TRUE | C31: pha4ge | D31: presampling weather conditions | E31: Sunny/Clear | F31: measures | G31: sunny | J31: si | K31: preSampWeath | M31: {{presampling weather conditions}} | N31: unitless | O31: sin
A33: TRUE | B33: TRUE | C33: pha4ge | D33: sampling weather conditions | E33: Cloudy/Overcast | F33: measures | G33: cloudy | J33: si | K33: weath | M33: {{sampling weather conditions}} | N33: unitless | O33: sin
A34: TRUE | B34: TRUE | C34: pha4ge | D34: sampling weather conditions | E34: Partially cloudy | F34: measures | G34: cloudy | J34: si | K34: weath | M34: {{sampling weather conditions}} | N34: unitless | O34: sin
A35: TRUE | B35: TRUE | C35: pha4ge | D35: sampling weather conditions | E35: Drizzle | F35: measures | G35: rainy | J35: si | K35: weath | M35: {{sampling weather conditions}} | N35: unitless | O35: sin
A36: TRUE | B36: TRUE | C36: pha4ge | D36: sampling weather conditions | E36: Fog | F36: measures | G36: foggy | J36: si | K36: weath | M36: {{sampling weather conditions}} | N36: unitless | O36: sin
... A40: TRUE | B40: TRUE | C40: pha4ge | D40: sampling weather conditions | E40: Sunny/Clear | F40: measures | G40: sunny | J40: si | K40: weath | M40: {{sampling weather conditions}} | N40: unitless | O40: sin
A42: TRUE | B42: TRUE | C42: pha4ge | D42: consensus genome length | F42: measures | J42: sa | K42: conGenLen | M42: {{consensus genome length}} | N42: unitless | O42: me
A43: TRUE | B43: TRUE | C43: pha4ge | D43: depth of coverage threshold | F43: measures | J43: sa | K43: depCovThresh | M43: {{depth of coverage threshold}} | N43: unitless | O43: me
A44: TRUE | B44: TRUE | C44: pha4ge | D44: genome completeness | F44: measures | J44: sa | K44: genComplete | M44: {{genome completeness}} | N44: perc | O44: me
A45: TRUE | B45: TRUE | C45: pha4ge | D45: minimum post-trimming read length | F45: measures | J45: sa | K45: minPTLength | M45: {{minimum post-trimming read length}} | N45: unitless | O45: me
A46: TRUE | B46: TRUE | C46: pha4ge | D46: N50 | F46: measures | J46: sa | K46: n50 | M46: {{N50}} | N46: megaB | O46: me
A47: TRUE | B47: TRUE | C47: pha4ge | D47: Ns per 100 kbp | F47: measures | J47: sa | K47: ambigNs | M47: {{Ns per 100 kbp}} | N47: nPerKbp | O47: me
A48: TRUE | B48: TRUE | C48: pha4ge | D48: number of base pairs sequenced | F48: measures | J48: sa | K48: nBPSeq | M48: {{number of base pairs sequenced}} | N48: bps | O48: me
A49: TRUE | B49: TRUE | C49: pha4ge | D49: number of contigs | F49: measures | J49: sa | K49: nContig | M49: {{number of contigs}} | N49: unitless | O49: me
A50: TRUE | B50: TRUE | C50: pha4ge | D50: number of total reads | F50: measures | J50: sa | K50: nTotRead | M50: {{number of total reads}} | N50: unitless | O50: me
A51: TRUE | B51: TRUE | C51: pha4ge | D51: number of unique reads | F51: measures | J51: sa | K51: nUniRead | M51: {{number of unique reads}} | N51: unitless | O51: me
A52: TRUE | B52: TRUE | C52: pha4ge | D52: percent Ns across total genome length | F52: measures | J52: sa | K52: percNLength | M52: {{percent Ns across total genome length}} | N52: perc | O52: me
A53: TRUE | B53: TRUE | C53: pha4ge | D53: percent read contamination | F53: measures | J53: sa | K53: percContam | M53: {{percent read contamination }} | N53: perc | O53: me
A54: TRUE | B54: TRUE | C54: pha4ge | D54: sequence assembly length | F54: measures | J54: sa | K54: seqAssLen | M54: {{sequence assembly length}} | N54: unitless | O54: me
A55: TRUE | B55: TRUE | C55: pha4ge | D55: breadth of coverage value | F55: measures | J55: sa | K55: {{gene name}} | L55: {{id:measureSetID_gene_name}} | M55: {{breadth of coverage value}} | N55: boc | O55: me | P55: I think this aggregation is right… May need to revisit. This needs to be linked with diagnostic target presence (I think). | Q55: How to link with diagnostic target presence? Not sure if this linkage is required
A56: TRUE | B56: TRUE | C56: pha4ge | D56: depth of coverage value | F56: measures | J56: sa | K56: {{gene name}} | L56: {{id:measureSetID_gene_name}} | M56: {{depth of coverage value}} | N56: doc | O56: me | P56: I think this aggregation is right… May need to revisit. This needs to be linked with diagnostic target presence (I think). | Q56: How to link with diagnostic target presence? Not sure if this linkage is required
A57: TRUE | B57: TRUE | C57: pha4ge | D57: fecal contamination value | F57: measures | I57: {{fecal contamination method}} | J57: sa | K57: {{fecal contamination indicator}} | M57: {{fecal contamination value}} | N57: {{fecal contamination unit}} | O57: me
A58: TRUE | B58: TRUE | C58: pha4ge | D58: urinary contamination value | F58: measures | I58: {{urinary contamination method}} | J58: sa | K58: {{urinary contamination indicator}} | M58: {{urinary contamination value}} | N58: {{urinary contamination unit}} | O58: me
A59: TRUE | B59: TRUE | C59: pha4ge | D59: water catchment human population density value | F59: measures | J59: si | K59: popDensity | M59: {{water catchment human population density value}} | N59: {{water catchment human population density unit}} | O59: me
A60: TRUE | B60: TRUE | C60: pha4ge | D60: pH measurement value | F60: measures | I60: {{pH measurement method}} | J60: sa | K60: ph | M60: {{pH measurement value}} | N60: unitless | O60: me
B61: TRUE | C61: pha4ge | D61: sample temperature value (when received) | F61: measures | J61: sa | K61: arTemp | M61: {{sample temperature value (when received)}} | N61: {{sample temperature unit (when received)}} | O61: me
B62: TRUE | C62: pha4ge | D62: sample temperature value (at collection) | F62: measures | J62: sa | K62: fst | M62: {{sample temperature value (at collection)}} | N62: {{sample temperature unit (at collection)}} | O62: me
A63: TRUE | B63: TRUE | C63: pha4ge | D63: ambient temperature measurement value | F63: measures | J63: si | K63: airTemp | M63: {{ambient temperature measurement value}} | N63: {{ambient temperature measurement unit}} | O63: me
A64: TRUE | B64: TRUE | C64: pha4ge | D64: precipitation measurement value | F64: measures | I64: {{precipitation measurement method}} | J64: si | K64: precip | M64: {{precipitation measurement value}} | N64: {{precipitation measurement unit}} | O64: me
A65: TRUE | B65: TRUE | C65: pha4ge | D65: carbonaceous biochemical oxygen demand (CBOD) measurement value | F65: measures | I65: {{carbonaceous biochemical oxygen demand (CBOD) measurement method}} | J65: sa | K65: cbod | M65: {{carbonaceous biochemical oxygen demand (CBOD) measurement value}} | N65: {{carbonaceous biochemical oxygen demand (CBOD) measurement unit}} | O65: me
A66: TRUE | B66: TRUE | C66: pha4ge | D66: chemical oxygen demand (COD) measurement value | F66: measures | I66: {{chemical oxygen demand (COD) measurement method}} | J66: sa | K66: cod | M66: {{chemical oxygen demand (COD) measurement value}} | N66: {{chemical oxygen demand (COD) measurement unit}} | O66: me
A67: TRUE | B67: TRUE | C67: pha4ge | D67: conductivity measurement value | F67: measures | I67: {{conductivity measurement method}} | J67: sa | K67: cond | M67: {{conductivity measurement value}} | N67: {{conductivity measurement unit}} | O67: me
A68: TRUE | B68: TRUE | C68: pha4ge | D68: instantaneous flow rate measurement value | F68: measures | I68: {{instantaneous flow rate measurement method}} | J68: si | K68: floRate | M68: {{instantaneous flow rate measurement value}} | N68: {{instantaneous flow rate measurement unit}} | O68: sin | P68: These are recorded the same, and are the same measure. The difference being that instantaeous is a "single" in the aggregation, and "mean" in the aggregation for the daily.
A69: TRUE | B69: TRUE | C69: pha4ge | D69: total daily flow rate measurement value | F69: measures | I69: {{total daily flow rate measurement method}} | J69: si | K69: floRate | M69: {{total daily flow rate measurement value}} | N69: {{total daily flow rate measurement unit}} | O69: me | P69: These are recorded the same, and are the same measure. The difference being that instantaeous is a "single" in the aggregation, and "mean" in the aggregation for the daily.
A70: TRUE | B70: TRUE | C70: pha4ge | D70: total phosphorus (TP) measurement value | F70: measures | I70: {{total phosphorus (TP) measurement method}} | J70: sa | K70: phos | M70: {{total phosphorus (TP) measurement value}} | N70: {{total phosphorus (TP) measurement unit}} | O70: me
A71: TRUE | B71: TRUE | C71: pha4ge | D71: total nitrogen (TN) measurement value | F71: measures | I71: {{total nitrogen (TN) measurement method}} | J71: sa | K71: tn | M71: {{total nitrogen (TN) measurement value}} | N71: {{total nitrogen (TN) measurement unit}} | O71: me
A72: TRUE | B72: TRUE | C72: pha4ge | D72: total solids (TS) measurement value | F72: measures | I72: {{total solids (TS) measurement method}} | J72: sa | K72: ts | M72: {{total solids (TS) measurement value}} | N72: {{total solids (TS) measurement unit}} | O72: me
A73: TRUE | B73: TRUE | C73: pha4ge | D73: total suspended solids (TSS) measurement value | F73: measures | I73: {{total suspended solids (TSS) measurement method} | J73: sa | K73: tss | M73: {{total suspended solids (TSS) measurement value}} | N73: {{total suspended solids (TSS) measurement unit}} | O73: me
A74: TRUE | B74: TRUE | C74: pha4ge | D74: turbidity measurement value | F74: measures | I74: {{turbidity measurement method}} | J74: sa | K74: turb | M74: {{turbidity measurement value}} | N74: {{turbidity measurement unit}} | O74: me
A76: TRUE | B76: TRUE | C76: pha4ge | D76: diagnostic target presence | E76: diagnostic target present | F76: measures | G76: TRUE | J76: sa | K76: {{gene name}} | L76: {{id:measureSetID_gene_name}} | M76: {{diagnostic target presence}} | N76: det | O76: me | P76: Unsure of aggregation. {{gene name}} here should match the gene name mapping separately, and these measures should be organized together into a measureSet -> meaning a measureSetID will need to be generated.
A77: TRUE | B77: TRUE | C77: pha4ge | D77: diagnostic target presence | E77: diagnostic target absent | F77: measures | G77: FALSE | J77: sa | K77: {{gene name}} | L77: {{id:measureSetID_gene_name}} | M77: {{diagnostic target presence}} | N77: det | O77: me | P77: Unsure of aggregation. {{gene name}} here should match the gene name mapping separately, and these measures should be organized together into a measureSet -> meaning a measureSetID will need to be generated.
A79: TRUE | B79: TRUE | C79: pha4ge | D79: diagnostic measurement value | F79: measures | J79: sa | K79: {{gene name}} | L79: {{id:measureSetID_gene_name}} | M79: {{diagnostic measurement value}} | N79: {{diagnostic measurement unit}} | O79: me | P79: Gene name will need to match a measurement value in the ODM.
A81: TRUE | B81: TRUE | C81: pha4ge | D81: sample volume measurement value | F81: measures | J81: sa | K81: samVol | M81: {{sample volume measurement value}} | N81: {{sample volume measurement unit}} | O81: sin | P81: Should be in a measure set linked to a specific sample to which this measurement in relevant.
A82: TRUE | B82: TRUE | C82: pha4ge | D82: sample storage duration value | F82: measures | J82: sa | K82: stoTim | M82: {{sample storage duration value}} | N82: {{sample storage duration unit}} | O82: sin | P82: Should be in a measure set linked to a specific sample to which this measurement in relevant.
A84: TRUE | B84: TRUE | C84: pha4ge | D84: environmental material properties | E84: Stagnant | F84: measures | G84: stag | H84: { "siteID_value": "{{sampling site ID}}" } | J84: si | K84: matChar | M84: {{environmental material properties}} | N84: unitless | O84: sin
A85: TRUE | B85: TRUE | C85: pha4ge | D85: environmental material properties | E85: Slow-flowing | F85: measures | G85: slFlow | H85: { "siteID_value": "{{sampling site ID}}" } | J85: si | K85: matChar | M85: {{environmental material properties}} | N85: unitless | O85: sin
A86: TRUE | B86: TRUE | C86: pha4ge | D86: environmental material properties | E86: Fast-flowing | F86: measures | G86: faFlow | H86: { "siteID_value": "{{sampling site ID}}" } | J86: si | K86: matChar | M86: {{environmental material properties}} | N86: unitless | O86: sin
A87: TRUE | B87: TRUE | C87: pha4ge | D87: environmental material properties | E87: Liquid | F87: measures | G87: liquidMat | H87: { "siteID_value": "{{sampling site ID}}" } | J87: si | K87: matChar | M87: {{environmental material properties}} | N87: unitless | O87: sin
A88: TRUE | B88: TRUE | C88: pha4ge | D88: environmental material properties | E88: Slurry | F88: measures | G88: slur | H88: { "siteID_value": "{{sampling site ID}}" } | J88: si | K88: matChar | M88: {{environmental material properties}} | N88: unitless | O88: sin
A89: TRUE | B89: TRUE | C89: pha4ge | D89: environmental material properties | E89: Contamination | F89: measures | G89: contam | H89: { "siteID_value": "{{sampling site ID}}" } | J89: si | K89: matChar | M89: {{environmental material properties}} | N89: unitless | O89: sin
A90: TRUE | B90: TRUE | C90: pha4ge | D90: environmental material properties | E90: Fecal-contamination | F90: measures | G90: fecContam | H90: { "siteID_value": "{{sampling site ID}}" } | J90: si | K90: matChar | M90: {{environmental material properties}} | N90: unitless | O90: sin
A91: TRUE | B91: TRUE | C91: pha4ge | D91: environmental material properties | E91: Semi-solid | F91: measures | G91: semSol | H91: { "siteID_value": "{{sampling site ID}}" } | J91: si | K91: matChar | M91: {{environmental material properties}} | N91: unitless | O91: sin
A92: TRUE | B92: TRUE | C92: pha4ge | D92: environmental material properties | E92: Solid | F92: measures | G92: solidMat | H92: { "siteID_value": "{{sampling site ID}}" } | J92: si | K92: matChar | M92: {{environmental material properties}} | N92: unitless | O92: sin
A93: TRUE | B93: TRUE | C93: pha4ge | D93: environmental material properties | E93: Treated | F93: measures | G93: treat | H93: { "siteID_value": "{{sampling site ID}}" } | J93: si | K93: matChar | M93: {{environmental material properties}} | N93: unitless | O93: sin
A94: TRUE | B94: TRUE | C94: pha4ge | D94: environmental material properties | E94: Untreated | F94: measures | G94: untreat | H94: { "siteID_value": "{{sampling site ID}}" } | J94: si | K94: matChar | M94: {{environmental material properties}} | N94: unitless | O94: sin
A96: TRUE | B96: TRUE | C96: pha4ge | D96: presampling activity | E96: Agricultural activity | F96: measures | G96: agri | H96: { "siteID_value": "{{sampling site ID}}", "notes_value": "{{presampling activity details}}" } | J96: si | K96: presampAct | M96: {{presampling activity}} | N96: unitless | O96: sin | P96: Should be linked to a site ID and also to the notes field reporting of the {{presampling activity details}}.
A97: TRUE | B97: TRUE | C97: pha4ge | D97: presampling activity | E97: Animal husbandry | F97: measures | G97: husb | H97: { "siteID_value": "{{sampling site ID}}", "notes_value": "{{presampling activity details}}" } | J97: si | K97: presampAct | M97: {{presampling activity}} | N97: unitless | O97: sin | P97: Should be linked to a site ID and also to the notes field reporting of the {{presampling activity details}}.
A98: TRUE | B98: TRUE | C98: pha4ge | D98: presampling activity | E98: Industrial activity | F98: measures | G98: indus | H98: { "siteID_value": "{{sampling site ID}}", "notes_value": "{{presampling activity details}}" } | J98: si | K98: presampAct | M98: {{presampling activity}} | N98: unitless | O98: sin | P98: Should be linked to a site ID and also to the notes field reporting of the {{presampling activity details}}.
A99: TRUE | B99: TRUE | C99: pha4ge | D99: presampling activity | E99: Healthcare activity | F99: measures | G99: hcAct | H99: { "siteID_value": "{{sampling site ID}}", "notes_value": "{{presampling activity details}}" } | J99: si | K99: presampAct | M99: {{presampling activity}} | N99: unitless | O99: sin | P99: Should be linked to a site ID and also to the notes field reporting of the {{presampling activity details}}.
A100: TRUE | B100: TRUE | C100: pha4ge | D100: presampling activity | E100: Wastewater treatment | F100: measures | G100: wwTrt | H100: { "siteID_value": "{{sampling site ID}}", "notes_value": "{{presampling activity details}}" } | J100: si | K100: presampAct | M100: {{presampling activity}} | N100: unitless | O100: sin | P100: Should be linked to a site ID and also to the notes field reporting of the {{presampling activity details}}.
A101: TRUE | B101: TRUE | C101: pha4ge | D101: presampling activity | E101: Wastewater filtration | F101: measures | G101: wwFilt | H101: { "siteID_value": "{{sampling site ID}}", "notes_value": "{{presampling activity details}}" } | J101: si | K101: presampAct | M101: {{presampling activity}} | N101: unitless | O101: sin | P101: Should be linked to a site ID and also to the notes field reporting of the {{presampling activity details}}.
A102: TRUE | B102: TRUE | C102: pha4ge | D102: presampling activity | E102: Wastewater grit removal | F102: measures | G102: wwGrit | H102: { "siteID_value": "{{sampling site ID}}", "notes_value": "{{presampling activity details}}" } | J102: si | K102: presampAct | M102: {{presampling activity}} | N102: unitless | O102: sin | P102: Should be linked to a site ID and also to the notes field reporting of the {{presampling activity details}}.
A103: TRUE | B103: TRUE | C103: pha4ge | D103: presampling activity | E103: Wastewater microbial treatment | F103: measures | G103: wwMic | H103: { "siteID_value": "{{sampling site ID}}", "notes_value": "{{presampling activity details}}" } | J103: si | K103: presampAct | M103: {{presampling activity}} | N103: unitless | O103: sin | P103: Should be linked to a site ID and also to the notes field reporting of the {{presampling activity details}}.
A104: TRUE | B104: TRUE | C104: pha4ge | D104: presampling activity | E104: Wastewtaer primary sedimentation | F104: measures | G104: wwPriSed | H104: { "siteID_value": "{{sampling site ID}}", "notes_value": "{{presampling activity details}}" } | J104: si | K104: presampAct | M104: {{presampling activity}} | N104: unitless | O104: sin | P104: Should be linked to a site ID and also to the notes field reporting of the {{presampling activity details}}.
A105: TRUE | B105: TRUE | C105: pha4ge | D105: presampling activity | E105: Wastewater secondary sedimentation | F105: measures | G105: wwSecSed | H105: { "siteID_value": "{{sampling site ID}}", "notes_value": "{{presampling activity details}}" } | J105: si | K105: presampAct | M105: {{presampling activity}} | N105: unitless | O105: sin | P105: Should be linked to a site ID and also to the notes field reporting of the {{presampling activity details}}.
B107: TRUE | C107: pha4ge | D107: endogenous control details | E107: {{endogenous control details}} | F107: measures | H107: { "purpose_value" : "{{endogenous control details}}" } | J107: sa | K107: {{endogenous control details}} | M107: TRUE | N107: det | O107: me | P107: Unsure of aggregation. This will need to be parsed from free text to find out a) what the endogenous target control was so it can be mapped to the measure (ie. PMMoV), and b) whether it was detected or not to populate the value field with T or F. Needs to be linked to the main measure report, probably through a measure set. Ideally purpose would also be populated with "normalization".
B108: TRUE | C108: pha4ge | D108: endogenous control details | E108: {{endogenous control details}} | F108: measures | H108: { "purpose_value" : "{{endogenous control details}}" } | J108: sa | K108: {{endogenous control details}} | M108: FALSE | N108: det | O108: me | P108: Unsure of aggregation. This will need to be parsed from free text to find out a) what the endogenous target control was so it can be mapped to the measure (ie. PMMoV), and b) whether it was detected or not to populate the value field with T or F. Needs to be linked to the main measure report, probably through a measure set. Ideally purpose would also be populated with "normalization".
A110: TRUE | B110: TRUE | C110: pha4ge | D110: extraction recovery efficiency measurement value | F110: measures | I110: {{extraction recovery efficiency measurement method}} | J110: sa | K110: extractRecov | M110: {{extraction recovery efficiency measurement value}} | N110: perc | O110: sin | P110: should be linked to extraction kit and extraction method.
A112: TRUE | B112: TRUE | C112: pha4ge | D112: scale of sampling | E112: Community-level surveillance | F112: measures | G112: communitLev | J112: sa | K112: survLevel | M112: {{scale of sampling}} | P112: link to measure via measure set?… maybe merits larger discussion with group
A113: TRUE | B113: TRUE | C113: pha4ge | D113: scale of sampling | E113: Institution-level surveillance | F113: measures | G113: instituLev | J113: sa | K113: survLevel | M113: {{scale of sampling}} | P113: link to measure via measure set?… maybe merits larger discussion with group
A114: TRUE | B114: TRUE | C114: pha4ge | D114: scale of sampling | E114: Building-level surveillance | F114: measures | G114: builLev | J114: sa | K114: survLevel | M114: {{scale of sampling}} | P114: link to measure via measure set?… maybe merits larger discussion with group
A116: TRUE | B116: TRUE | C116: pha4ge | D116: amplicon size | F116: measures | J116: sa | K116: ampSize | M116: {{amplicon size}} | N116: bps | O116: sin | P116: link to sequencing measures via measure sets
A117: TRUE | B117: TRUE | C117: pha4ge | D117: DNA fragment length | F117: measures | J117: sa | K117: dnaFragLen | M117: {{DNA fragment length}} | N117: bps | O117: sin | P117: link to sequencing measures via measure sets
A119: TRUE | B119: TRUE | C119: pha4ge | D119: phagetype | F119: measures | J119: sa | K119: phagetype | M119: {{phagetype}} | N119: unitless | O119: sin | P119: link with isolate sample information, as reated measureSet. Along with serovar and strain.
A120: TRUE | B120: TRUE | C120: pha4ge | D120: serovar | F120: measures | J120: sa | K120: serovar | M120: {{serovar}} | N120: unitless | O120: sin | P120: link with isolate sample information, as reated measureSet. Along with phagetype and strain.
...

Sheet enums_measures
A1: IndexNum | B1: Complete | C1: PHA4GE_table | D1: sourceClass | E1: sourceSlot | F1: sourceValue | G1: targetClass | H1: targetSlot | I1: targetValue | J1: exprValue | K1: customData | L1: notes | M1: Martin Notes
A2: 67 | B2: =IF(OR(F2="NA",G2="wide_value"),"",TRUE) -> TRUE | C2: Environmental conditions and measurements | D2: pha4ge | E2: alkalinity measurement unit | F2: milliequivalent per liter (meq/L) | G2: measures | H2: unit | I2: meqL | L2: Link in measures with the actual measure value.
A3: 68 | B3: =IF(OR(F3="NA",G3="wide_value"),"",TRUE) -> TRUE | C3: Environmental conditions and measurements | D3: pha4ge | E3: alkalinity measurement unit | F3: milligram per liter of calcium carbonate (mg/L CaCO3) | G3: measures | H3: unit | I3: mgLCaCO3 | L3: Link in measures with the actual measure value.
A4: 69 | B4: =IF(OR(F4="NA",G4="wide_value"),"",TRUE) -> TRUE | C4: Environmental conditions and measurements | D4: pha4ge | E4: alkalinity measurement unit | F4: part per million (ppm) | G4: measures | H4: unit | I4: ppm | L4: Link in measures with the actual measure value.
A6: 71 | B6: =IF(OR(F6="NA",G6="wide_value"),"",TRUE) -> TRUE | C6: Environmental conditions and measurements | D6: pha4ge | E6: ambient temperature measurement unit | F6: degree Fahrenheit (F) | G6: measures | H6: unit | I6: fah | L6: Link in measures with the actual measure value.
A7: 72 | B7: =IF(OR(F7="NA",G7="wide_value"),"",TRUE) -> TRUE | C7: Environmental conditions and measurements | D7: pha4ge | E7: ambient temperature measurement unit | F7: degree Celsius (C) | G7: measures | H7: unit | I7: cel | L7: Link in measures with the actual measure value.
A9: 75 | B9: =IF(OR(F9="NA",G9="wide_value"),"",TRUE) -> TRUE | C9: Environmental conditions and measurements | D9: pha4ge | E9: carbonaceous biochemical oxygen demand (CBOD) measurement unit | F9: milligram per liter (mg/L) | G9: measures | H9: unit | I9: mgL | L9: Link in measures with the actual measure value.
A11: 78 | B11: =IF(OR(F11="NA",G11="wide_value"),"",TRUE) -> TRUE | C11: Environmental conditions and measurements | D11: pha4ge | E11: chemical oxygen demand (COD) measurement unit | F11: milligram per liter (mg/L) | G11: measures | H11: unit | I11: mgL | L11: Link in measures with the actual measure value.
A13: 81 | B13: =IF(OR(F13="NA",G13="wide_value"),"",TRUE) -> TRUE | C13: Environmental conditions and measurements | D13: pha4ge | E13: conductivity measurement unit | F13: milliSiemen per centimeter (mS/cm) | G13: measures | H13: unit | I13: mScm | L13: Link in measures with the actual measure value.
A14: 82 | B14: =IF(OR(F14="NA",G14="wide_value"),"",TRUE) -> TRUE | C14: Environmental conditions and measurements | D14: pha4ge | E14: conductivity measurement unit | F14: microSiemen per centimeter (μS/cm) | G14: measures | H14: unit | I14: uSCm | L14: Link in measures with the actual measure value.
A15: 83 | B15: =IF(OR(F15="NA",G15="wide_value"),"",TRUE) -> TRUE | C15: Environmental conditions and measurements | D15: pha4ge | E15: conductivity measurement unit | F15: Siemen per meter (S/m) | G15: measures | H15: unit | I15: Sm | L15: Link in measures with the actual measure value.
A16: 84 | B16: =IF(OR(F16="NA",G16="wide_value"),"",TRUE) -> TRUE | C16: Environmental conditions and measurements | D16: pha4ge | E16: conductivity measurement unit | F16: millimho per centimeter (mmho/cm) | G16: measures | H16: unit | I16: mmhocm | L16: Link in measures with the actual measure value.
A17: 85 | B17: =IF(OR(F17="NA",G17="wide_value"),"",TRUE) -> TRUE | C17: Environmental conditions and measurements | D17: pha4ge | E17: conductivity measurement unit | F17: micromho per centimeter (μmho/cm) | G17: measures | H17: unit | I17: umhocm | L17: Link in measures with the actual measure value.
... A110: 212 | B110: =IF(OR(F110="NA",G110="wide_value"),"",TRUE) -> TRUE | C110: Environmental conditions and measurements | D110: pha4ge | E110: water catchment human population density unit | F110: person for square kilometer | G110: measures | H110: unit | I110: personPerKm | L110: Link in measures with the actual measure value.
A111: 213 | B111: =IF(OR(F111="NA",G111="wide_value"),"",TRUE) -> TRUE | C111: Environmental conditions and measurements | D111: pha4ge | E111: water catchment human population density unit | F111: residents per square mile | G111: measures | H111: unit | I111: resPerMile | L111: Link in measures with the actual measure value. | M111: Changed "resident per square mile" to "residents per square mile"
A112: 214 | B112: =IF(OR(F112="NA",G112="wide_value"),"",TRUE) -> TRUE | C112: Environmental conditions and measurements | D112: pha4ge | E112: water catchment human population density unit | F112: residents per square kilometer | G112: measures | H112: unit | I112: resPerKm | L112: Link in measures with the actual measure value. | M112: Changed "residential per square kilometer" to "residents per square kilometer"
A114: 237 | B114: =IF(OR(F114="NA",G114="wide_value"),"",TRUE) -> TRUE | C114: Pathogen diagnostic testing | D114: pha4ge | E114: diagnostic measurement unit | F114: gene copies per liter (GC/L) | G114: measures | H114: unit | I114: gcL | L114: Link in measures with the actual measure value.
A115: 238 | B115: =IF(OR(F115="NA",G115="wide_value"),"",TRUE) -> TRUE | C115: Pathogen diagnostic testing | D115: pha4ge | E115: diagnostic measurement unit | F115: cycle threshold (Ct) / quantification cycle (Cq) | G115: measures | H115: unit | I115: ctcq | L115: Link in measures with the actual measure value.
A116: 239 | B116: =IF(OR(F116="NA",G116="wide_value"),"",TRUE) -> TRUE | C116: Pathogen diagnostic testing | D116: pha4ge | E116: diagnostic measurement unit | F116: colony forming units per milliliter (CFU/mL) | G116: measures | H116: unit | I116: cfumL | L116: Link in measures with the actual measure value.
A117: 240 | B117: =IF(OR(F117="NA",G117="wide_value"),"",TRUE) -> TRUE | C117: Pathogen diagnostic testing | D117: pha4ge | E117: diagnostic measurement unit | F117: colony forming units per 100 milliliter (CFU/100 mL) | G117: measures | H117: unit | I117: cfu100 | L117: Link in measures with the actual measure value.
A118: 241 | B118: =IF(OR(F118="NA",G118="wide_value"),"",TRUE) -> TRUE | C118: Pathogen diagnostic testing | D118: pha4ge | E118: diagnostic measurement unit | F118: colony forming units per grams total solids (CFU/gTS) | G118: measures | H118: unit | I118: cfugTS | L118: Link in measures with the actual measure value.
A119: 242 | B119: =IF(OR(F119="NA",G119="wide_value"),"",TRUE) -> TRUE | C119: Pathogen diagnostic testing | D119: pha4ge | E119: diagnostic measurement unit | F119: most probable number per milliliter (MPN/mL) | G119: measures | H119: unit | I119: mpnmL | L119: Link in measures with the actual measure value.
A120: 243 | B120: =IF(OR(F120="NA",G120="wide_value"),"",TRUE) -> TRUE | C120: Pathogen diagnostic testing | D120: pha4ge | E120: diagnostic measurement unit | F120: most probable number per 100 milliliter (MPN/100 mL) | G120: measures | H120: unit | I120: mpn100mL | L120: Link in measures with the actual measure value.
A122: 650 | B122: =IF(OR(F122="NA",G122="wide_value"),"",TRUE) -> TRUE | C122: Sample collection and processing | D122: pha4ge | E122: sample storage duration unit | F122: Second | G122: measures | H122: unit | I122: seconds | L122: Link in measures with the actual measure value.
A123: 651 | B123: =IF(OR(F123="NA",G123="wide_value"),"",TRUE) -> TRUE | C123: Sample collection and processing | D123: pha4ge | E123: sample storage duration unit | F123: Minute | G123: measures | H123: unit | I123: minutes | L123: Link in measures with the actual measure value.
A124: 652 | B124: =IF(OR(F124="NA",G124="wide_value"),"",TRUE) -> TRUE | C124: Sample collection and processing | D124: pha4ge | E124: sample storage duration unit | F124: Hour | G124: measures | H124: unit | I124: hours | L124: Link in measures with the actual measure value.
A125: 653 | B125: =IF(OR(F125="NA",G125="wide_value"),"",TRUE) -> TRUE | C125: Sample collection and processing | D125: pha4ge | E125: sample storage duration unit | F125: Day | G125: measures | H125: unit | I125: days | L125: Link in measures with the actual measure value.
A126: 654 | B126: =IF(OR(F126="NA",G126="wide_value"),"",TRUE) -> TRUE | C126: Sample collection and processing | D126: pha4ge | E126: sample storage duration unit | F126: Week | G126: measures | H126: unit | I126: weeks | L126: Link in measures with the actual measure value.
... A132: 662 | B132: =IF(OR(F132="NA",G132="wide_value"),"",TRUE) -> TRUE | C132: Sample collection and processing | D132: pha4ge | E132: sample volume measurement unit | F132: liter (L) | G132: measures | H132: unit | I132: l | L132: Link in measures with the actual measure value.

Sheet maps_instruments
A1: IndexNum | B1: Martin Complete | C1: Complete | D1: PHA4GE_table | E1: sourceClass | F1: sourceSlot | G1: sourceValue | H1: targetClass | I1: wide? | J1: targetSlot | K1: targetValue | L1: customData | M1: notes | N1: Martin notes
B2: TRUE | E2: pha4ge | F2: _none_ | H2: instruments | J2: insType | K2: sequencer | N2: Make sure this works! (insType should be "sequencer")
A4: 742 | B4: TRUE | D4: Sequence information | E4: pha4ge | F4: sequencing instrument | G4: Illumina | H4: instruments | J4: name | K4: {{sequencing instrument}} | M4: Need to probably generate a instrument ID for this… Also revisit if this is the level of detail we really want to record? Lionk as same row as {{sequencing platform}} - also need to link this to a protocol step to link to protocols to link to the actual measure...
A5: 743 | B5: TRUE | D5: Sequence information | E5: pha4ge | F5: sequencing instrument | G5: Illumina Genome Analyzer | H5: instruments | J5: name | K5: {{sequencing instrument}} | M5: Need to probably generate a instrument ID for this… Also revisit if this is the level of detail we really want to record? Lionk as same row as {{sequencing platform}} - also need to link this to a protocol step to link to protocols to link to the actual measure...
A6: 744 | B6: TRUE | D6: Sequence information | E6: pha4ge | F6: sequencing instrument | G6: Illumina Genome Analyzer II | H6: instruments | J6: name | K6: {{sequencing instrument}} | M6: Need to probably generate a instrument ID for this… Also revisit if this is the level of detail we really want to record? Lionk as same row as {{sequencing platform}} - also need to link this to a protocol step to link to protocols to link to the actual measure...
A7: 745 | B7: TRUE | D7: Sequence information | E7: pha4ge | F7: sequencing instrument | G7: Illumina Genome Analyzer IIx | H7: instruments | J7: name | K7: {{sequencing instrument}} | M7: Need to probably generate a instrument ID for this… Also revisit if this is the level of detail we really want to record? Lionk as same row as {{sequencing platform}} - also need to link this to a protocol step to link to protocols to link to the actual measure...
A8: 746 | B8: TRUE | D8: Sequence information | E8: pha4ge | F8: sequencing instrument | G8: Illumina HiScanSQ | H8: instruments | J8: name | K8: {{sequencing instrument}} | M8: Need to probably generate a instrument ID for this… Also revisit if this is the level of detail we really want to record? Lionk as same row as {{sequencing platform}} - also need to link this to a protocol step to link to protocols to link to the actual measure...
A9: 747 | B9: TRUE | D9: Sequence information | E9: pha4ge | F9: sequencing instrument | G9: Illumina HiSeq | H9: instruments | J9: name | K9: {{sequencing instrument}} | M9: Need to probably generate a instrument ID for this… Also revisit if this is the level of detail we really want to record? Lionk as same row as {{sequencing platform}} - also need to link this to a protocol step to link to protocols to link to the actual measure...
A10: 748 | B10: TRUE | D10: Sequence information | E10: pha4ge | F10: sequencing instrument | G10: Illumina HiSeq X | H10: instruments | J10: name | K10: {{sequencing instrument}} | M10: Need to probably generate a instrument ID for this… Also revisit if this is the level of detail we really want to record? Lionk as same row as {{sequencing platform}} - also need to link this to a protocol step to link to protocols to link to the actual measure...
A11: 749 | B11: TRUE | D11: Sequence information | E11: pha4ge | F11: sequencing instrument | G11: Illumina HiSeq X Five | H11: instruments | J11: name | K11: {{sequencing instrument}} | M11: Need to probably generate a instrument ID for this… Also revisit if this is the level of detail we really want to record? Lionk as same row as {{sequencing platform}} - also need to link this to a protocol step to link to protocols to link to the actual measure...
A12: 750 | B12: TRUE | D12: Sequence information | E12: pha4ge | F12: sequencing instrument | G12: Illumina HiSeq X Ten | H12: instruments | J12: name | K12: {{sequencing instrument}} | M12: Need to probably generate a instrument ID for this… Also revisit if this is the level of detail we really want to record? Lionk as same row as {{sequencing platform}} - also need to link this to a protocol step to link to protocols to link to the actual measure...
A13: 751 | B13: TRUE | D13: Sequence information | E13: pha4ge | F13: sequencing instrument | G13: Illumina HiSeq 1000 | H13: instruments | J13: name | K13: {{sequencing instrument}} | M13: Need to probably generate a instrument ID for this… Also revisit if this is the level of detail we really want to record? Lionk as same row as {{sequencing platform}} - also need to link this to a protocol step to link to protocols to link to the actual measure...
A14: 752 | B14: TRUE | D14: Sequence information | E14: pha4ge | F14: sequencing instrument | G14: Illumina HiSeq 1500 | H14: instruments | J14: name | K14: {{sequencing instrument}} | M14: Need to probably generate a instrument ID for this… Also revisit if this is the level of detail we really want to record? Lionk as same row as {{sequencing platform}} - also need to link this to a protocol step to link to protocols to link to the actual measure...
A15: 753 | B15: TRUE | D15: Sequence information | E15: pha4ge | F15: sequencing instrument | G15: Illumina HiSeq 2000 | H15: instruments | J15: name | K15: {{sequencing instrument}} | M15: Need to probably generate a instrument ID for this… Also revisit if this is the level of detail we really want to record? Lionk as same row as {{sequencing platform}} - also need to link this to a protocol step to link to protocols to link to the actual measure...
... A91: 828 | B91: TRUE | D91: Sequence information | E91: pha4ge | F91: sequencing platform | G91: Applied Biosystems | H91: instruments | J91: manufacturer | K91: {{sequencing platform}} | M91: Link with {{sequencing instrument}} - an manufactured instrument ID

Sheet maps_datasets
A1: IndexNum | B1: Martin Complete | C1: Complete | D1: PHA4GE_table | E1: sourceClass | F1: sourceSlot | G1: sourceValue | H1: targetClass | I1: wide? | J1: targetSlot | K1: targetValue | L1: notes2 | M1: customData | N1: notes | O1: Martin notes
A2: 47 | B2: TRUE | C2: TRUE | D2: Contributor acknowledgement | E2: pha4ge | F2: authors | G2: NA | H2: datasets | J2: name | K2: {{authors}} | N2: May need to shift the mapping depending on the kinds of values received here… tbd | O2: See notes
A3: 62 | C3: TRUE | D3: Database identifiers | E3: pha4ge | F3: specimen collector project ID | G3: NA | H3: datasets | J3: datasetID | K3: {{specimen collector project ID}} | N3: may need to instead be mapped to "name' instead - pending. | O3: "isolated by laboratory name" also mapped to datasetID
A4: 836 | C4: TRUE | D4: Strain and isolation information | E4: pha4ge | F4: isolated by laboratory name | G4: NA | H4: datasets | J4: datasetID | K4: {{isolated by laboratory name}} | N4: isolate entry, not other entries | O4: See notes

Sheet maps_contacts
A1: IndexNum | B1: Martin Complete | C1: Complete | D1: PHA4GE_table | E1: sourceClass | F1: sourceSlot | G1: sourceValue | H1: targetClass | I1: wide? | J1: targetSlot | K1: targetValue | L1: notes2 | M1: customData | N1: notes | O1: Martin notes
