Workbook
Name partID: [1]parts!$A:$A
Name partLabel: [1]parts!$B:$B

Sheet maps_OTHER
A1: IndexNum | B1: Martin Complete | C1: Complete | D1: PHA4GE_table | E1: sourceClass | F1: sourceSlot | G1: sourceValue | H1: targetClass | I1: wide? | J1: targetSlot | K1: targetValue | L1: notes2 | M1: customData | N1: notes | O1: Martin notes
A2: These are currently unused
A3: 216 | B3: TRUE | D3: Environmental conditions and measurements | E3: PHA4GE | F3: water catchment area human population measurement method | I3: wide_value
A4: 229 | B4: TRUE | D4: NA | E4: PHA4GE | F4: null values | G4: Not Applicable | H4: NA | J4: NA | K4: NA | N4: both values map to the NA value as it's used in ODM.
A5: 230 | B5: TRUE | D5: NA | E5: PHA4GE | F5: null values | G5: Not Collected | H5: NA | J5: NA | K5: NA | N5: both values map to the NA value as it's used in ODM.
A6: 231 | B6: TRUE | D6: NA | E6: PHA4GE | F6: null values | G6: Not Provided | H6: NA | J6: NA | K6: undisc
A7: 232 | B7: TRUE | D7: NA | E7: PHA4GE | F7: null values | G7: Missing | H7: NA | J7: NA | K7: nr
A8: 233 | B8: TRUE | D8: NA | E8: PHA4GE | F8: null values | G8: Restricted Access | H8: NA | J8: NA | K8: restrict
A9: 676 | D9: Sample collection and processing | E9: PHA4GE | F9: specimen processing | G9: Pooling specimens | H9: [caputured under {{database identifiers - pooled sample ID}}] | N9: [caputured under {{database identifiers - pooled sample ID}}] | O9: Not sure about notes

Sheet maps_sites
A1: IndexNum | B1: Martin Complete | C1: Complete | D1: PHA4GE_table | E1: PHA4GE Class | F1: sourceClass | G1: sourceSlot | H1: sourceValue | I1: targetClass | J1: wide? | K1: targetSlot | L1: targetValue | M1: notes2 | N1: customData | O1: notes | P1: Martin notes
A2: 61 | B2: TRUE | C2: TRUE | D2: Database identifiers | E2: =IF(G2<>"",VLOOKUP(G2,PHA4GEVars!$A$7:$B$241,2,FALSE),"") -> Database identifiers | F2: PHA4GE | G2: sampling site ID | I2: sites | K2: siteID | L2: {{sampling site ID}}
E3: =IF(G3<>"",VLOOKUP(G3,PHA4GEVars!$A$7:$B$241,2,FALSE),"")
A4: 287 | B4: TRUE | C4: TRUE | D4: Sample collection and processing | E4: =IF(G4<>"",VLOOKUP(G4,PHA4GEVars!$A$7:$B$241,2,FALSE),"") -> Sample collection and processing | F4: PHA4GE | G4: environmental site | H4: Correctional facility | I4: sites | K4: sampleShed | L4: sampleShed:corFcil | P4: In ID generator: Map to sampleShed if preceded by "sampleShed:", map to siteType if preceded by "siteType:". If siteType is already populated from "wastewater system type", then "wastewater system type" takes precedence
A5: 288 | B5: TRUE | C5: TRUE | D5: Sample collection and processing | E5: =IF(G5<>"",VLOOKUP(G5,PHA4GEVars!$A$7:$B$241,2,FALSE),"") -> Sample collection and processing | F5: PHA4GE | G5: environmental site | H5: Healthcare facility | I5: sites | K5: sampleShed | L5: sampleShed:hcf | P5: In ID generator: Map to sampleShed if preceded by "sampleShed:", map to siteType if preceded by "siteType:". If siteType is already populated from "wastewater system type", then "wastewater system type" takes precedence
A6: 289 | B6: TRUE | C6: TRUE | D6: Sample collection and processing | E6: =IF(G6<>"",VLOOKUP(G6,PHA4GEVars!$A$7:$B$241,2,FALSE),"") -> Sample collection and processing | F6: PHA4GE | G6: environmental site | H6: Hospital | I6: sites | K6: sampleShed | L6: sampleShed:hosptl | P6: In ID generator: Map to sampleShed if preceded by "sampleShed:", map to siteType if preceded by "siteType:". If siteType is already populated from "wastewater system type", then "wastewater system type" takes precedence
A7: 290 | B7: TRUE | C7: TRUE | D7: Sample collection and processing | E7: =IF(G7<>"",VLOOKUP(G7,PHA4GEVars!$A$7:$B$241,2,FALSE),"") -> Sample collection and processing | F7: PHA4GE | G7: environmental site | H7: Clinic | I7: sites | K7: sampleShed | L7: sampleShed:clinic | P7: In ID generator: Map to sampleShed if preceded by "sampleShed:", map to siteType if preceded by "siteType:". If siteType is already populated from "wastewater system type", then "wastewater system type" takes precedence
A8: 291 | B8: TRUE | C8: TRUE | D8: Sample collection and processing | E8: =IF(G8<>"",VLOOKUP(G8,PHA4GEVars!$A$7:$B$241,2,FALSE),"") -> Sample collection and processing | F8: PHA4GE | G8: environmental site | H8: Educational facility | I8: sites | K8: sampleShed | L8: sampleShed:edFac | P8: In ID generator: Map to sampleShed if preceded by "sampleShed:", map to siteType if preceded by "siteType:". If siteType is already populated from "wastewater system type", then "wastewater system type" takes precedence
A9: 292 | B9: TRUE | C9: TRUE | D9: Sample collection and processing | E9: =IF(G9<>"",VLOOKUP(G9,PHA4GEVars!$A$7:$B$241,2,FALSE),"") -> Sample collection and processing | F9: PHA4GE | G9: environmental site | H9: Daycare facility | I9: sites | K9: sampleShed | L9: sampleShed:cdc | P9: In ID generator: Map to sampleShed if preceded by "sampleShed:", map to siteType if preceded by "siteType:". If siteType is already populated from "wastewater system type", then "wastewater system type" takes precedence
A10: 293 | B10: TRUE | C10: TRUE | D10: Sample collection and processing | E10: =IF(G10<>"",VLOOKUP(G10,PHA4GEVars!$A$7:$B$241,2,FALSE),"") -> Sample collection and processing | F10: PHA4GE | G10: environmental site | H10: School | I10: sites | K10: sampleShed | L10: sampleShed:school | P10: In ID generator: Map to sampleShed if preceded by "sampleShed:", map to siteType if preceded by "siteType:". If siteType is already populated from "wastewater system type", then "wastewater system type" takes precedence
A11: 294 | B11: TRUE | C11: TRUE | D11: Sample collection and processing | E11: =IF(G11<>"",VLOOKUP(G11,PHA4GEVars!$A$7:$B$241,2,FALSE),"") -> Sample collection and processing | F11: PHA4GE | G11: environmental site | H11: College or university | I11: sites | K11: sampleShed | L11: sampleShed:uCampus | P11: In ID generator: Map to sampleShed if preceded by "sampleShed:", map to siteType if preceded by "siteType:". If siteType is already populated from "wastewater system type", then "wastewater system type" takes precedence
A12: 295 | B12: TRUE | C12: TRUE | D12: Sample collection and processing | E12: =IF(G12<>"",VLOOKUP(G12,PHA4GEVars!$A$7:$B$241,2,FALSE),"") -> Sample collection and processing | F12: PHA4GE | G12: environmental site | H12: Residential building | I12: sites | K12: sampleShed | L12: sampleShed:orb | P12: In ID generator: Map to sampleShed if preceded by "sampleShed:", map to siteType if preceded by "siteType:". If siteType is already populated from "wastewater system type", then "wastewater system type" takes precedence
A13: 296 | B13: TRUE | C13: TRUE | D13: Sample collection and processing | E13: =IF(G13<>"",VLOOKUP(G13,PHA4GEVars!$A$7:$B$241,2,FALSE),"") -> Sample collection and processing | F13: PHA4GE | G13: environmental site | H13: Homeless shelter | I13: sites | K13: sampleShed | L13: sampleShed:sss | P13: In ID generator: Map to sampleShed if preceded by "sampleShed:", map to siteType if preceded by "siteType:". If siteType is already populated from "wastewater system type", then "wastewater system type" takes precedence
A14: 297 | B14: TRUE | C14: TRUE | D14: Sample collection and processing | E14: =IF(G14<>"",VLOOKUP(G14,PHA4GEVars!$A$7:$B$241,2,FALSE),"") -> Sample collection and processing | F14: PHA4GE | G14: environmental site | H14: Long-term care facility | I14: sites | K14: sampleShed | L14: sampleShed:ltcfAl | P14: In ID generator: Map to sampleShed if preceded by "sampleShed:", map to siteType if preceded by "siteType:". If siteType is already populated from "wastewater system type", then "wastewater system type" takes precedence
A15: 298 | B15: TRUE | C15: TRUE | D15: Sample collection and processing | E15: =IF(G15<>"",VLOOKUP(G15,PHA4GEVars!$A$7:$B$241,2,FALSE),"") -> Sample collection and processing | F15: PHA4GE | G15: environmental site | H15: Transport hub | I15: sites | K15: sampleShed | L15: sampleShed:tHub | P15: In ID generator: Map to sampleShed if preceded by "sampleShed:", map to siteType if preceded by "siteType:". If siteType is already populated from "wastewater system type", then "wastewater system type" takes precedence
... A39: 322 | B39: TRUE | C39: TRUE | D39: Sample collection and processing | E39: =IF(G39<>"",VLOOKUP(G39,PHA4GEVars!$A$7:$B$241,2,FALSE),"") -> Sample collection and processing | F39: PHA4GE | G39: environmental site | H39: Wastewater treatment plant | I39: sites | K39: sampleShed | L39: siteType:wwtp | P39: In ID generator: Map to sampleShed if preceded by "sampleShed:", map to siteType if preceded by "siteType:". If siteType is already populated from "wastewater system type", then "wastewater system type" takes precedence
E40: =IF(G40<>"",VLOOKUP(G40,PHA4GEVars!$A$7:$B$241,2,FALSE),"")
A41: 333 | B41: TRUE | C41: TRUE | D41: Sample collection and processing | E41: =IF(G41<>"",VLOOKUP(G41,PHA4GEVars!$A$7:$B$241,2,FALSE),"") -> Sample collection and processing | F41: PHA4GE | G41: geo loc latitude | H41: NA | I41: sites | K41: geoLat | L41: {{geo loc latitude}}
A42: 334 | B42: TRUE | C42: TRUE | D42: Sample collection and processing | E42: =IF(G42<>"",VLOOKUP(G42,PHA4GEVars!$A$7:$B$241,2,FALSE),"") -> Sample collection and processing | F42: PHA4GE | G42: geo loc longitude | H42: NA | I42: sites | K42: geoLong | L42: {{geo loc longitude}}
A43: 336 | B43: TRUE | C43: TRUE | D43: Sample collection and processing | E43: =IF(G43<>"",VLOOKUP(G43,PHA4GEVars!$A$7:$B$241,2,FALSE),"") -> Sample collection and processing | F43: PHA4GE | G43: geo loc name (site) | H43: NA | I43: sites | K43: name | L43: {{geo_loc name (site)}}
E44: =IF(G44<>"",VLOOKUP(G44,PHA4GEVars!$A$7:$B$241,2,FALSE),"")
A45: 680 | D45: Sample collection and processing | E45: =IF(G45<>"",VLOOKUP(G45,PHA4GEVars!$A$7:$B$241,2,FALSE),"") -> Sample collection and processing | F45: PHA4GE | G45: wastewater system type | H45: Combined sewer system | I45: sites | K45: siteType | L45: wwtpMuC | O45: Need to cross reference with the {{environmental site}} field | P45: "environmental site" maps to same slot (siteType+sampleShed)
A46: 681 | D46: Sample collection and processing | E46: =IF(G46<>"",VLOOKUP(G46,PHA4GEVars!$A$7:$B$241,2,FALSE),"") -> Sample collection and processing | F46: PHA4GE | G46: wastewater system type | H46: Sanitary sewer system | I46: sites | K46: siteType | L46: wwtpMuS | O46: Need to cross reference with the {{environmental site}} field | P46: "environmental site" maps to same slot (siteType+sampleShed)
A47: 682 | D47: Sample collection and processing | E47: =IF(G47<>"",VLOOKUP(G47,PHA4GEVars!$A$7:$B$241,2,FALSE),"") -> Sample collection and processing | F47: PHA4GE | G47: wastewater system type | H47: Sewer (drain) | I47: sites | K47: siteType | L47: drain | O47: Need to cross reference with the {{environmental site}} field | P47: "environmental site" maps to same slot (siteType+sampleShed)
A48: 683 | D48: Sample collection and processing | E48: =IF(G48<>"",VLOOKUP(G48,PHA4GEVars!$A$7:$B$241,2,FALSE),"") -> Sample collection and processing | F48: PHA4GE | G48: wastewater system type | H48: Waste stabilization pond | I48: sites | K48: siteType | L48: stabPnd | O48: Need to cross reference with the {{environmental site}} field | P48: "environmental site" maps to same slot (siteType+sampleShed)
A49: 684 | D49: Sample collection and processing | E49: =IF(G49<>"",VLOOKUP(G49,PHA4GEVars!$A$7:$B$241,2,FALSE),"") -> Sample collection and processing | F49: PHA4GE | G49: wastewater system type | H49: Latrine | I49: sites | K49: siteType | L49: latrine | O49: Need to cross reference with the {{environmental site}} field | P49: "environmental site" maps to same slot (siteType+sampleShed)
A50: 685 | D50: Sample collection and processing | E50: =IF(G50<>"",VLOOKUP(G50,PHA4GEVars!$A$7:$B$241,2,FALSE),"") -> Sample collection and processing | F50: PHA4GE | G50: wastewater system type | H50: Septic tank | I50: sites | K50: siteType | L50: septTnk | O50: Need to cross reference with the {{environmental site}} field | P50: "environmental site" maps to same slot (siteType+sampleShed)
A51: 686 | D51: Sample collection and processing | E51: =IF(G51<>"",VLOOKUP(G51,PHA4GEVars!$A$7:$B$241,2,FALSE),"") -> Sample collection and processing | F51: PHA4GE | G51: wastewater system type | H51: Cesspit | I51: sites | K51: siteType | L51: cesspit | O51: Need to cross reference with the {{environmental site}} field | P51: "environmental site" maps to same slot (siteType+sampleShed)
A52: 687 | D52: Sample collection and processing | E52: =IF(G52<>"",VLOOKUP(G52,PHA4GEVars!$A$7:$B$241,2,FALSE),"") -> Sample collection and processing | F52: PHA4GE | G52: wastewater system type | H52: Composting toilet | I52: sites | K52: siteType | L52: compToi | O52: Need to cross reference with the {{environmental site}} field | P52: "environmental site" maps to same slot (siteType+sampleShed)

Sheet maps_samples
A1: IndexNum | B1: Martin Complete | C1: Complete | D1: PHA4GE_table | E1: PHA4GE Class | F1: sourceClass | G1: sourceSlot | H1: sourceValue | I1: targetClass | J1: targetSlot | K1: targetValue | L1: targetExpr | M1: notes2 | N1: customData | O1: notes | P1: Martin notes
B2: TRUE | C2: TRUE | D2: Sample collection and processing | E2: =IF(G2<>"",VLOOKUP(G2,PHA4GEVars!$A$7:$B$241,2,FALSE),"") -> Sample collection and processing | F2: PHA4GE | G2: collection device | I2: samples | J2: collType | L2: if len([d for d in emap.collection_device if len(d) > 0]): target = emap.collection_device else: target = emap.collection_method # case((collection_device != "", collection_device), (True, collection_method)) | O2: Collection device and collection method are collapsed into a single field, generally, within the ODM. So when both are being mapped to collType, the {{collection Device}} value should supercede {{collection method}}, but here the collection method should match with a value of "Grab Sampling". | R2: case((collection_device == "", collection_method), (True, collection_device))
A3: 261 | B3: TRUE | C3: FALSE | D3: Sample collection and processing | E3: =IF(G3<>"",VLOOKUP(G3,PHA4GEVars!$A$7:$B$241,2,FALSE),"") -> Sample collection and processing | F3: PHA4GE | G3: collection method | I3: samples | J3: collType | O3: See notes for the {{Collection Device.Grab Sampler}} entry.
A4: 267 | B4: TRUE | C4: TRUE | D4: Sample collection and processing | E4: =IF(G4<>"",VLOOKUP(G4,PHA4GEVars!$A$7:$B$241,2,FALSE),"") -> Sample collection and processing | F4: PHA4GE | G4: environmental material | I4: samples | J4: saMaterial | O4: match to sampleID entry row | P4: Which sampleID row?
A5: 325 | B5: TRUE | C5: TRUE | D5: Sample collection and processing | E5: =IF(G5<>"",VLOOKUP(G5,PHA4GEVars!$A$7:$B$241,2,FALSE),"") -> Sample collection and processing | F5: PHA4GE | G5: experimental specimen role type | I5: samples | J5: repType
A6: 622 | D6: Sample collection and processing | E6: =IF(G6<>"",VLOOKUP(G6,PHA4GEVars!$A$7:$B$241,2,FALSE),"") -> Sample collection and processing | F6: PHA4GE | G6: purpose of sampling | I6: samples | J6: purposeID | O6: match to sampleID entry row; plus add compartment = "wat" (depending on enum value) | P6: Add compartment = "wat" (depending on enum value) and match to the sampleID row. No purposeID in samples table
E7: =IF(G7<>"",VLOOKUP(G7,PHA4GEVars!$A$7:$B$241,2,FALSE),"")
A8: 629 | B8: TRUE | C8: TRUE | D8: Sample collection and processing | E8: =IF(G8<>"",VLOOKUP(G8,PHA4GEVars!$A$7:$B$241,2,FALSE),"") -> Sample collection and processing | F8: PHA4GE | G8: sample collected by | I8: samples | J8: organizationID | K8: {{sample collected by}} | O8: Ultimately for each row in the PHA4GE data, there may be up to 4 rows generated in the "contacts" ODM table. 1) Sample collector, 2) sequenced by, 3) sequence submitted by, and 4) isolated by. Complementary contacts metadata need to be grouped together under these ubrellas, but still be separate rows. Furthermore, the "sequenced by/sequence submitted by/isolated by contactIDs should be linked to the measures table, while the sample collector contactID should link to the samples table.
A9: 631 | B9: TRUE | C9: TRUE | D9: Sample collection and processing | E9: =IF(G9<>"",VLOOKUP(G9,PHA4GEVars!$A$7:$B$241,2,FALSE),"") -> Sample collection and processing | F9: PHA4GE | G9: sample collection date | I9: samples | J9: collDT | L9: sample_collection_start_date + '/!/' + sample_collection_start_time + '/!/' | O9: Date and time are separated values here, whereas in the ODM they are recorded together. So "sample collection date" needs to be combined with sample collection start time (if available), and "sample collection end date" and "sample collection end time" need to be combined. In situations where a categorical time of day is reported rather than a precise time, the date should be recorded separately in the {{samples_collDate}} field in ODM. | P9: combine "sample collection date" and "sample collection start time". Changed sample_collection_date to sample_collection_start_date
A10: 632 | B10: TRUE | C10: TRUE | D10: Sample collection and processing | E10: =IF(G10<>"",VLOOKUP(G10,PHA4GEVars!$A$7:$B$241,2,FALSE),"") -> Sample collection and processing | F10: PHA4GE | G10: sample collection end date | I10: samples | J10: collDTEnd | L10: sample_collection_end_date + '/!/' + sample_collection_end_time + '/!/' | O10: Date and time are separated values here, whereas in the ODM they are recorded together. So "sample collection date" needs to be combined with sample collection start time (if available), and "sample collection end date" and "sample collection end time" need to be combined. | P10: Combine "sample collection end date" and "sample collection end time"
A11: 634 | B11: TRUE | C11: TRUE | D11: Sample collection and processing | E11: =IF(G11<>"",VLOOKUP(G11,PHA4GEVars!$A$7:$B$241,2,FALSE),"") -> Sample collection and processing | F11: PHA4GE | G11: sample collection start time | I11: samples | J11: collDTStart | L11: sample_collection_start_date + '/!/' + sample_collection_start_time + '/!/'
E12: =IF(G12<>"",VLOOKUP(G12,PHA4GEVars!$A$7:$B$241,2,FALSE),"")
A13: 643 | D13: Sample collection and processing | E13: =IF(G13<>"",VLOOKUP(G13,PHA4GEVars!$A$7:$B$241,2,FALSE),"") -> Sample collection and processing | F13: PHA4GE | G13: sample collection time of day | H13: Morning | I13: samples | J13: collAppxT | K13: morn | O13: Need to find out how to report time as blank, but not date, inside a datetime variable to link here. | P13: See notes
A14: 644 | D14: Sample collection and processing | E14: =IF(G14<>"",VLOOKUP(G14,PHA4GEVars!$A$7:$B$241,2,FALSE),"") -> Sample collection and processing | F14: PHA4GE | G14: sample collection time of day | H14: Afternoon | I14: samples | J14: collAppxT | K14: aft | O14: Need to find out how to report time as blank, but not date, inside a datetime variable to link here. | P14: See notes
A15: 645 | D15: Sample collection and processing | E15: =IF(G15<>"",VLOOKUP(G15,PHA4GEVars!$A$7:$B$241,2,FALSE),"") -> Sample collection and processing | F15: PHA4GE | G15: sample collection time of day | H15: Evening | I15: samples | J15: collAppxT | K15: eve | O15: Need to find out how to report time as blank, but not date, inside a datetime variable to link here. | P15: See notes
A16: 646 | D16: Sample collection and processing | E16: =IF(G16<>"",VLOOKUP(G16,PHA4GEVars!$A$7:$B$241,2,FALSE),"") -> Sample collection and processing | F16: PHA4GE | G16: sample collection time of day | H16: Night | I16: samples | J16: collAppxT | K16: night | O16: Need to find out how to report time as blank, but not date, inside a datetime variable to link here. | P16: See notes
E17: =IF(G17<>"",VLOOKUP(G17,PHA4GEVars!$A$7:$B$241,2,FALSE),"")
A18: 649 | B18: TRUE | C18: TRUE | D18: Sample collection and processing | E18: =IF(G18<>"",VLOOKUP(G18,PHA4GEVars!$A$7:$B$241,2,FALSE),"") -> Sample collection and processing | F18: PHA4GE | G18: sample received date | I18: samples | J18: recDate | K18: {{sample received date}}
E19: =IF(G19<>"",VLOOKUP(G19,PHA4GEVars!$A$7:$B$241,2,FALSE),"")
A20: 677 | D20: Sample collection and processing | E20: =IF(G20<>"",VLOOKUP(G20,PHA4GEVars!$A$7:$B$241,2,FALSE),"") -> Sample collection and processing | F20: PHA4GE | G20: specimen processing | H20: Technical replicate process | I20: samples | J20: sampleID | K20: {{gernerate new sampleID and new row for this technical replicate}} | O20: also in new row populate repType as "techRep"; link to original sampleID as a "lcsd" through the sample relationships table. | P20: Not sure about notes; These need their own wide row: Do they also inherit all the values found in maps_samples?
A21: 678 | D21: Sample collection and processing | E21: =IF(G21<>"",VLOOKUP(G21,PHA4GEVars!$A$7:$B$241,2,FALSE),"") -> Sample collection and processing | F21: PHA4GE | G21: specimen processing | H21: Biological replicate process | I21: samples | J21: sampleID | K21: {{gernerate new sampleID and new row for this biological replicate}} | O21: also in new row populate repType as "bioRep"; link to original sampleID as a "lcsd" through the sample relationships table. | P21: Not sure about notes; These need their own wide row: Do they also inherit all the values found in maps_samples?
E22: =IF(G22<>"",VLOOKUP(G22,PHA4GEVars!$A$7:$B$241,2,FALSE),"")
A23: 832 | B23: FALSE | C23: FALSE | D23: Strain and isolation information | E23: =IF(G23<>"",VLOOKUP(G23,PHA4GEVars!$A$7:$B$241,2,FALSE),"") -> Strain and isolation information | F23: PHA4GE | G23: isolate received date | I23: samples | J23: recDate | K23: {{isolate received date}} | O23: Isolates should be a separate sample from the original sample, but unified via a child relationship in the samples relationships table. Alternative and regular isolate ID samples table entries should match and be linked with a relationship of "duplicate" where applicable. | P23: See notes; Is not in PHA4GE schema for Sars-Cov2 but is in schema for WastewaterPathogenAgnostic

Sheet wide_samples
A1: Complete | B1: PHA4GE Class | C1: sourceClass | D1: sourceSlot | E1: sourceValue | F1: targetClass | G1: wideOtherSlots | H1: match:sampleID | I1: recDate_value | J1: repType_expr | K1: collPer_expr | L1: sampleID_value | M1: notes
A2: TRUE | B2: =IF(D2<>"",VLOOKUP(D2,PHA4GEVars!$A$7:$B$241,2,FALSE),"") -> Database identifiers | C2: PHA4GE | D2: pooled sample ID | F2: samples | G2: { "pooled_value": true } | H2: pooled sample ID | L2: {{pooled sample ID}} | M2: also populate 'pooled' with 'TRUE'; need to be linked to original sample ID through the relationships table with a "child" relationship (this pooled sample is child).
A3: TRUE | B3: =IF(D3<>"",VLOOKUP(D3,PHA4GEVars!$A$7:$B$241,2,FALSE),"") -> Database identifiers | C3: PHA4GE | D3: sampling event ID | F3: samples | H3: sampling event ID | J3: "sampleEvent" | L3: {{sampling event ID}} | M3: also populate 'repType' with 'sampleEvent'; need to be linked to original sample ID through the relationships table with a "child" relationship, where the original sample is the "child" of this sample.
A4: TRUE | B4: =IF(D4<>"",VLOOKUP(D4,PHA4GEVars!$A$7:$B$241,2,FALSE),"") -> Database identifiers | C4: PHA4GE | D4: specimen collector sample ID | F4: samples | G4: { "saMaterial_value": "{{environmental material}}", "repType_value": "{{experimental specimen role type}}", "organizationID_value": "{{sample collected by}}", "collDT_expr": "sample_collection_start_date + '/!/' + sample_collection_start_time", "collDTStart_expr": "sample_collection_start_time", "collDTEnd_expr": "sample_collection_end_date + '/!/' + sample_collection_end_time" } | H4: specimen collector sample ID | I4: {{sample received date}} | K4: # Convert _value to hours try: _value = float(src.sample_collection_time_duration_value) _unit = src.sample_collection_time_duration_unit.split("[")[0].strip() if _unit == "Second": target = _value / 60 / 60 elif _unit == "Minute": target = _value / 60 elif _unit == "Hour": target = _value elif _unit == "Day": target = _value * 24 elif _unit == "Week": target = _value * 24 * 7 elif _unit == "Month": target = _value * 24 * 7 * 30 elif _unit == "Year": target = _value * 24 * 7 * 365 else: target = "" raise ValueError("Unrecognized value for sample_collection_time_duration_unit in custom mapping spreadsheet (for collPer): " + _unit) except: target = "" | L4: {{specimen collector sample ID}} | M4: wideOtherSlots had purposeID that does not exist in samples table: "purposeID_value": "{{purpose of sampling}}",
A5: TRUE | B5: =IF(D5<>"",VLOOKUP(D5,PHA4GEVars!$A$7:$B$241,2,FALSE),"") -> Database identifiers | C5: PHA4GE | D5: specimen collector subsample ID | F5: samples | H5: specimen collector subsample ID | J5: "subSamp" | L5: {{specimen collector subsample ID}} | M5: also populate 'repType' with 'subSamp'; need to be linked to original sample ID through the relationships table with a "child" relationship (this subsample is child).
A6: TRUE | B6: =IF(D6<>"",VLOOKUP(D6,PHA4GEVars!$A$7:$B$241,2,FALSE),"") -> Strain and isolation information | C6: PHA4GE | D6: alternative isolate ID | F6: samples | H6: alternative isolate ID | L6: {{alternative isolate ID}} | M6: Isolates should be a separate sample from the original sample, but unified via a child relationship in the samples relationships table. Alternative and regular isolate ID samples table entries should match and be linked with a relationship of "duplicate" where applicable.
A7: TRUE | B7: =IF(D7<>"",VLOOKUP(D7,PHA4GEVars!$A$7:$B$241,2,FALSE),"") -> Strain and isolation information | C7: PHA4GE | D7: isolate ID | F7: samples | G7: { "collDT_value": "{{isolation date}}" } | H7: isolate ID | I7: {{isolate received date}} | L7: {{isolate ID}} | M7: Isolates should be a separate sample from the original sample, but unified via a child relationship in the samples relationships table. Alternative and regular isolate ID samples table entries should match and be linked with a relationship of "duplicate" where applicable.
A8: TRUE | B8: =IF(D8<>"",VLOOKUP(D8,PHA4GEVars!$A$7:$B$241,2,FALSE),"") -> Strain and isolation information | C8: PHA4GE | D8: progeny isolate ID | F8: samples | H8: progeny isolate ID | L8: {{progeny isolate ID}} | M8: This new sample ID needs to be linked to the original sample ID with a parent/child relationship ID>

Sheet maps_measures
A1: IndexNum | B1: Martin Complete | C1: Complete | D1: selectors | E1: PHA4GE_table | F1: PHA4GE Class | G1: sourceClass | H1: sourceSlot | I1: sourceValue | J1: targetClass | K1: wide? | L1: targetSlot | M1: targetValue | N1: targetExpr | O1: notes2 | P1: customData | Q1: notes | R1: Martin notes
A2: 1 | B2: TRUE | C2: TRUE | D2: amr | E2: AMR detection information | F2: =IF(H2<>"",VLOOKUP(H2,PHA4GEVars!$A$7:$B$241,2,FALSE),"") -> AMR detection information | G2: PHA4GE | H2: AMR analysis report filename | I2: NA | J2: measures | L2: notes | M2: {{AMR analysis report filename}} | Q2: Add to the measure row of an AMR target in the notes field. | R2: Only found in PHA4GE WastewaterAMR schema
F3: =IF(H3<>"",VLOOKUP(H3,PHA4GEVars!$A$7:$B$241,2,FALSE),"")
A4: 26 | E4: Bioinformatics and QC metrics | F4: =IF(H4<>"",VLOOKUP(H4,PHA4GEVars!$A$7:$B$241,2,FALSE),"") -> Bioinformatics and QC metrics | G4: PHA4GE | H4: quality control determination | I4: no quality control issues identified | J4: measures | L4: reportable | M4: TRUE
A5: 27 | E5: Bioinformatics and QC metrics | F5: =IF(H5<>"",VLOOKUP(H5,PHA4GEVars!$A$7:$B$241,2,FALSE),"") -> Bioinformatics and QC metrics | G5: PHA4GE | H5: quality control determination | I5: sequence passed quality control | J5: measures | L5: reportable | M5: TRUE | Q5: report with sequencing measure | R5: See notes
A6: 28 | E6: Bioinformatics and QC metrics | F6: =IF(H6<>"",VLOOKUP(H6,PHA4GEVars!$A$7:$B$241,2,FALSE),"") -> Bioinformatics and QC metrics | G6: PHA4GE | H6: quality control determination | I6: sequence failed quality control | J6: measures | L6: reportable | M6: FALSE | Q6: report with sequencing measure | R6: See notes
A7: 29 | E7: Bioinformatics and QC metrics | F7: =IF(H7<>"",VLOOKUP(H7,PHA4GEVars!$A$7:$B$241,2,FALSE),"") -> Bioinformatics and QC metrics | G7: PHA4GE | H7: quality control determination | I7: minor quality control issues identified | J7: measures | L7: reportable | M7: TRUE | Q7: Generate a quality report with the the quality flag "qf1" to accompany this report, and then report both with the sequencing measure | R7: See notes
A8: 30 | E8: Bioinformatics and QC metrics | F8: =IF(H8<>"",VLOOKUP(H8,PHA4GEVars!$A$7:$B$241,2,FALSE),"") -> Bioinformatics and QC metrics | G8: PHA4GE | H8: quality control determination | I8: sequence flagged for potential quality control issues | J8: measures | L8: reportable | M8: TRUE | Q8: Generate a quality report with the the quality flag "qf1" to accompany this report, and then report both with the sequencing measure | R8: See notes
A9: 31 | E9: Bioinformatics and QC metrics | F9: =IF(H9<>"",VLOOKUP(H9,PHA4GEVars!$A$7:$B$241,2,FALSE),"") -> Bioinformatics and QC metrics | G9: PHA4GE | H9: quality control determination | I9: quality control not performed | J9: measures | L9: reportable | M9: nr | Q9: report with sequencing measure | R9: See notes
F10: =IF(H10<>"",VLOOKUP(H10,PHA4GEVars!$A$7:$B$241,2,FALSE),"")
A11: 247 | E11: Pathogen diagnostic testing | F11: =IF(H11<>"",VLOOKUP(H11,PHA4GEVars!$A$7:$B$241,2,FALSE),"") -> Pathogen diagnostic testing | G11: PHA4GE | H11: gene name | J11: measures | L11: measure | M11: {{gene name}} | Q11: should really be reported in the same row as the measure - the trouble here too is that the organism field here is ostensibly freetext, whereas the ODM field is categorical. | R11: gene name is recorded in multiple rows in wide_measures. Should it be reported elsewhere as well?
A12: 248 | B12: TRUE | C12: TRUE | E12: Pathogen diagnostic testing | F12: =IF(H12<>"",VLOOKUP(H12,PHA4GEVars!$A$7:$B$241,2,FALSE),"") -> Sample collection and processing | G12: PHA4GE | H12: organism | I12: NA | J12: measures | L12: group | M12: {{organism}} | Q12: should really be reported in the same row as the measure - the trouble here too is that the organism field here is ostensibly freetext, whereas the ODM field is categorical. | R12: Is this the group value for all output rows in the measures table? (that's the current behavior); Has a conflict with sourceTable=Sample collection and processing, sourceSlot=organism (in another row)
A13: 266 | E13: Sample collection and processing | F13: =IF(H13<>"",VLOOKUP(H13,PHA4GEVars!$A$7:$B$241,2,FALSE),"") -> Sample collection and processing | G13: PHA4GE | H13: endogenous control details | I13: NA | J13: measures | K13: wide_value | Q13: Needs to be linked to the main measure report, probably through a measure set. Ideally purpose would also be populated with "normalization". | R13: Row in wide_measures seems incorrect
A14: 610 | E14: Sample collection and processing | F14: =IF(H14<>"",VLOOKUP(H14,PHA4GEVars!$A$7:$B$241,2,FALSE),"") -> Sample collection and processing | G14: PHA4GE | H14: organism | I14: NA | J14: measures | L14: group | M14: {{organism}} | Q14: Unfortunately may need regex because it needs to match a valid "group" type part in the "parts" table. | R14: See notes; has conflict with other row where sourceTable=Pathogen diagnostic testing, sourceSlot=organism
F15: =IF(H15<>"",VLOOKUP(H15,PHA4GEVars!$A$7:$B$241,2,FALSE),"")
A16: 720 | E16: Sequence information | F16: =IF(H16<>"",VLOOKUP(H16,PHA4GEVars!$A$7:$B$241,2,FALSE),"") -> Sequence information | G16: PHA4GE | H16: purpose of sequencing | I16: Baseline surveillance (random sampling) | J16: measures | L16: purposeID | M16: Random sampling surveillance program | Q16: match to measureRepID entry row | R16: See notes, no purposeID in measures table
A17: 721 | E17: Sequence information | F17: =IF(H17<>"",VLOOKUP(H17,PHA4GEVars!$A$7:$B$241,2,FALSE),"") -> Sequence information | G17: PHA4GE | H17: purpose of sequencing | I17: Targeted surveillance (non-random sampling) | J17: measures | L17: purposeID | M17: Targeted surveillance program | Q17: match to measureRepID entry row | R17: See notes, no purposeID in measures table
A18: 722 | E18: Sequence information | F18: =IF(H18<>"",VLOOKUP(H18,PHA4GEVars!$A$7:$B$241,2,FALSE),"") -> Sequence information | G18: PHA4GE | H18: purpose of sequencing | I18: Priority surveillance project | J18: measures | L18: purposeID | M18: Emergency targetted surveillance program | Q18: match to measureRepID entry row | R18: See notes, no purposeID in measures table
A19: 723 | E19: Sequence information | F19: =IF(H19<>"",VLOOKUP(H19,PHA4GEVars!$A$7:$B$241,2,FALSE),"") -> Sequence information | G19: PHA4GE | H19: purpose of sequencing | I19: Longitudinal surveillance (repeat sampling) | J19: measures | L19: purposeID | M19: Longitudinal, repeat sampling surveillance program | Q19: match to measureRepID entry row | R19: See notes, no purposeID in measures table
A20: 724 | E20: Sequence information | F20: =IF(H20<>"",VLOOKUP(H20,PHA4GEVars!$A$7:$B$241,2,FALSE),"") -> Sequence information | G20: PHA4GE | H20: purpose of sequencing | I20: Travel-associated surveillance | J20: measures | L20: purposeID | M20: Travel hub surveillance - general | Q20: match to measureRepID entry row | R20: See notes, no purposeID in measures table
A21: 725 | E21: Sequence information | F21: =IF(H21<>"",VLOOKUP(H21,PHA4GEVars!$A$7:$B$241,2,FALSE),"") -> Sequence information | G21: PHA4GE | H21: purpose of sequencing | I21: Domestic travel surveillance | J21: measures | L21: purposeID | M21: Domestic travel hub surveillance | Q21: match to measureRepID entry row | R21: See notes, no purposeID in measures table
A22: 726 | E22: Sequence information | F22: =IF(H22<>"",VLOOKUP(H22,PHA4GEVars!$A$7:$B$241,2,FALSE),"") -> Sequence information | G22: PHA4GE | H22: purpose of sequencing | I22: International travel surveillance | J22: measures | L22: purposeID | M22: International travel hub surveillance | Q22: match to measureRepID entry row | R22: See notes, no purposeID in measures table
A23: 727 | E23: Sequence information | F23: =IF(H23<>"",VLOOKUP(H23,PHA4GEVars!$A$7:$B$241,2,FALSE),"") -> Sequence information | G23: PHA4GE | H23: purpose of sequencing | I23: Research | J23: measures | L23: purposeID | M23: researchPurp | Q23: match to measureRepID entry row | R23: See notes, no purposeID in measures table
A24: 728 | E24: Sequence information | F24: =IF(H24<>"",VLOOKUP(H24,PHA4GEVars!$A$7:$B$241,2,FALSE),"") -> Sequence information | G24: PHA4GE | H24: purpose of sequencing | I24: Viral passage experiment | J24: measures | L24: purposeID | M24: viralPass | Q24: match to measureRepID entry row | R24: See notes, no purposeID in measures table
A25: 729 | E25: Sequence information | F25: =IF(H25<>"",VLOOKUP(H25,PHA4GEVars!$A$7:$B$241,2,FALSE),"") -> Sequence information | G25: PHA4GE | H25: purpose of sequencing | I25: Protocol testing experiment | J25: measures | L25: purposeID | M25: testing | Q25: match to measureRepID entry row | R25: See notes, no purposeID in measures table
F26: =IF(H26<>"",VLOOKUP(H26,PHA4GEVars!$A$7:$B$241,2,FALSE),"")
A27: 730 | E27: Sequence information | F27: =IF(H27<>"",VLOOKUP(H27,PHA4GEVars!$A$7:$B$241,2,FALSE),"") -> Sequence information | G27: PHA4GE | H27: purpose of sequencing details | J27: measures | L27: notes | M27: {{purpose of sequencing details}} | Q27: add to sequencing measure report | R27: See notes
A28: 848 | E28: Taxonomic identification information | F28: =IF(H28<>"",VLOOKUP(H28,PHA4GEVars!$A$7:$B$241,2,FALSE),"") -> Taxonomic identification information | G28: PHA4GE | H28: taxonomic analysis report filename | I28: NA | J28: measures | L28: notes | M28: {{taxonomic analysis report filename}} | Q28: Add to the measure row of a taxonomy measure in the notes field.
F29: =IF(H29<>"",VLOOKUP(H29,PHA4GEVars!$A$7:$B$241,2,FALSE),"")
F30: =IF(H30<>"",VLOOKUP(H30,PHA4GEVars!$A$7:$B$241,2,FALSE),"") -> Database identifiers | G30: PHA4GE | H30: sampling site ID | J30: measures | L30: siteID | M30: {{sampling site ID}}
A32: 648 | E32: Sample collection and processing | F32: =IF(H32<>"",VLOOKUP(H32,PHA4GEVars!$A$7:$B$241,2,FALSE),"") -> Sample collection and processing | G32: PHA4GE | H32: sample processing date | I32: NA | J32: measures | L32: aDateEnd | M32: {{sample processing date}} | Q32: May need to be revisitted as a mapping because of duplicate targets - link to extraction recovery measure maybe?
A33: 741 | E33: Sequence information | F33: =IF(H33<>"",VLOOKUP(H33,PHA4GEVars!$A$7:$B$241,2,FALSE),"") -> Sequence information | G33: PHA4GE | H33: sequencing date | I33: NA | J33: measures | L33: aDateEnd | M33: {{sequencing date}} | Q33: match to measureRepID entry row for sequencing | R33: See notes
A34: 847 | E34: Taxonomic identification information | F34: =IF(H34<>"",VLOOKUP(H34,PHA4GEVars!$A$7:$B$241,2,FALSE),"") -> Taxonomic identification information | G34: PHA4GE | H34: taxonomic analysis date | I34: NA | J34: measures | L34: aDateEnd | M34: {{taxonomic analysis date}}
C36: TRUE | G36: PHA4GE | J36: measures | L36: match:datasetID | N36: "specimen collector project ID"
C37: TRUE | G37: PHA4GE | J37: measures | L37: match:sampleID | N37: "specimen collector sample ID"

Sheet wide_measures
A1: Martin Complete | B1: Complete | C1: PHA4GE Class | D1: sourceClass | E1: sourceSlot | F1: sourceValue | G1: targetClass | H1: targetValue | I1: wideOtherSlots | J1: match:sampleID | K1: match:datasetID | L1: aDateEnd_value | M1: organizationID_value | N1: protocolID_value | O1: specimen_value | P1: measure_value | Q1: measureSetRepID_value | R1: value_value | S1: unit_value | T1: aggregation_value | U1: notes | V1: Martin Notes
A2: TRUE | B2: TRUE | C2: =IF(E2<>"",VLOOKUP(E2,PHA4GEVars!$A$7:$B$241,2,FALSE),"") -> Environmental conditions and measurements | D2: PHA4GE | E2: alkalinity measurement value | G2: measures | N2: {{alkalinity measurement method}} | O2: si | P2: alkaline | R2: {{alkalinity measurement value}} | S2: {{alkalinity measurement unit}} | T2: me | U2: not sure about the aggregation
A3: TRUE | B3: TRUE | C3: =IF(E3<>"",VLOOKUP(E3,PHA4GEVars!$A$7:$B$241,2,FALSE),"") -> Environmental conditions and measurements | D3: PHA4GE | E3: dissolved oxygen measurement value | G3: measures | N3: {{dissolved oxygen measurement method}} | O3: si | P3: dissOxy | R3: {{dissolved oxygen measurement value}} | S3: {{dissolved oxygen measurement unit}} | T3: me | U3: not sure about the aggregation
A4: TRUE | B4: TRUE | C4: =IF(E4<>"",VLOOKUP(E4,PHA4GEVars!$A$7:$B$241,2,FALSE),"") -> Environmental conditions and measurements | D4: PHA4GE | E4: fecal coliform count value | G4: measures | N4: {{fecal coliform count method}} | O4: sa | P4: fecalCol | R4: {{fecal coliform count value}} | S4: {{fecal coliform count unit}} | T4: me | U4: not sure about the aggregation
A5: TRUE | B5: TRUE | C5: =IF(E5<>"",VLOOKUP(E5,PHA4GEVars!$A$7:$B$241,2,FALSE),"") -> Environmental conditions and measurements | D5: PHA4GE | E5: oxygen reduction potential (ORP) measurement value | G5: measures | N5: {{oxygen reduction potential (ORP) measurement method}} | O5: si | P5: orp | R5: {{oxygen reduction potential (ORP) measurement value}} | S5: {{oxygen reduction potential (ORP) measurement unit}} | T5: me | U5: not sure about the aggregation
C6: =IF(E6<>"",VLOOKUP(E6,PHA4GEVars!$A$7:$B$241,2,FALSE),"")
A7: TRUE | B7: TRUE | C7: =IF(E7<>"",VLOOKUP(E7,PHA4GEVars!$A$7:$B$241,2,FALSE),"") -> Environmental conditions and measurements | D7: PHA4GE | E7: populated area type | F7: Suburban | G7: measures | H7: suburban | O7: si | P7: popAreaType | R7: {{populated area type}} | S7: unitless | T7: sin
A8: TRUE | B8: TRUE | C8: =IF(E8<>"",VLOOKUP(E8,PHA4GEVars!$A$7:$B$241,2,FALSE),"") -> Environmental conditions and measurements | D8: PHA4GE | E8: populated area type | F8: Rural | G8: measures | H8: rural | O8: si | P8: popAreaType | R8: {{populated area type}} | S8: unitless | T8: sin
A9: TRUE | B9: TRUE | C9: =IF(E9<>"",VLOOKUP(E9,PHA4GEVars!$A$7:$B$241,2,FALSE),"") -> Environmental conditions and measurements | D9: PHA4GE | E9: populated area type | F9: Urban | G9: measures | H9: urban | O9: si | P9: popAreaType | R9: {{populated area type}} | S9: unitless | T9: sin
C10: =IF(E10<>"",VLOOKUP(E10,PHA4GEVars!$A$7:$B$241,2,FALSE),"")
A11: TRUE | B11: TRUE | C11: =IF(E11<>"",VLOOKUP(E11,PHA4GEVars!$A$7:$B$241,2,FALSE),"") -> Environmental conditions and measurements | D11: PHA4GE | E11: salinity measurement value | G11: measures | N11: {{salinity measurement method}} | O11: si | P11: salinity | R11: {{salinity measurement value}} | S11: {{salinity measurement unit}} | T11: me
A13: TRUE | B13: TRUE | C13: =IF(E13<>"",VLOOKUP(E13,PHA4GEVars!$A$7:$B$241,2,FALSE),"") -> Environmental conditions and measurements | D13: PHA4GE | E13: total dissolved solids (TDS) measurement value | G13: measures | N13: {{total dissolved solids (TDS) measurement method}} | O13: si | P13: tds | R13: {{total dissolved solids (TDS) measurement value}} | S13: {{total dissolved solids (TDS) measurement unit}} | T13: me
C14: =IF(E14<>"",VLOOKUP(E14,PHA4GEVars!$A$7:$B$241,2,FALSE),"")
A15: TRUE | B15: TRUE | C15: =IF(E15<>"",VLOOKUP(E15,PHA4GEVars!$A$7:$B$241,2,FALSE),"") -> #N/A | D15: PHA4GE | E15: water catchment area human population range | F15: <10 people | G15: measures | H15: less10 | O15: si | P15: popServRange | R15: {{water catchment area human population range}} | S15: peeps | T15: me | V15: Might be "water catchment area human population bin"
A16: TRUE | B16: TRUE | C16: =IF(E16<>"",VLOOKUP(E16,PHA4GEVars!$A$7:$B$241,2,FALSE),"") -> #N/A | D16: PHA4GE | E16: water catchment area human population range | F16: 10 - 100 people | G16: measures | H16: less100 | O16: si | P16: popServRange | R16: {{water catchment area human population range}} | S16: peeps | T16: me | V16: Might be "water catchment area human population bin"
A17: TRUE | B17: TRUE | C17: =IF(E17<>"",VLOOKUP(E17,PHA4GEVars!$A$7:$B$241,2,FALSE),"") -> #N/A | D17: PHA4GE | E17: water catchment area human population range | F17: 100 - 1,000 people | G17: measures | H17: less1k | O17: si | P17: popServRange | R17: {{water catchment area human population range}} | S17: peeps | T17: me | V17: Might be "water catchment area human population bin"
A18: TRUE | B18: TRUE | C18: =IF(E18<>"",VLOOKUP(E18,PHA4GEVars!$A$7:$B$241,2,FALSE),"") -> #N/A | D18: PHA4GE | E18: water catchment area human population range | F18: 1,000 - 10,000 people | G18: measures | H18: less10k | O18: si | P18: popServRange | R18: {{water catchment area human population range}} | S18: peeps | T18: me | V18: Might be "water catchment area human population bin"
A19: TRUE | B19: TRUE | C19: =IF(E19<>"",VLOOKUP(E19,PHA4GEVars!$A$7:$B$241,2,FALSE),"") -> #N/A | D19: PHA4GE | E19: water catchment area human population range | F19: 10,000 - 100,000 people | G19: measures | H19: less100k | O19: si | P19: popServRange | R19: {{water catchment area human population range}} | S19: peeps | T19: me | V19: Might be "water catchment area human population bin"
A20: TRUE | B20: TRUE | C20: =IF(E20<>"",VLOOKUP(E20,PHA4GEVars!$A$7:$B$241,2,FALSE),"") -> #N/A | D20: PHA4GE | E20: water catchment area human population range | F20: 100,000 - 1,000,000 people | G20: measures | H20: less1mil | O20: si | P20: popServRange | R20: {{water catchment area human population range}} | S20: peeps | T20: me | V20: Might be "water catchment area human population bin"; An extra space is added after the dash because that's how it is in the PHA4GE schema from Charlie
A21: TRUE | B21: TRUE | C21: =IF(E21<>"",VLOOKUP(E21,PHA4GEVars!$A$7:$B$241,2,FALSE),"") -> #N/A | D21: PHA4GE | E21: water catchment area human population range | F21: 1,000,000+ people | G21: measures | H21: more1mil | O21: si | P21: popServRange | R21: {{water catchment area human population range}} | S21: peeps | T21: me | V21: Might be "water catchment area human population bin"
C22: =IF(E22<>"",VLOOKUP(E22,PHA4GEVars!$A$7:$B$241,2,FALSE),"")
A23: TRUE | B23: TRUE | C23: =IF(E23<>"",VLOOKUP(E23,PHA4GEVars!$A$7:$B$241,2,FALSE),"") -> Environmental conditions and measurements | D23: PHA4GE | E23: water catchment area human population measurement value | G23: measures | N23: {{water catchment area human population measurement method}} | O23: si | P23: popServ | R23: {{water catchment area human population measurement value}} | S23: peeps | T23: me | V23: Used to be "water catchment human population measurement value"
C24: =IF(E24<>"",VLOOKUP(E24,PHA4GEVars!$A$7:$B$241,2,FALSE),"")
A25: TRUE | B25: TRUE | C25: =IF(E25<>"",VLOOKUP(E25,PHA4GEVars!$A$7:$B$241,2,FALSE),"") -> Environmental conditions and measurements | D25: PHA4GE | E25: presampling weather conditions | F25: Cloudy/Overcast | G25: measures | H25: cloudy | O25: si | P25: preSampWeath | R25: {{presampling weather conditions}} | S25: unitless | T25: sin
A26: TRUE | B26: TRUE | C26: =IF(E26<>"",VLOOKUP(E26,PHA4GEVars!$A$7:$B$241,2,FALSE),"") -> Environmental conditions and measurements | D26: PHA4GE | E26: presampling weather conditions | F26: Partially cloudy | G26: measures | H26: cloudy | O26: si | P26: preSampWeath | R26: {{presampling weather conditions}} | S26: unitless | T26: sin
A27: TRUE | B27: TRUE | C27: =IF(E27<>"",VLOOKUP(E27,PHA4GEVars!$A$7:$B$241,2,FALSE),"") -> Environmental conditions and measurements | D27: PHA4GE | E27: presampling weather conditions | F27: Drizzle | G27: measures | H27: rainy | O27: si | P27: preSampWeath | R27: {{presampling weather conditions}} | S27: unitless | T27: sin
A28: TRUE | B28: TRUE | C28: =IF(E28<>"",VLOOKUP(E28,PHA4GEVars!$A$7:$B$241,2,FALSE),"") -> Environmental conditions and measurements | D28: PHA4GE | E28: presampling weather conditions | F28: Fog | G28: measures | H28: foggy | O28: si | P28: preSampWeath | R28: {{presampling weather conditions}} | S28: unitless | T28: sin
A29: TRUE | B29: TRUE | C29: =IF(E29<>"",VLOOKUP(E29,PHA4GEVars!$A$7:$B$241,2,FALSE),"") -> Environmental conditions and measurements | D29: PHA4GE | E29: presampling weather conditions | F29: Rain | G29: measures | H29: rainy | O29: si | P29: preSampWeath | R29: {{presampling weather conditions}} | S29: unitless | T29: sin
A30: TRUE | B30: TRUE | C30: =IF(E30<>"",VLOOKUP(E30,PHA4GEVars!$A$7:$B$241,2,FALSE),"") -> Environmental conditions and measurements | D30: PHA4GE | E30: presampling weather conditions | F30: Snow | G30: measures | H30: snowy | O30: si | P30: preSampWeath | R30: {{presampling weather conditions}} | S30: unitless | T30: sin
A31: TRUE | B31: TRUE | C31: =IF(E31<>"",VLOOKUP(E31,PHA4GEVars!$A$7:$B$241,2,FALSE),"") -> Environmental conditions and measurements | D31: PHA4GE | E31: presampling weather conditions | F31: Storm | G31: measures | H31: stormy | O31: si | P31: preSampWeath | R31: {{presampling weather conditions}} | S31: unitless | T31: sin
A32: TRUE | B32: TRUE | C32: =IF(E32<>"",VLOOKUP(E32,PHA4GEVars!$A$7:$B$241,2,FALSE),"") -> Environmental conditions and measurements | D32: PHA4GE | E32: presampling weather conditions | F32: Sunny/Clear | G32: measures | H32: sunny | O32: si | P32: preSampWeath | R32: {{presampling weather conditions}} | S32: unitless | T32: sin
C33: =IF(E33<>"",VLOOKUP(E33,PHA4GEVars!$A$7:$B$241,2,FALSE),"")
A34: TRUE | B34: TRUE | C34: =IF(E34<>"",VLOOKUP(E34,PHA4GEVars!$A$7:$B$241,2,FALSE),"") -> Environmental conditions and measurements | D34: PHA4GE | E34: sampling weather conditions | F34: Cloudy/Overcast | G34: measures | H34: cloudy | O34: si | P34: weath | R34: {{sampling weather conditions}} | S34: unitless | T34: sin
A35: TRUE | B35: TRUE | C35: =IF(E35<>"",VLOOKUP(E35,PHA4GEVars!$A$7:$B$241,2,FALSE),"") -> Environmental conditions and measurements | D35: PHA4GE | E35: sampling weather conditions | F35: Partially cloudy | G35: measures | H35: cloudy | O35: si | P35: weath | R35: {{sampling weather conditions}} | S35: unitless | T35: sin
A36: TRUE | B36: TRUE | C36: =IF(E36<>"",VLOOKUP(E36,PHA4GEVars!$A$7:$B$241,2,FALSE),"") -> Environmental conditions and measurements | D36: PHA4GE | E36: sampling weather conditions | F36: Drizzle | G36: measures | H36: rainy | O36: si | P36: weath | R36: {{sampling weather conditions}} | S36: unitless | T36: sin
A37: TRUE | B37: TRUE | C37: =IF(E37<>"",VLOOKUP(E37,PHA4GEVars!$A$7:$B$241,2,FALSE),"") -> Environmental conditions and measurements | D37: PHA4GE | E37: sampling weather conditions | F37: Fog | G37: measures | H37: foggy | O37: si | P37: weath | R37: {{sampling weather conditions}} | S37: unitless | T37: sin
A38: TRUE | B38: TRUE | C38: =IF(E38<>"",VLOOKUP(E38,PHA4GEVars!$A$7:$B$241,2,FALSE),"") -> Environmental conditions and measurements | D38: PHA4GE | E38: sampling weather conditions | F38: Rain | G38: measures | H38: rainy | O38: si | P38: weath | R38: {{sampling weather conditions}} | S38: unitless | T38: sin
A39: TRUE | B39: TRUE | C39: =IF(E39<>"",VLOOKUP(E39,PHA4GEVars!$A$7:$B$241,2,FALSE),"") -> Environmental conditions and measurements | D39: PHA4GE | E39: sampling weather conditions | F39: Snow | G39: measures | H39: snowy | O39: si | P39: weath | R39: {{sampling weather conditions}} | S39: unitless | T39: sin
A40: TRUE | B40: TRUE | C40: =IF(E40<>"",VLOOKUP(E40,PHA4GEVars!$A$7:$B$241,2,FALSE),"") -> Environmental conditions and measurements | D40: PHA4GE | E40: sampling weather conditions | F40: Storm | G40: measures | H40: stormy | O40: si | P40: weath | R40: {{sampling weather conditions}} | S40: unitless | T40: sin
A41: TRUE | B41: TRUE | C41: =IF(E41<>"",VLOOKUP(E41,PHA4GEVars!$A$7:$B$241,2,FALSE),"") -> Environmental conditions and measurements | D41: PHA4GE | E41: sampling weather conditions | F41: Sunny/Clear | G41: measures | H41: sunny | O41: si | P41: weath | R41: {{sampling weather conditions}} | S41: unitless | T41: sin
C42: =IF(E42<>"",VLOOKUP(E42,PHA4GEVars!$A$7:$B$241,2,FALSE),"")
A43: TRUE | B43: TRUE | C43: =IF(E43<>"",VLOOKUP(E43,PHA4GEVars!$A$7:$B$241,2,FALSE),"") -> Bioinformatics and QC metrics | D43: PHA4GE | E43: consensus genome length | G43: measures | N43: {{sequencing protocol}} | O43: sa | P43: conGenLen | R43: {{consensus genome length}} | S43: unitless | T43: me
A44: TRUE | B44: TRUE | C44: =IF(E44<>"",VLOOKUP(E44,PHA4GEVars!$A$7:$B$241,2,FALSE),"") -> Bioinformatics and QC metrics | D44: PHA4GE | E44: depth of coverage threshold | G44: measures | N44: {{sequencing protocol}} | O44: sa | P44: depCovThresh | R44: {{depth of coverage threshold}} | S44: unitless | T44: me
A45: TRUE | B45: TRUE | C45: =IF(E45<>"",VLOOKUP(E45,PHA4GEVars!$A$7:$B$241,2,FALSE),"") -> Bioinformatics and QC metrics | D45: PHA4GE | E45: genome completeness | G45: measures | N45: {{sequencing protocol}} | O45: sa | P45: genComplete | R45: {{genome completeness}} | S45: perc | T45: me
A46: TRUE | B46: TRUE | C46: =IF(E46<>"",VLOOKUP(E46,PHA4GEVars!$A$7:$B$241,2,FALSE),"") -> #N/A | D46: PHA4GE | E46: minimum posttrimming read length | G46: measures | N46: {{sequencing protocol}} | O46: sa | P46: minPTLength | R46: {{minimum posttrimming read length}} | S46: unitless | T46: me
A47: TRUE | B47: TRUE | C47: =IF(E47<>"",VLOOKUP(E47,PHA4GEVars!$A$7:$B$241,2,FALSE),"") -> #N/A | D47: PHA4GE | E47: N50 | G47: measures | N47: {{sequencing protocol}} | O47: sa | P47: N50 | R47: {{N50}} | S47: megaB | T47: me | V47: Might be "N50 value"
A48: TRUE | B48: TRUE | C48: =IF(E48<>"",VLOOKUP(E48,PHA4GEVars!$A$7:$B$241,2,FALSE),"") -> Bioinformatics and QC metrics | D48: PHA4GE | E48: Ns per 100 kbp | G48: measures | N48: {{sequencing protocol}} | O48: sa | P48: ambigNs | R48: {{Ns per 100 kbp}} | S48: nPerKbp | T48: me
A49: TRUE | B49: TRUE | C49: =IF(E49<>"",VLOOKUP(E49,PHA4GEVars!$A$7:$B$241,2,FALSE),"") -> Bioinformatics and QC metrics | D49: PHA4GE | E49: number of base pairs sequenced | G49: measures | N49: {{sequencing protocol}} | O49: sa | P49: nBPSeq | R49: {{number of base pairs sequenced}} | S49: bps | T49: me
A50: TRUE | B50: TRUE | C50: =IF(E50<>"",VLOOKUP(E50,PHA4GEVars!$A$7:$B$241,2,FALSE),"") -> Bioinformatics and QC metrics | D50: PHA4GE | E50: number of contigs | G50: measures | N50: {{sequencing protocol}} | O50: sa | P50: nContig | R50: {{number of contigs}} | S50: unitless | T50: me
A51: TRUE | B51: TRUE | C51: =IF(E51<>"",VLOOKUP(E51,PHA4GEVars!$A$7:$B$241,2,FALSE),"") -> Bioinformatics and QC metrics | D51: PHA4GE | E51: number of total reads | G51: measures | N51: {{sequencing protocol}} | O51: sa | P51: nTotRead | R51: {{number of total reads}} | S51: unitless | T51: me
A52: TRUE | B52: TRUE | C52: =IF(E52<>"",VLOOKUP(E52,PHA4GEVars!$A$7:$B$241,2,FALSE),"") -> Bioinformatics and QC metrics | D52: PHA4GE | E52: number of unique reads | G52: measures | N52: {{sequencing protocol}} | O52: sa | P52: nUniRead | R52: {{number of unique reads}} | S52: unitless | T52: me
A53: TRUE | B53: TRUE | C53: =IF(E53<>"",VLOOKUP(E53,PHA4GEVars!$A$7:$B$241,2,FALSE),"") -> Bioinformatics and QC metrics | D53: PHA4GE | E53: percent Ns across total genome length | G53: measures | N53: {{sequencing protocol}} | O53: sa | P53: percNLength | R53: {{percent Ns across total genome length}} | S53: perc | T53: me
A54: TRUE | B54: TRUE | C54: =IF(E54<>"",VLOOKUP(E54,PHA4GEVars!$A$7:$B$241,2,FALSE),"") -> Bioinformatics and QC metrics | D54: PHA4GE | E54: percent read contamination | G54: measures | N54: {{sequencing protocol}} | O54: sa | P54: percContam | R54: {{percent read contamination }} | S54: perc | T54: me
A55: TRUE | B55: TRUE | C55: =IF(E55<>"",VLOOKUP(E55,PHA4GEVars!$A$7:$B$241,2,FALSE),"") -> Bioinformatics and QC metrics | D55: PHA4GE | E55: sequence assembly length | G55: measures | N55: {{sequencing protocol}} | O55: sa | P55: seqAssLen | R55: {{sequence assembly length}} | S55: unitless | T55: me
A56: FALSE | B56: FALSE | C56: =IF(E56<>"",VLOOKUP(E56,PHA4GEVars!$A$7:$B$241,2,FALSE),"") -> Bioinformatics and QC metrics | D56: PHA4GE | E56: breadth of coverage value | G56: measures | N56: {{sequencing protocol}} | O56: sa | P56: {{gene name}} | Q56: {{id:measureSetRepID_gene_name}} | R56: {{breadth of coverage value}} | S56: boc | T56: me | U56: I think this aggregation is right… May need to revisit. This needs to be linked with diagnostic target presence (I think). | V56: How to link with diagnostic target presence? Not sure if this linkage is required
A57: FALSE | B57: FALSE | C57: =IF(E57<>"",VLOOKUP(E57,PHA4GEVars!$A$7:$B$241,2,FALSE),"") -> Bioinformatics and QC metrics | D57: PHA4GE | E57: depth of coverage value | G57: measures | N57: {{sequencing protocol}} | O57: sa | P57: {{gene name}} | Q57: {{id:measureSetRepID_gene_name}} | R57: {{depth of coverage value}} | S57: doc | T57: me | U57: I think this aggregation is right… May need to revisit. This needs to be linked with diagnostic target presence (I think). | V57: How to link with diagnostic target presence? Not sure if this linkage is required
A58: TRUE | B58: TRUE | C58: =IF(E58<>"",VLOOKUP(E58,PHA4GEVars!$A$7:$B$241,2,FALSE),"") -> Environmental conditions and measurements | D58: PHA4GE | E58: fecal contamination value | G58: measures | N58: {{fecal contamination method}} | O58: sa | P58: {{fecal contamination indicator}} | R58: {{fecal contamination value}} | S58: {{fecal contamination unit}} | T58: me
A59: TRUE | B59: TRUE | C59: =IF(E59<>"",VLOOKUP(E59,PHA4GEVars!$A$7:$B$241,2,FALSE),"") -> Environmental conditions and measurements | D59: PHA4GE | E59: urinary contamination value | G59: measures | N59: {{urinary contamination method}} | O59: sa | P59: {{urinary contamination indicator}} | R59: {{urinary contamination value}} | S59: {{urinary contamination unit}} | T59: me
A60: TRUE | B60: TRUE | C60: =IF(E60<>"",VLOOKUP(E60,PHA4GEVars!$A$7:$B$241,2,FALSE),"") -> Environmental conditions and measurements | D60: PHA4GE | E60: water catchment area human population density value | G60: measures | O60: si | P60: popDensity | R60: {{water catchment area human population density value}} | S60: {{water catchment area human population density unit}} | T60: me | V60: Used to be "water catchment human population density value"
A61: TRUE | B61: TRUE | C61: =IF(E61<>"",VLOOKUP(E61,PHA4GEVars!$A$7:$B$241,2,FALSE),"") -> Environmental conditions and measurements | D61: PHA4GE | E61: pH measurement value | G61: measures | N61: {{pH measurement method}} | O61: sa | P61: ph | R61: {{pH measurement value}} | S61: unitless | T61: me
A62: TRUE | B62: TRUE | C62: =IF(E62<>"",VLOOKUP(E62,PHA4GEVars!$A$7:$B$241,2,FALSE),"") -> Environmental conditions and measurements | D62: PHA4GE | E62: sample temperature value (when received) | G62: measures | O62: sa | P62: arTemp | R62: {{sample temperature value (when received)}} | S62: {{sample temperature unit (when received)}} | T62: me
A63: TRUE | B63: TRUE | C63: =IF(E63<>"",VLOOKUP(E63,PHA4GEVars!$A$7:$B$241,2,FALSE),"") -> Environmental conditions and measurements | D63: PHA4GE | E63: sample temperature value (at collection) | G63: measures | O63: sa | P63: fst | R63: {{sample temperature value (at collection)}} | S63: {{sample temperature unit (at collection)}} | T63: me
A64: TRUE | B64: TRUE | C64: =IF(E64<>"",VLOOKUP(E64,PHA4GEVars!$A$7:$B$241,2,FALSE),"") -> Environmental conditions and measurements | D64: PHA4GE | E64: ambient temperature measurement value | G64: measures | O64: si | P64: airTemp | R64: {{ambient temperature measurement value}} | S64: {{ambient temperature measurement unit}} | T64: me
A65: TRUE | B65: TRUE | C65: =IF(E65<>"",VLOOKUP(E65,PHA4GEVars!$A$7:$B$241,2,FALSE),"") -> Environmental conditions and measurements | D65: PHA4GE | E65: precipitation measurement value | G65: measures | N65: {{precipitation measurement method}} | O65: si | P65: precip | R65: {{precipitation measurement value}} | S65: {{precipitation measurement unit}} | T65: me
A66: TRUE | B66: TRUE | C66: =IF(E66<>"",VLOOKUP(E66,PHA4GEVars!$A$7:$B$241,2,FALSE),"") -> Environmental conditions and measurements | D66: PHA4GE | E66: carbonaceous biochemical oxygen demand (CBOD) measurement value | G66: measures | N66: {{carbonaceous biochemical oxygen demand (CBOD) measurement method}} | O66: sa | P66: cbod | R66: {{carbonaceous biochemical oxygen demand (CBOD) measurement value}} | S66: {{carbonaceous biochemical oxygen demand (CBOD) measurement unit}} | T66: me
A67: TRUE | B67: TRUE | C67: =IF(E67<>"",VLOOKUP(E67,PHA4GEVars!$A$7:$B$241,2,FALSE),"") -> Environmental conditions and measurements | D67: PHA4GE | E67: chemical oxygen demand (COD) measurement value | G67: measures | N67: {{chemical oxygen demand (COD) measurement method}} | O67: sa | P67: cod | R67: {{chemical oxygen demand (COD) measurement value}} | S67: {{chemical oxygen demand (COD) measurement unit}} | T67: me
A68: TRUE | B68: TRUE | C68: =IF(E68<>"",VLOOKUP(E68,PHA4GEVars!$A$7:$B$241,2,FALSE),"") -> Environmental conditions and measurements | D68: PHA4GE | E68: conductivity measurement value | G68: measures | N68: {{conductivity measurement method}} | O68: sa | P68: cond | R68: {{conductivity measurement value}} | S68: {{conductivity measurement unit}} | T68: me
A69: TRUE | B69: TRUE | C69: =IF(E69<>"",VLOOKUP(E69,PHA4GEVars!$A$7:$B$241,2,FALSE),"") -> Environmental conditions and measurements | D69: PHA4GE | E69: instantaneous flow rate measurement value | G69: measures | N69: {{instantaneous flow rate measurement method}} | O69: si | P69: floRate | R69: {{instantaneous flow rate measurement value}} | S69: {{instantaneous flow rate measurement unit}} | T69: sin | U69: These are recorded the same, and are the same measure. The difference being that instantaeous is a "single" in the aggregation, and "mean" in the aggregation for the daily.
A70: TRUE | B70: TRUE | C70: =IF(E70<>"",VLOOKUP(E70,PHA4GEVars!$A$7:$B$241,2,FALSE),"") -> Environmental conditions and measurements | D70: PHA4GE | E70: total daily flow rate measurement value | G70: measures | N70: {{total daily flow rate measurement method}} | O70: si | P70: floRate | R70: {{total daily flow rate measurement value}} | S70: {{total daily flow rate measurement unit}} | T70: me | U70: These are recorded the same, and are the same measure. The difference being that instantaeous is a "single" in the aggregation, and "mean" in the aggregation for the daily.
A71: TRUE | B71: TRUE | C71: =IF(E71<>"",VLOOKUP(E71,PHA4GEVars!$A$7:$B$241,2,FALSE),"") -> Environmental conditions and measurements | D71: PHA4GE | E71: total phosphorus (TP) measurement value | G71: measures | N71: {{total phosphorus (TP) measurement method}} | O71: sa | P71: phos | R71: {{total phosphorus (TP) measurement value}} | S71: {{total phosphorus (TP) measurement unit}} | T71: me
A72: TRUE | B72: TRUE | C72: =IF(E72<>"",VLOOKUP(E72,PHA4GEVars!$A$7:$B$241,2,FALSE),"") -> Environmental conditions and measurements | D72: PHA4GE | E72: total nitrogen (TN) measurement value | G72: measures | N72: {{total nitrogen (TN) measurement method}} | O72: sa | P72: tn | R72: {{total nitrogen (TN) measurement value}} | S72: {{total nitrogen (TN) measurement unit}} | T72: me
A73: TRUE | B73: TRUE | C73: =IF(E73<>"",VLOOKUP(E73,PHA4GEVars!$A$7:$B$241,2,FALSE),"") -> Environmental conditions and measurements | D73: PHA4GE | E73: total solids (TS) measurement value | G73: measures | N73: {{total solids (TS) measurement method}} | O73: sa | P73: ts | R73: {{total solids (TS) measurement value}} | S73: {{total solids (TS) measurement unit}} | T73: me
A74: TRUE | B74: TRUE | C74: =IF(E74<>"",VLOOKUP(E74,PHA4GEVars!$A$7:$B$241,2,FALSE),"") -> Environmental conditions and measurements | D74: PHA4GE | E74: total suspended solids (TSS) measurement value | G74: measures | N74: {{total suspended solids (TSS) measurement method} | O74: sa | P74: tss | R74: {{total suspended solids (TSS) measurement value}} | S74: {{total suspended solids (TSS) measurement unit}} | T74: me
A75: TRUE | B75: TRUE | C75: =IF(E75<>"",VLOOKUP(E75,PHA4GEVars!$A$7:$B$241,2,FALSE),"") -> Environmental conditions and measurements | D75: PHA4GE | E75: turbidity measurement value | G75: measures | N75: {{turbidity measurement method}} | O75: sa | P75: turb | R75: {{turbidity measurement value}} | S75: {{turbidity measurement unit}} | T75: me
C76: =IF(E76<>"",VLOOKUP(E76,PHA4GEVars!$A$7:$B$241,2,FALSE),"")
A77: FALSE | B77: FALSE | C77: =IF(E77<>"",VLOOKUP(E77,PHA4GEVars!$A$7:$B$241,2,FALSE),"") -> Pathogen diagnostic testing | D77: PHA4GE | E77: diagnostic target presence | F77: diagnostic target present | G77: measures | H77: TRUE | I77: { "notes_value": "{{taxonomic analysis report filename}}" } | O77: sa | P77: {{gene name}} | Q77: {{id:measureSetRepID_gene_name}} | R77: {{diagnostic target presence}} | S77: det | T77: me | U77: Unsure of aggregation. {{gene name}} here should match the gene name mapping separately, and these measures should be organized together into a measureSet -> meaning a measureSetID will need to be generated.
A78: FALSE | B78: FALSE | C78: =IF(E78<>"",VLOOKUP(E78,PHA4GEVars!$A$7:$B$241,2,FALSE),"") -> Pathogen diagnostic testing | D78: PHA4GE | E78: diagnostic target presence | F78: diagnostic target absent | G78: measures | H78: FALSE | I78: { "notes_value": "{{taxonomic analysis report filename}}" } | O78: sa | P78: {{gene name}} | Q78: {{id:measureSetRepID_gene_name}} | R78: {{diagnostic target presence}} | S78: det | T78: me | U78: Unsure of aggregation. {{gene name}} here should match the gene name mapping separately, and these measures should be organized together into a measureSet -> meaning a measureSetID will need to be generated.
C79: =IF(E79<>"",VLOOKUP(E79,PHA4GEVars!$A$7:$B$241,2,FALSE),"")
A80: FALSE | B80: FALSE | C80: =IF(E80<>"",VLOOKUP(E80,PHA4GEVars!$A$7:$B$241,2,FALSE),"") -> Pathogen diagnostic testing | D80: PHA4GE | E80: diagnostic measurement value | G80: measures | I80: { "notes_value": "{{taxonomic analysis report filename}}" } | O80: sa | P80: {{gene name}} | Q80: {{id:measureSetRepID_gene_name}} | R80: {{diagnostic measurement value}} | S80: {{diagnostic measurement unit}} | T80: me | U80: Gene name will need to match a measurement value in the ODM. | V80: Has been changed to diagnostic_measurement_value_1/2/3 and diagnostmic_measurement_unit_1/2/3
C81: =IF(E81<>"",VLOOKUP(E81,PHA4GEVars!$A$7:$B$241,2,FALSE),"")
A82: TRUE | B82: TRUE | C82: =IF(E82<>"",VLOOKUP(E82,PHA4GEVars!$A$7:$B$241,2,FALSE),"") -> Sample collection and processing | D82: PHA4GE | E82: sample volume measurement value | G82: measures | L82: {{sample processing date}} | O82: sa | P82: samVol | R82: {{sample volume measurement value}} | S82: {{sample volume measurement unit}} | T82: sin | U82: Should be in a measure set linked to a specific sample to which this measurement in relevant.
A84: TRUE | B84: TRUE | C84: =IF(E84<>"",VLOOKUP(E84,PHA4GEVars!$A$7:$B$241,2,FALSE),"") -> Sample collection and processing | D84: PHA4GE | E84: sample storage duration value | G84: measures | L84: {{sample processing date}} | O84: sa | P84: stoTim | R84: {{sample storage duration value}} | S84: {{sample storage duration unit}} | T84: sin | U84: Should be in a measure set linked to a specific sample to which this measurement in relevant.
C85: =IF(E85<>"",VLOOKUP(E85,PHA4GEVars!$A$7:$B$241,2,FALSE),"")
A86: TRUE | B86: TRUE | C86: =IF(E86<>"",VLOOKUP(E86,PHA4GEVars!$A$7:$B$241,2,FALSE),"") -> Sample collection and processing | D86: PHA4GE | E86: environmental material properties | F86: Fluid (stagnant) | G86: measures | H86: stag | L86: {{sample processing date}} | O86: si | P86: matChar | R86: {{environmental material properties}} | S86: unitless | T86: sin
A87: TRUE | B87: TRUE | C87: =IF(E87<>"",VLOOKUP(E87,PHA4GEVars!$A$7:$B$241,2,FALSE),"") -> Sample collection and processing | D87: PHA4GE | E87: environmental material properties | F87: Fluid (slow) | G87: measures | H87: slFlow | L87: {{sample processing date}} | O87: si | P87: matChar | R87: {{environmental material properties}} | S87: unitless | T87: sin
A88: TRUE | B88: TRUE | C88: =IF(E88<>"",VLOOKUP(E88,PHA4GEVars!$A$7:$B$241,2,FALSE),"") -> Sample collection and processing | D88: PHA4GE | E88: environmental material properties | F88: Fluid (fast) | G88: measures | H88: faFlow | L88: {{sample processing date}} | O88: si | P88: matChar | R88: {{environmental material properties}} | S88: unitless | T88: sin
A89: TRUE | B89: TRUE | C89: =IF(E89<>"",VLOOKUP(E89,PHA4GEVars!$A$7:$B$241,2,FALSE),"") -> Sample collection and processing | D89: PHA4GE | E89: environmental material properties | F89: Liquid | G89: measures | H89: liquidMat | L89: {{sample processing date}} | O89: si | P89: matChar | R89: {{environmental material properties}} | S89: unitless | T89: sin
A90: TRUE | B90: TRUE | C90: =IF(E90<>"",VLOOKUP(E90,PHA4GEVars!$A$7:$B$241,2,FALSE),"") -> Sample collection and processing | D90: PHA4GE | E90: environmental material properties | F90: Slurry-like | G90: measures | H90: slur | L90: {{sample processing date}} | O90: si | P90: matChar | R90: {{environmental material properties}} | S90: unitless | T90: sin
A91: TRUE | B91: TRUE | C91: =IF(E91<>"",VLOOKUP(E91,PHA4GEVars!$A$7:$B$241,2,FALSE),"") -> Sample collection and processing | D91: PHA4GE | E91: environmental material properties | F91: Contamination | G91: measures | H91: contam | L91: {{sample processing date}} | O91: si | P91: matChar | R91: {{environmental material properties}} | S91: unitless | T91: sin
A92: TRUE | B92: TRUE | C92: =IF(E92<>"",VLOOKUP(E92,PHA4GEVars!$A$7:$B$241,2,FALSE),"") -> Sample collection and processing | D92: PHA4GE | E92: environmental material properties | F92: Fecal-contaminated | G92: measures | H92: fecContam | L92: {{sample processing date}} | O92: si | P92: matChar | R92: {{environmental material properties}} | S92: unitless | T92: sin
A93: TRUE | B93: TRUE | C93: =IF(E93<>"",VLOOKUP(E93,PHA4GEVars!$A$7:$B$241,2,FALSE),"") -> Sample collection and processing | D93: PHA4GE | E93: environmental material properties | F93: Semi-solid | G93: measures | H93: semSol | L93: {{sample processing date}} | O93: si | P93: matChar | R93: {{environmental material properties}} | S93: unitless | T93: sin
A94: TRUE | B94: TRUE | C94: =IF(E94<>"",VLOOKUP(E94,PHA4GEVars!$A$7:$B$241,2,FALSE),"") -> Sample collection and processing | D94: PHA4GE | E94: environmental material properties | F94: Solid | G94: measures | H94: solidMat | L94: {{sample processing date}} | O94: si | P94: matChar | R94: {{environmental material properties}} | S94: unitless | T94: sin
A95: TRUE | B95: TRUE | C95: =IF(E95<>"",VLOOKUP(E95,PHA4GEVars!$A$7:$B$241,2,FALSE),"") -> Sample collection and processing | D95: PHA4GE | E95: environmental material properties | F95: Treated | G95: measures | H95: treat | L95: {{sample processing date}} | O95: si | P95: matChar | R95: {{environmental material properties}} | S95: unitless | T95: sin
A96: TRUE | B96: TRUE | C96: =IF(E96<>"",VLOOKUP(E96,PHA4GEVars!$A$7:$B$241,2,FALSE),"") -> Sample collection and processing | D96: PHA4GE | E96: environmental material properties | F96: Untreated | G96: measures | H96: untreat | L96: {{sample processing date}} | O96: si | P96: matChar | R96: {{environmental material properties}} | S96: unitless | T96: sin
C97: =IF(E97<>"",VLOOKUP(E97,PHA4GEVars!$A$7:$B$241,2,FALSE),"")
A98: TRUE | B98: TRUE | C98: =IF(E98<>"",VLOOKUP(E98,PHA4GEVars!$A$7:$B$241,2,FALSE),"") -> Sample collection and processing | D98: PHA4GE | E98: presampling activity | F98: Agricultural activity | G98: measures | H98: agri | I98: { "notes_value": "{{presampling activity details}}" } | L98: {{sample processing date}} | O98: si | P98: presampAct | R98: {{presampling activity}} | S98: unitless | T98: sin | U98: Should be linked to a site ID and also to the notes field reporting of the {{presampling activity details}}.
A99: TRUE | B99: TRUE | C99: =IF(E99<>"",VLOOKUP(E99,PHA4GEVars!$A$7:$B$241,2,FALSE),"") -> Sample collection and processing | D99: PHA4GE | E99: presampling activity | F99: Animal husbandry | G99: measures | H99: husb | I99: { "notes_value": "{{presampling activity details}}" } | L99: {{sample processing date}} | O99: si | P99: presampAct | R99: {{presampling activity}} | S99: unitless | T99: sin | U99: Should be linked to a site ID and also to the notes field reporting of the {{presampling activity details}}.
A100: TRUE | B100: TRUE | C100: =IF(E100<>"",VLOOKUP(E100,PHA4GEVars!$A$7:$B$241,2,FALSE),"") -> Sample collection and processing | D100: PHA4GE | E100: presampling activity | F100: Industrial activity | G100: measures | H100: indus | I100: { "notes_value": "{{presampling activity details}}" } | L100: {{sample processing date}} | O100: si | P100: presampAct | R100: {{presampling activity}} | S100: unitless | T100: sin | U100: Should be linked to a site ID and also to the notes field reporting of the {{presampling activity details}}.
A101: TRUE | B101: TRUE | C101: =IF(E101<>"",VLOOKUP(E101,PHA4GEVars!$A$7:$B$241,2,FALSE),"") -> Sample collection and processing | D101: PHA4GE | E101: presampling activity | F101: Healthcare activity | G101: measures | H101: hcAct | I101: { "notes_value": "{{presampling activity details}}" } | L101: {{sample processing date}} | O101: si | P101: presampAct | R101: {{presampling activity}} | S101: unitless | T101: sin | U101: Should be linked to a site ID and also to the notes field reporting of the {{presampling activity details}}.
A102: TRUE | B102: TRUE | C102: =IF(E102<>"",VLOOKUP(E102,PHA4GEVars!$A$7:$B$241,2,FALSE),"") -> Sample collection and processing | D102: PHA4GE | E102: presampling activity | F102: Wastewater treatment | G102: measures | H102: wwTrt | I102: { "notes_value": "{{presampling activity details}}" } | L102: {{sample processing date}} | O102: si | P102: presampAct | R102: {{presampling activity}} | S102: unitless | T102: sin | U102: Should be linked to a site ID and also to the notes field reporting of the {{presampling activity details}}.
...

Sheet wide_measurestest
A1: Martin Complete | B1: Complete | C1: PHA4GE Class | D1: sourceClass | E1: sourceSlot | F1: sourceValue | G1: targetClass | H1: targetValue | I1: wideOtherSlots | J1: match:sampleID | K1: match:datasetID | L1: match:test | M1: aDateEnd_value | N1: organizationID_value | O1: protocolID_value | P1: specimen_value | Q1: measure_value | R1: measureSetRepID_value | S1: value_value | T1: unit_value | U1: aggregation_value | V1: notes | W1: Martin Notes
A2: TRUE | B2: TRUE | C2: =IF(E2<>"",VLOOKUP(E2,PHA4GEVars!$A$7:$B$241,2,FALSE),"") -> Environmental conditions and measurements | D2: PHA4GE | E2: alkalinity measurement value | G2: measures | J2: specimen collector sample ID | K2: specimen collector project ID | L2: <empty> | O2: {{alkalinity measurement method}} | P2: si | Q2: alkaline | S2: {{alkalinity measurement value}} | T2: {{alkalinity measurement unit}} | U2: me | V2: not sure about the aggregation

Sheet enums_samples
A1: IndexNum | B1: Complete | C1: PHA4GE_table | D1: PHA4GE Class | E1: sourceClass | F1: sourceSlot | G1: sourceValue | H1: targetClass | I1: targetSlot-unused | J1: targetValue | K1: exprValue | L1: customData | M1: notes | N1: Martin Notes
A2: 249 | B2: =IF(OR(G2="NA",H2="wide_value"),"",TRUE) -> TRUE | C2: Sample collection and processing | D2: =IF(F2<>"",VLOOKUP(F2,PHA4GEVars!$A$7:$B$241,2,FALSE),"") -> Sample collection and processing | E2: PHA4GE | F2: collection device | G2: Grab sampler | H2: samples | I2: collType | J2: grb | M2: Collection device and collection method are collapsed into a single field, generally, within the ODM. So when both are being mapped to collType, the {{collection Device}} value should supercede {{collection method}}, but here the collection method should match with a value of "Grab Sampling". | N2: Need to make sure "collection device" supercedes "collection method"
A3: 250 | B3: =IF(OR(G3="NA",H3="wide_value"),"",TRUE) -> TRUE | C3: Sample collection and processing | D3: =IF(F3<>"",VLOOKUP(F3,PHA4GEVars!$A$7:$B$241,2,FALSE),"") -> Sample collection and processing | E3: PHA4GE | F3: collection device | G3: Core sampling device | H3: samples | I3: collType | J3: core | M3: Collection device and collection method are collapsed into a single field, generally, within the ODM. So when both are being mapped to collType, the {{collection Device}} value should supercede {{collection method}}, but here the collection method should match with a value of "Grab Sampling".
A4: 251 | B4: =IF(OR(G4="NA",H4="wide_value"),"",TRUE) -> TRUE | C4: Sample collection and processing | D4: =IF(F4<>"",VLOOKUP(F4,PHA4GEVars!$A$7:$B$241,2,FALSE),"") -> Sample collection and processing | E4: PHA4GE | F4: collection device | G4: Vacuum sludge sampling device | H4: samples | I4: collType | J4: vac | M4: Collection device and collection method are collapsed into a single field, generally, within the ODM. So when both are being mapped to collType, the {{collection Device}} value should supercede {{collection method}}, but here the collection method should match with a value of "Grab Sampling".
A5: 252 | B5: =IF(OR(G5="NA",H5="wide_value"),"",TRUE) -> TRUE | C5: Sample collection and processing | D5: =IF(F5<>"",VLOOKUP(F5,PHA4GEVars!$A$7:$B$241,2,FALSE),"") -> Sample collection and processing | E5: PHA4GE | F5: collection device | G5: Cone-shaped sampling device | H5: samples | I5: collType | J5: one | M5: Collection device and collection method are collapsed into a single field, generally, within the ODM. So when both are being mapped to collType, the {{collection Device}} value should supercede {{collection method}}, but here the collection method should match with a value of "Grab Sampling".
A6: 253 | B6: =IF(OR(G6="NA",H6="wide_value"),"",TRUE) -> TRUE | C6: Sample collection and processing | D6: =IF(F6<>"",VLOOKUP(F6,PHA4GEVars!$A$7:$B$241,2,FALSE),"") -> Sample collection and processing | E6: PHA4GE | F6: collection device | G6: Horizontal grab sampling device | H6: samples | I6: collType | J6: horGrb | M6: Collection device and collection method are collapsed into a single field, generally, within the ODM. So when both are being mapped to collType, the {{collection Device}} value should supercede {{collection method}}, but here the collection method should match with a value of "Grab Sampling".
A7: 254 | B7: =IF(OR(G7="NA",H7="wide_value"),"",TRUE) -> TRUE | C7: Sample collection and processing | D7: =IF(F7<>"",VLOOKUP(F7,PHA4GEVars!$A$7:$B$241,2,FALSE),"") -> Sample collection and processing | E7: PHA4GE | F7: collection device | G7: Vertical grab sampling device | H7: samples | I7: collType | J7: vertGrb | M7: Collection device and collection method are collapsed into a single field, generally, within the ODM. So when both are being mapped to collType, the {{collection Device}} value should supercede {{collection method}}, but here the collection method should match with a value of "Grab Sampling".
A8: 255 | B8: =IF(OR(G8="NA",H8="wide_value"),"",TRUE) -> TRUE | C8: Sample collection and processing | D8: =IF(F8<>"",VLOOKUP(F8,PHA4GEVars!$A$7:$B$241,2,FALSE),"") -> Sample collection and processing | E8: PHA4GE | F8: collection device | G8: Composite sampler | H8: samples | I8: collType | J8: comp | M8: Collection device and collection method are collapsed into a single field, generally, within the ODM. So when both are being mapped to collType, the {{collection Device}} value should supercede {{collection method}}, but here the collection method should match with a value of "Composite Sampling".
A9: 256 | B9: =IF(OR(G9="NA",H9="wide_value"),"",TRUE) -> TRUE | C9: Sample collection and processing | D9: =IF(F9<>"",VLOOKUP(F9,PHA4GEVars!$A$7:$B$241,2,FALSE),"") -> Sample collection and processing | E9: PHA4GE | F9: collection device | G9: Passive (trap) sampler | H9: samples | I9: collType | J9: trap | M9: Collection device and collection method are collapsed into a single field, generally, within the ODM. So when both are being mapped to collType, the {{collection Device}} value should supercede {{collection method}}, but here the collection method should match with a value of "Passive Composite Sampling".
A10: 257 | B10: =IF(OR(G10="NA",H10="wide_value"),"",TRUE) -> TRUE | C10: Sample collection and processing | D10: =IF(F10<>"",VLOOKUP(F10,PHA4GEVars!$A$7:$B$241,2,FALSE),"") -> Sample collection and processing | E10: PHA4GE | F10: collection device | G10: Moore swab | H10: samples | I10: collType | J10: moorSw | M10: Collection device and collection method are collapsed into a single field, generally, within the ODM. So when both are being mapped to collType, the {{collection Device}} value should supercede {{collection method}}, but here the collection method should match with a value of "Passive Composite Sampling".
A11: 258 | B11: =IF(OR(G11="NA",H11="wide_value"),"",TRUE) -> TRUE | C11: Sample collection and processing | D11: =IF(F11<>"",VLOOKUP(F11,PHA4GEVars!$A$7:$B$241,2,FALSE),"") -> Sample collection and processing | E11: PHA4GE | F11: collection device | G11: Automatic composite sampler | H11: samples | I11: collType | J11: autoComp | M11: Collection device and collection method are collapsed into a single field, generally, within the ODM. So when both are being mapped to collType, the {{collection Device}} value should supercede {{collection method}}, but here the collection method should match with a value of "Automatic Composite Sampling".
A12: 259 | B12: =IF(OR(G12="NA",H12="wide_value"),"",TRUE) -> TRUE | C12: Sample collection and processing | D12: =IF(F12<>"",VLOOKUP(F12,PHA4GEVars!$A$7:$B$241,2,FALSE),"") -> Sample collection and processing | E12: PHA4GE | F12: collection device | G12: Automatic flow-proportional sampler | H12: samples | I12: collType | J12: flowPr | M12: Collection device and collection method are collapsed into a single field, generally, within the ODM. So when both are being mapped to collType, the {{collection Device}} value should supercede {{collection method}}, but here the collection method should match with a value of "Automatic Composite Sampling".
A13: 260 | B13: =IF(OR(G13="NA",H13="wide_value"),"",TRUE) -> TRUE | C13: Sample collection and processing | D13: =IF(F13<>"",VLOOKUP(F13,PHA4GEVars!$A$7:$B$241,2,FALSE),"") -> Sample collection and processing | E13: PHA4GE | F13: collection device | G13: Automatic sequential (time-proportional) sampler | H13: samples | I13: collType | J13: autoSeq | M13: Collection device and collection method are collapsed into a single field, generally, within the ODM. So when both are being mapped to collType, the {{collection Device}} value should supercede {{collection method}}, but here the collection method should match with a value of "Automatic Composite Sampling".
D14: =IF(F14<>"",VLOOKUP(F14,PHA4GEVars!$A$7:$B$241,2,FALSE),"")
A15: 261 | B15: TRUE | C15: Sample collection and processing | D15: =IF(F15<>"",VLOOKUP(F15,PHA4GEVars!$A$7:$B$241,2,FALSE),"") -> Sample collection and processing | E15: PHA4GE | F15: collection method | G15: Grab sampling | H15: samples | I15: collType | J15: grb | M15: See notes for the {{Collection Device.Grab Sampler}} entry. | N15: Need to figure out how to map both "collection device" and "collection method" to the same targetSlot=collType
A16: 262 | B16: TRUE | C16: Sample collection and processing | D16: =IF(F16<>"",VLOOKUP(F16,PHA4GEVars!$A$7:$B$241,2,FALSE),"") -> Sample collection and processing | E16: PHA4GE | F16: collection method | G16: Composite sampling | H16: samples | I16: collType | J16: comp | M16: See notes for the {{Collection Device.Composite Sampler}} entry. | N16: Need to figure out how to map both "collection device" and "collection method" to the same targetSlot=collType
A17: 263 | B17: TRUE | C17: Sample collection and processing | D17: =IF(F17<>"",VLOOKUP(F17,PHA4GEVars!$A$7:$B$241,2,FALSE),"") -> Sample collection and processing | E17: PHA4GE | F17: collection method | G17: Passive composite sampling | H17: samples | I17: collType | J17: passiveGen | M17: See notes for the {{Collection Device.Passive Composite Sampler}} entry. | N17: Need to figure out how to map both "collection device" and "collection method" to the same targetSlot=collType
A18: 264 | B18: TRUE | C18: Sample collection and processing | D18: =IF(F18<>"",VLOOKUP(F18,PHA4GEVars!$A$7:$B$241,2,FALSE),"") -> Sample collection and processing | E18: PHA4GE | F18: collection method | G18: Automatic composite sampling | H18: samples | I18: collType | J18: autoComp | M18: See notes for the {{Collection Device.Automatic Composite Sampler}} entry. | N18: Need to figure out how to map both "collection device" and "collection method" to the same targetSlot=collType
A19: 265 | B19: TRUE | C19: Sample collection and processing | D19: =IF(F19<>"",VLOOKUP(F19,PHA4GEVars!$A$7:$B$241,2,FALSE),"") -> Sample collection and processing | E19: PHA4GE | F19: collection method | G19: Manual composite sampling | H19: samples | I19: collType | J19: manComp | M19: This mapping pre-supposes that the collection device field is blank. | N19: Need to figure out how to map both "collection device" and "collection method" to the same targetSlot=collType
D20: =IF(F20<>"",VLOOKUP(F20,PHA4GEVars!$A$7:$B$241,2,FALSE),"")
A21: 267 | B21: =IF(OR(G21="NA",H21="wide_value"),"",TRUE) -> TRUE | C21: Sample collection and processing | D21: =IF(F21<>"",VLOOKUP(F21,PHA4GEVars!$A$7:$B$241,2,FALSE),"") -> Sample collection and processing | E21: PHA4GE | F21: environmental material | G21: Surface water | H21: samples | I21: saMaterial | J21: nww | M21: match to sampleID entry row
A22: 268 | B22: =IF(OR(G22="NA",H22="wide_value"),"",TRUE) -> TRUE | C22: Sample collection and processing | D22: =IF(F22<>"",VLOOKUP(F22,PHA4GEVars!$A$7:$B$241,2,FALSE),"") -> Sample collection and processing | E22: PHA4GE | F22: environmental material | G22: Wastewater | H22: samples | I22: saMaterial | J22: rawWW | M22: match to sampleID entry row
A23: 269 | B23: =IF(OR(G23="NA",H23="wide_value"),"",TRUE) -> TRUE | C23: Sample collection and processing | D23: =IF(F23<>"",VLOOKUP(F23,PHA4GEVars!$A$7:$B$241,2,FALSE),"") -> Sample collection and processing | E23: PHA4GE | F23: environmental material | G23: Wastewater sediment | H23: samples | I23: saMaterial | J23: swrSed | M23: match to sampleID entry row
A24: 270 | B24: =IF(OR(G24="NA",H24="wide_value"),"",TRUE) -> TRUE | C24: Sample collection and processing | D24: =IF(F24<>"",VLOOKUP(F24,PHA4GEVars!$A$7:$B$241,2,FALSE),"") -> Sample collection and processing | E24: PHA4GE | F24: environmental material | G24: Sludge | H24: samples | I24: saMaterial | J24: sludgeNS | M24: match to sampleID entry row
A25: 271 | B25: =IF(OR(G25="NA",H25="wide_value"),"",TRUE) -> TRUE | C25: Sample collection and processing | D25: =IF(F25<>"",VLOOKUP(F25,PHA4GEVars!$A$7:$B$241,2,FALSE),"") -> Sample collection and processing | E25: PHA4GE | F25: environmental material | G25: Primary sludge | H25: samples | I25: saMaterial | J25: pSludge | M25: match to sampleID entry row
A26: 272 | B26: =IF(OR(G26="NA",H26="wide_value"),"",TRUE) -> TRUE | C26: Sample collection and processing | D26: =IF(F26<>"",VLOOKUP(F26,PHA4GEVars!$A$7:$B$241,2,FALSE),"") -> Sample collection and processing | E26: PHA4GE | F26: environmental material | G26: Secondary sludge | H26: samples | I26: saMaterial | J26: sSludge | M26: match to sampleID entry row
A27: 273 | B27: =IF(OR(G27="NA",H27="wide_value"),"",TRUE) -> TRUE | C27: Sample collection and processing | D27: =IF(F27<>"",VLOOKUP(F27,PHA4GEVars!$A$7:$B$241,2,FALSE),"") -> Sample collection and processing | E27: PHA4GE | F27: environmental material | G27: Wastewater effluent | H27: samples | I27: saMaterial | J27: effluNS | M27: match to sampleID entry row
A28: 274 | B28: =IF(OR(G28="NA",H28="wide_value"),"",TRUE) -> TRUE | C28: Sample collection and processing | D28: =IF(F28<>"",VLOOKUP(F28,PHA4GEVars!$A$7:$B$241,2,FALSE),"") -> Sample collection and processing | E28: PHA4GE | F28: environmental material | G28: Primary wastewater effluent | H28: samples | I28: saMaterial | J28: pEfflu | M28: match to sampleID entry row
A29: 275 | B29: =IF(OR(G29="NA",H29="wide_value"),"",TRUE) -> TRUE | C29: Sample collection and processing | D29: =IF(F29<>"",VLOOKUP(F29,PHA4GEVars!$A$7:$B$241,2,FALSE),"") -> Sample collection and processing | E29: PHA4GE | F29: environmental material | G29: Secondary wastewater effluent | H29: samples | I29: saMaterial | J29: sEfflu | M29: match to sampleID entry row
D30: =IF(F30<>"",VLOOKUP(F30,PHA4GEVars!$A$7:$B$241,2,FALSE),"")
A31: 325 | B31: =IF(OR(G31="NA",H31="wide_value"),"",TRUE) -> TRUE | C31: Sample collection and processing | D31: =IF(F31<>"",VLOOKUP(F31,PHA4GEVars!$A$7:$B$241,2,FALSE),"") -> Sample collection and processing | E31: PHA4GE | F31: experimental specimen role type | G31: Positive experimental control | H31: samples | I31: repType | J31: posCon
A32: 326 | B32: =IF(OR(G32="NA",H32="wide_value"),"",TRUE) -> TRUE | C32: Sample collection and processing | D32: =IF(F32<>"",VLOOKUP(F32,PHA4GEVars!$A$7:$B$241,2,FALSE),"") -> Sample collection and processing | E32: PHA4GE | F32: experimental specimen role type | G32: Negative experimental control | H32: samples | I32: repType | J32: negCon
A33: 327 | B33: =IF(OR(G33="NA",H33="wide_value"),"",TRUE) -> TRUE | C33: Sample collection and processing | D33: =IF(F33<>"",VLOOKUP(F33,PHA4GEVars!$A$7:$B$241,2,FALSE),"") -> Sample collection and processing | E33: PHA4GE | F33: experimental specimen role type | G33: Technical replicate | H33: samples | I33: repType | J33: techRep
A34: 328 | B34: =IF(OR(G34="NA",H34="wide_value"),"",TRUE) -> TRUE | C34: Sample collection and processing | D34: =IF(F34<>"",VLOOKUP(F34,PHA4GEVars!$A$7:$B$241,2,FALSE),"") -> Sample collection and processing | E34: PHA4GE | F34: experimental specimen role type | G34: Biological replicate | H34: samples | I34: repType | J34: bioRep
D35: =IF(F35<>"",VLOOKUP(F35,PHA4GEVars!$A$7:$B$241,2,FALSE),"")
A36: 622 | C36: Sample collection and processing | D36: =IF(F36<>"",VLOOKUP(F36,PHA4GEVars!$A$7:$B$241,2,FALSE),"") -> Sample collection and processing | E36: PHA4GE | F36: purpose of sampling | G36: Wastewater treatment efficiency assessment | H36: samples | I36: purposeID | J36: wwtpAssess | M36: match to sampleID entry row; plus add compartment = "wat" | N36: No purposeID in samples table
A37: 623 | C37: Sample collection and processing | D37: =IF(F37<>"",VLOOKUP(F37,PHA4GEVars!$A$7:$B$241,2,FALSE),"") -> Sample collection and processing | E37: PHA4GE | F37: purpose of sampling | G37: Wastewater chemical surveillance | H37: samples | I37: purposeID | J37: chemSurv | M37: match to sampleID entry row; plus add compartment = "wat" | N37: No purposeID in samples table
A38: 624 | C38: Sample collection and processing | D38: =IF(F38<>"",VLOOKUP(F38,PHA4GEVars!$A$7:$B$241,2,FALSE),"") -> Sample collection and processing | E38: PHA4GE | F38: purpose of sampling | G38: Wastewater drug surveillance | H38: samples | I38: purposeID | J38: drugSurv | M38: match to sampleID entry row; plus add compartment = "wat" | N38: No purposeID in samples table
A39: 625 | C39: Sample collection and processing | D39: =IF(F39<>"",VLOOKUP(F39,PHA4GEVars!$A$7:$B$241,2,FALSE),"") -> Sample collection and processing | E39: PHA4GE | F39: purpose of sampling | G39: Wastewater pathogen surveillance | H39: samples | I39: purposeID | J39: regular | M39: match to sampleID entry row; plus add compartment = "wat" | N39: No purposeID in samples table
A40: 626 | C40: Sample collection and processing | D40: =IF(F40<>"",VLOOKUP(F40,PHA4GEVars!$A$7:$B$241,2,FALSE),"") -> Sample collection and processing | E40: PHA4GE | F40: purpose of sampling | G40: Research | H40: samples | I40: purposeID | J40: researchPurp | M40: match to sampleID entry row | N40: No purposeID in samples table
A41: 627 | C41: Sample collection and processing | D41: =IF(F41<>"",VLOOKUP(F41,PHA4GEVars!$A$7:$B$241,2,FALSE),"") -> Sample collection and processing | E41: PHA4GE | F41: purpose of sampling | G41: Environmental survey (profiling) | H41: samples | I41: purposeID | J41: profil | M41: match to sampleID entry row | N41: No purposeID in samples table
A42: 628 | C42: Sample collection and processing | D42: =IF(F42<>"",VLOOKUP(F42,PHA4GEVars!$A$7:$B$241,2,FALSE),"") -> Sample collection and processing | E42: PHA4GE | F42: purpose of sampling | G42: Protocol testing | H42: samples | I42: purposeID | J42: testing | M42: match to sampleID entry row | N42: No purposeID in samples table

Sheet wide_sampleRelationships
A1: Complete | B1: PHA4GE Class | C1: sourceClass | D1: sourceSlot | E1: sourceValue | F1: targetClass | G1: wideOtherSlots | H1: sampleRelationshipsID_value | I1: sampleIDSubject_value | J1: relationshipID_value | K1: sampleIDObject_value | L1: notes
A2: TRUE | B2: =IF(D2<>"",VLOOKUP(D2,PHA4GEVars!$A$7:$B$241,2,FALSE),"") -> Database identifiers | C2: PHA4GE | D2: pooled sample ID | F2: sampleRelationships | I2: {{pooled sample ID}} | J2: child | K2: {{specimen collector sample ID}}
A3: TRUE | B3: =IF(D3<>"",VLOOKUP(D3,PHA4GEVars!$A$7:$B$241,2,FALSE),"") -> Database identifiers | C3: PHA4GE | D3: specimen collector sample ID | F3: sampleRelationships | I3: {{specimen collector sample ID}} | J3: child | K3: {{sampling event ID}}
A4: TRUE | B4: =IF(D4<>"",VLOOKUP(D4,PHA4GEVars!$A$7:$B$241,2,FALSE),"") -> Database identifiers | C4: PHA4GE | D4: specimen collector subsample ID | F4: sampleRelationships | I4: {{specimen collector subsample ID}} | J4: child | K4: {{specimen collector sample ID}}
A5: TRUE | B5: =IF(D5<>"",VLOOKUP(D5,PHA4GEVars!$A$7:$B$241,2,FALSE),"") -> Strain and isolation information | C5: PHA4GE | D5: alternative isolate ID | F5: sampleRelationships | I5: {{alternative isolate ID}} | J5: child | K5: {{specimen collector sample ID}} | L5: Check with Mathew if correct
A6: TRUE | B6: =IF(D6<>"",VLOOKUP(D6,PHA4GEVars!$A$7:$B$241,2,FALSE),"") -> Strain and isolation information | C6: PHA4GE | D6: isolate ID | F6: sampleRelationships | I6: {{isolate ID}} | J6: child | K6: {{specimen collector sample ID}} | L6: Check with Mathew if correct
A7: TRUE | B7: =IF(D7<>"",VLOOKUP(D7,PHA4GEVars!$A$7:$B$241,2,FALSE),"") -> Strain and isolation information | C7: PHA4GE | D7: isolate ID | F7: sampleRelationships | I7: {{isolate ID}} | J7: labDuplicate | K7: {{alternative isolate ID}} | L7: Check with Mathew if correct
A8: TRUE | B8: =IF(D8<>"",VLOOKUP(D8,PHA4GEVars!$A$7:$B$241,2,FALSE),"") -> Strain and isolation information | C8: PHA4GE | D8: progeny isolate ID | F8: sampleRelationships | I8: {{progeny isolate ID}} | J8: child | K8: {{specimen collector sample ID}} | L8: Check with Mathew if correct

Sheet maps_repositories
A1: IndexNum | B1: Martin Complete | C1: Complete | D1: PHA4GE_table | E1: sourceClass | F1: sourceSlot | G1: sourceValue | H1: targetClass | I1: wide? | J1: targetSlot | K1: targetValue | L1: notes2 | M1: customData | N1: notes | O1: Martin notes

Sheet wide_repositories
A1: Complete | B1: PHA4GE Class | C1: sourceClass | D1: sourceSlot | E1: sourceValue | F1: targetClass | G1: dataRepo_value | H1: wideOtherSlots | I1: value_value | J1: notes
B2: =IF(D2<>"",VLOOKUP(D2,PHA4GEVars!$A$7:$B$241,2,FALSE),"") -> Database identifiers | C2: PHA4GE | D2: BioProject accession | F2: repositories | G2: insdc | I2: {{BioProject accession}}
B3: =IF(D3<>"",VLOOKUP(D3,PHA4GEVars!$A$7:$B$241,2,FALSE),"") -> Database identifiers | C3: PHA4GE | D3: BioSample accession | F3: repositories | G3: insdc | I3: {{BioSample accession}}
B4: =IF(D4<>"",VLOOKUP(D4,PHA4GEVars!$A$7:$B$241,2,FALSE),"") -> #N/A | C4: PHA4GE | D4: DDBJ accession | F4: repositories | G4: ddbj | I4: {{DDBJ accession}}
B5: =IF(D5<>"",VLOOKUP(D5,PHA4GEVars!$A$7:$B$241,2,FALSE),"") -> Database identifiers | C5: PHA4GE | D5: DRA accession | F5: repositories | G5: dra | I5: {{DRA accession}}
B6: =IF(D6<>"",VLOOKUP(D6,PHA4GEVars!$A$7:$B$241,2,FALSE),"") -> Database identifiers | C6: PHA4GE | D6: ENA accession | F6: repositories | G6: ena | I6: {{ENA accession}}
B7: =IF(D7<>"",VLOOKUP(D7,PHA4GEVars!$A$7:$B$241,2,FALSE),"") -> Database identifiers | C7: PHA4GE | D7: Enterobase accession | F7: repositories | G7: enterobase | I7: {{Enterobase accession}}
B8: =IF(D8<>"",VLOOKUP(D8,PHA4GEVars!$A$7:$B$241,2,FALSE),"") -> Database identifiers | C8: PHA4GE | D8: GenBank accession (versioned) | F8: repositories | G8: genBank | I8: {{GenBank accession (versioned)}}
B9: =IF(D9<>"",VLOOKUP(D9,PHA4GEVars!$A$7:$B$241,2,FALSE),"") -> Database identifiers | C9: PHA4GE | D9: GISAID accession | F9: repositories | G9: gisaid | H9: { "notes_value" : "{{GISAID virus name}}" } | I9: {{GISAID accession}}
B10: =IF(D10<>"",VLOOKUP(D10,PHA4GEVars!$A$7:$B$241,2,FALSE),"") -> Database identifiers | C10: PHA4GE | D10: GSA accession | F10: repositories | G10: gsa | I10: {{GSA accession}}
B11: =IF(D11<>"",VLOOKUP(D11,PHA4GEVars!$A$7:$B$241,2,FALSE),"") -> Database identifiers | C11: PHA4GE | D11: metagenome-assembled genome (MAG) ID | F11: repositories | G11: mag | I11: {{metagenome-assembled genome (MAG) ID}}
B12: =IF(D12<>"",VLOOKUP(D12,PHA4GEVars!$A$7:$B$241,2,FALSE),"") -> Database identifiers | C12: PHA4GE | D12: SRA accession | F12: repositories | G12: sra | I12: {{SRA accession }}

Sheet maps_qualityReports
A1: IndexNum | B1: Martin Complete | C1: Complete | D1: PHA4GE_table | E1: PHA4GE Class | F1: sourceClass | G1: sourceSlot | H1: sourceValue | I1: targetClass | J1: wide? | K1: targetSlot | L1: targetValue | M1: notes2 | N1: customData | O1: notes | P1: Martin notes
A2: 25 | C2: TRUE | D2: Bioinformatics and QC metrics | E2: =IF(G2<>"",VLOOKUP(G2,PHA4GEVars!$A$7:$B$241,2,FALSE),"") -> Bioinformatics and QC metrics | F2: PHA4GE | G2: quality control details | H2: NA | I2: qualityReports | K2: notes | L2: {{quality control details}} | O2: Need linkage to the measureRepID for the sequencing, generate qulaityIDs. | P2: See notes
A3: 32 | D3: Bioinformatics and QC metrics | E3: =IF(G3<>"",VLOOKUP(G3,PHA4GEVars!$A$7:$B$241,2,FALSE),"") -> Bioinformatics and QC metrics | F3: PHA4GE | G3: quality control issues | H3: low quality sequence | I3: qualityReports | K3: qualityFlag | L3: lowQualSeq | O3: Need linkage to the measureRepID for the sequencing, generate qulaityIDs. | P3: See notes
A4: 33 | D4: Bioinformatics and QC metrics | E4: =IF(G4<>"",VLOOKUP(G4,PHA4GEVars!$A$7:$B$241,2,FALSE),"") -> Bioinformatics and QC metrics | F4: PHA4GE | G4: quality control issues | H4: sequence contaminated | I4: qualityReports | K4: qualityFlag | L4: seqContam | O4: Need linkage to the measureRepID for the sequencing, generate qulaityIDs. | P4: See notes
A5: 34 | D5: Bioinformatics and QC metrics | E5: =IF(G5<>"",VLOOKUP(G5,PHA4GEVars!$A$7:$B$241,2,FALSE),"") -> Bioinformatics and QC metrics | F5: PHA4GE | G5: quality control issues | H5: low average genome coverage | I5: qualityReports | K5: qualityFlag | L5: lAGC | O5: Need linkage to the measureRepID for the sequencing, generate qulaityIDs. | P5: See notes
A6: 35 | D6: Bioinformatics and QC metrics | E6: =IF(G6<>"",VLOOKUP(G6,PHA4GEVars!$A$7:$B$241,2,FALSE),"") -> Bioinformatics and QC metrics | F6: PHA4GE | G6: quality control issues | H6: low percent genome captured | I6: qualityReports | K6: qualityFlag | L6: lPGC | O6: Need linkage to the measureRepID for the sequencing, generate qulaityIDs. | P6: See notes
A7: 36 | D7: Bioinformatics and QC metrics | E7: =IF(G7<>"",VLOOKUP(G7,PHA4GEVars!$A$7:$B$241,2,FALSE),"") -> Bioinformatics and QC metrics | F7: PHA4GE | G7: quality control issues | H7: read lengths shorter than expected | I7: qualityReports | K7: qualityFlag | L7: shortRead | O7: Need linkage to the measureRepID for the sequencing, generate qulaityIDs. | P7: See notes
A8: 37 | D8: Bioinformatics and QC metrics | E8: =IF(G8<>"",VLOOKUP(G8,PHA4GEVars!$A$7:$B$241,2,FALSE),"") -> Bioinformatics and QC metrics | F8: PHA4GE | G8: quality control issues | H8: sequence amplification artifacts | I8: qualityReports | K8: qualityFlag | L8: ampliArtifact | O8: Need linkage to the measureRepID for the sequencing, generate qulaityIDs. | P8: See notes
A9: 38 | D9: Bioinformatics and QC metrics | E9: =IF(G9<>"",VLOOKUP(G9,PHA4GEVars!$A$7:$B$241,2,FALSE),"") -> Bioinformatics and QC metrics | F9: PHA4GE | G9: quality control issues | H9: low signal to noise ratio | I9: qualityReports | K9: qualityFlag | L9: lowSNRatio | O9: Need linkage to the measureRepID for the sequencing, generate qulaityIDs. | P9: See notes
A10: 39 | D10: Bioinformatics and QC metrics | E10: =IF(G10<>"",VLOOKUP(G10,PHA4GEVars!$A$7:$B$241,2,FALSE),"") -> Bioinformatics and QC metrics | F10: PHA4GE | G10: quality control issues | H10: low coverage of characteristic mutations | I10: qualityReports | K10: qualityFlag | L10: lowCovMut | O10: Need linkage to the measureRepID for the sequencing, generate qulaityIDs. | P10: See notes

Sheet maps_protocolSteps
A1: IndexNum | B1: Martin Complete | C1: Complete | D1: PHA4GE_table | E1: PHA4GE Class | F1: sourceClass | G1: sourceSlot | H1: sourceValue | I1: targetClass | J1: wide? | K1: targetSlot | L1: targetValue | M1: notes2 | N1: customData | O1: notes | P1: Martin notes
A2: 2 | C2: TRUE | D2: AMR detection information | E2: =IF(G2<>"",VLOOKUP(G2,PHA4GEVars!$A$7:$B$241,2,FALSE),"") -> AMR detection information | F2: PHA4GE | G2: AMR analysis software name | H2: NA | I2: protocolSteps | J2: wide_value | O2: link to AMR measures? Idk if there are any. | P2: What are AMR measures?
A3: 3 | B3: TRUE | C3: TRUE | D3: AMR detection information | E3: =IF(G3<>"",VLOOKUP(G3,PHA4GEVars!$A$7:$B$241,2,FALSE),"") -> AMR detection information | F3: PHA4GE | G3: AMR analysis software version | H3: NA | I3: protocolSteps | K3: stepVer | L3: {{AMR analysis software version}} | O3: link to AMR analysis software name - this is a tentative mapping. | P3: What are AMR measures?
A4: 9 | B4: TRUE | C4: TRUE | D4: Bioinformatics and QC metrics | E4: =IF(G4<>"",VLOOKUP(G4,PHA4GEVars!$A$7:$B$241,2,FALSE),"") -> Bioinformatics and QC metrics | F4: PHA4GE | G4: consensus sequence software name | H4: NA | I4: protocolSteps | J4: wide_value | O4: link to sequencing measures | P4: See notes
A5: 10 | B5: TRUE | C5: TRUE | D5: Bioinformatics and QC metrics | E5: =IF(G5<>"",VLOOKUP(G5,PHA4GEVars!$A$7:$B$241,2,FALSE),"") -> Bioinformatics and QC metrics | F5: PHA4GE | G5: consensus sequence software version | H5: NA | I5: protocolSteps | K5: stepVer | L5: {{consensus sequence software version}} | O5: link to consensus sequence software name - this is a tentative mapping.
A6: 11 | B6: TRUE | C6: TRUE | D6: Bioinformatics and QC metrics | E6: =IF(G6<>"",VLOOKUP(G6,PHA4GEVars!$A$7:$B$241,2,FALSE),"") -> Bioinformatics and QC metrics | F6: PHA4GE | G6: deduplication method | H6: NA | I6: protocolSteps | J6: wide_value | O6: link to sequencing measures - may need to figure out a standard way to string these tegother under a protocolID via relationships | P6: See notes
A7: 12 | B7: TRUE | C7: TRUE | D7: Bioinformatics and QC metrics | E7: =IF(G7<>"",VLOOKUP(G7,PHA4GEVars!$A$7:$B$241,2,FALSE),"") -> Bioinformatics and QC metrics | F7: PHA4GE | G7: dehosting method | H7: NA | I7: protocolSteps | J7: wide_value | O7: link to sequencing measures - may need to figure out a standard way to string these tegother under a protocolID via relationships | P7: See notes
A8: 42 | C8: TRUE | D8: Bioinformatics and QC metrics | E8: =IF(G8<>"",VLOOKUP(G8,PHA4GEVars!$A$7:$B$241,2,FALSE),"") -> Bioinformatics and QC metrics | F8: PHA4GE | G8: raw sequence data processing method | H8: NA | I8: protocolSteps | J8: wide_value | O8: the version will need to be cleaved off and stored in protocolSteps_stepVer | P8: See notes
A9: 45 | B9: TRUE | C9: TRUE | D9: Bioinformatics and QC metrics | E9: =IF(G9<>"",VLOOKUP(G9,PHA4GEVars!$A$7:$B$241,2,FALSE),"") -> Bioinformatics and QC metrics | F9: PHA4GE | G9: sequence assembly software name | H9: NA | I9: protocolSteps | J9: wide_value | O9: link with sequence assembly software version
A10: 46 | B10: TRUE | C10: TRUE | D10: Bioinformatics and QC metrics | E10: =IF(G10<>"",VLOOKUP(G10,PHA4GEVars!$A$7:$B$241,2,FALSE),"") -> Bioinformatics and QC metrics | F10: PHA4GE | G10: sequence assembly software version | H10: NA | I10: protocolSteps | K10: stepVer | L10: {{sequence assembly software version}} | O10: link to sequence assembly software name - this is a tentative mapping.
A11: 226 | C11: TRUE | D11: Lineage/clade information | E11: =IF(G11<>"",VLOOKUP(G11,PHA4GEVars!$A$7:$B$241,2,FALSE),"") -> Lineage/clade information | F11: PHA4GE | G11: lineage/clade analysis software name | H11: NA | I11: protocolSteps | J11: wide_value | O11: link to lineage/clade analysis measures? Idk if there are any.
A12: 227 | C12: TRUE | D12: Lineage/clade information | E12: =IF(G12<>"",VLOOKUP(G12,PHA4GEVars!$A$7:$B$241,2,FALSE),"") -> Lineage/clade information | F12: PHA4GE | G12: lineage/clade analysis software version | H12: NA | I12: protocolSteps | K12: stepVer | L12: {{lineage/clade analysis software version}} | O12: link to lineage/clade analysis software name - this is a tentative mapping. | P12: How to link to software name? Which field should it go in?
A13: 234 | B13: TRUE | D13: Pathogen diagnostic testing | E13: =IF(G13<>"",VLOOKUP(G13,PHA4GEVars!$A$7:$B$241,2,FALSE),"") -> Pathogen diagnostic testing | F13: PHA4GE | G13: diagnostic measurement method | H13: quantitative real time polymerase chain reaction (qPCR) | I13: protocolSteps | J13: wide_value | P13: Should this be added to protocolID for "diagnostic measurement value"?
A14: 235 | B14: TRUE | D14: Pathogen diagnostic testing | E14: =IF(G14<>"",VLOOKUP(G14,PHA4GEVars!$A$7:$B$241,2,FALSE),"") -> Pathogen diagnostic testing | F14: PHA4GE | G14: diagnostic measurement method | H14: digital real time polymerase chain reaction (dPCR) | I14: protocolSteps | J14: wide_value
A15: 236 | B15: TRUE | D15: Pathogen diagnostic testing | E15: =IF(G15<>"",VLOOKUP(G15,PHA4GEVars!$A$7:$B$241,2,FALSE),"") -> Pathogen diagnostic testing | F15: PHA4GE | G15: diagnostic measurement method | H15: bacteria culture test | I15: protocolSteps | J15: wide_value
A16: 329 | C16: TRUE | D16: Sample collection and processing | E16: =IF(G16<>"",VLOOKUP(G16,PHA4GEVars!$A$7:$B$241,2,FALSE),"") -> #N/A | G16: extraction kit | H16: NA | I16: protocolSteps | J16: wide_value | O16: link with {{extraction method}}; same row/entry
A17: 330 | B17: TRUE | D17: Sample collection and processing | E17: =IF(G17<>"",VLOOKUP(G17,PHA4GEVars!$A$7:$B$241,2,FALSE),"") -> #N/A | F17: PHA4GE | G17: extraction method | H17: NA | I17: protocolSteps | K17: summ | L17: {{extraction method}} | O17: link with {{extraction kit}}; same row/entry
A18: 331 | C18: TRUE | D18: Sample collection and processing | E18: =IF(G18<>"",VLOOKUP(G18,PHA4GEVars!$A$7:$B$241,2,FALSE),"") -> Sample collection and processing | F18: PHA4GE | G18: extraction recovery efficiency measurement method | H18: NA | I18: protocolSteps | K18: summ | L18: {{extraction recovery efficiency measurement method}} | O18: link with {{extraction recovery efficiency measurement value}}; probably via protocolID to measures table? | P18: Note sure how to link with the value. Will need to figure out the protocolIDs
A19: 658 | B19: TRUE | C19: TRUE | D19: Sample collection and processing | E19: =IF(G19<>"",VLOOKUP(G19,PHA4GEVars!$A$7:$B$241,2,FALSE),"") -> Sample collection and processing | F19: PHA4GE | G19: sample storage medium | H19: NA | I19: protocolSteps | J19: wide_value | O19: Link with {{sample storage method}}
A20: 659 | B20: TRUE | C20: TRUE | D20: Sample collection and processing | E20: =IF(G20<>"",VLOOKUP(G20,PHA4GEVars!$A$7:$B$241,2,FALSE),"") -> Sample collection and processing | F20: PHA4GE | G20: sample storage method | H20: NA | I20: protocolSteps | K20: summ | L20: {{sample storage method }} | O20: link with sample storage medium, maybe should be a protocol step summary rather than overall protocols?
A21: 667 | B21: TRUE | D21: Sample collection and processing | E21: =IF(G21<>"",VLOOKUP(G21,PHA4GEVars!$A$7:$B$241,2,FALSE),"") -> Sample collection and processing | F21: PHA4GE | G21: specimen processing | H21: Concentration | I21: protocolSteps | J21: wide_value | O21: Populate 'value', 'unit', and 'aggregation' for this row as "NR" | P21: In notes, is NR in value, unit, and aggregation only for sourceValue of "Concentration"? Shoud unit and aggregation be empty for the other sourceValues?
A22: 668 | B22: TRUE | D22: Sample collection and processing | E22: =IF(G22<>"",VLOOKUP(G22,PHA4GEVars!$A$7:$B$241,2,FALSE),"") -> Sample collection and processing | F22: PHA4GE | G22: specimen processing | H22: Centrifugation | I22: protocolSteps | J22: wide_value
A23: 669 | B23: TRUE | D23: Sample collection and processing | E23: =IF(G23<>"",VLOOKUP(G23,PHA4GEVars!$A$7:$B$241,2,FALSE),"") -> Sample collection and processing | F23: PHA4GE | G23: specimen processing | H23: Filtration | I23: protocolSteps | J23: wide_value
A24: 670 | B24: TRUE | D24: Sample collection and processing | E24: =IF(G24<>"",VLOOKUP(G24,PHA4GEVars!$A$7:$B$241,2,FALSE),"") -> Sample collection and processing | F24: PHA4GE | G24: specimen processing | H24: Flocculation | I24: protocolSteps | J24: wide_value
A25: 671 | B25: TRUE | D25: Sample collection and processing | E25: =IF(G25<>"",VLOOKUP(G25,PHA4GEVars!$A$7:$B$241,2,FALSE),"") -> Sample collection and processing | F25: PHA4GE | G25: specimen processing | H25: Magnetic nanobead binding | I25: protocolSteps | J25: wide_value
A26: 672 | B26: TRUE | D26: Sample collection and processing | E26: =IF(G26<>"",VLOOKUP(G26,PHA4GEVars!$A$7:$B$241,2,FALSE),"") -> Sample collection and processing | F26: PHA4GE | G26: specimen processing | H26: Precipitation | I26: protocolSteps | J26: wide_value
A27: 673 | B27: TRUE | D27: Sample collection and processing | E27: =IF(G27<>"",VLOOKUP(G27,PHA4GEVars!$A$7:$B$241,2,FALSE),"") -> Sample collection and processing | F27: PHA4GE | G27: specimen processing | H27: Gravity settling | I27: protocolSteps | J27: wide_value
A28: 674 | B28: TRUE | D28: Sample collection and processing | E28: =IF(G28<>"",VLOOKUP(G28,PHA4GEVars!$A$7:$B$241,2,FALSE),"") -> Sample collection and processing | F28: PHA4GE | G28: specimen processing | H28: Growth in enrichment broth | I28: protocolSteps | J28: wide_value
A29: 675 | B29: TRUE | D29: Sample collection and processing | E29: =IF(G29<>"",VLOOKUP(G29,PHA4GEVars!$A$7:$B$241,2,FALSE),"") -> Sample collection and processing | F29: PHA4GE | G29: specimen processing | H29: Pasteurization | I29: protocolSteps | J29: wide_value | O29: Populate 'value', with "TRUE" and populate 'unit', and 'aggregation' for this row as "NR"
A30: 691 | B30: TRUE | D30: Sequence information | E30: =IF(G30<>"",VLOOKUP(G30,PHA4GEVars!$A$7:$B$241,2,FALSE),"") -> Sequence information | F30: PHA4GE | G30: amplicon pcr primer scheme | H30: artic-v1 | I30: protocolSteps | J30: wide_value
A31: 692 | B31: TRUE | D31: Sequence information | E31: =IF(G31<>"",VLOOKUP(G31,PHA4GEVars!$A$7:$B$241,2,FALSE),"") -> Sequence information | F31: PHA4GE | G31: amplicon pcr primer scheme | H31: artic-v2 | I31: protocolSteps | J31: wide_value
A32: 693 | B32: TRUE | D32: Sequence information | E32: =IF(G32<>"",VLOOKUP(G32,PHA4GEVars!$A$7:$B$241,2,FALSE),"") -> Sequence information | F32: PHA4GE | G32: amplicon pcr primer scheme | H32: artic-v3 | I32: protocolSteps | J32: wide_value
A33: 694 | B33: TRUE | D33: Sequence information | E33: =IF(G33<>"",VLOOKUP(G33,PHA4GEVars!$A$7:$B$241,2,FALSE),"") -> Sequence information | F33: PHA4GE | G33: amplicon pcr primer scheme | H33: artic-v4 | I33: protocolSteps | J33: wide_value
A34: 695 | B34: TRUE | D34: Sequence information | E34: =IF(G34<>"",VLOOKUP(G34,PHA4GEVars!$A$7:$B$241,2,FALSE),"") -> Sequence information | F34: PHA4GE | G34: amplicon pcr primer scheme | H34: artic-v4.1 | I34: protocolSteps | J34: wide_value
A35: 696 | B35: TRUE | D35: Sequence information | E35: =IF(G35<>"",VLOOKUP(G35,PHA4GEVars!$A$7:$B$241,2,FALSE),"") -> Sequence information | F35: PHA4GE | G35: amplicon pcr primer scheme | H35: artic-v5.0.0_400 | I35: protocolSteps | J35: wide_value
A36: 697 | B36: TRUE | D36: Sequence information | E36: =IF(G36<>"",VLOOKUP(G36,PHA4GEVars!$A$7:$B$241,2,FALSE),"") -> Sequence information | F36: PHA4GE | G36: amplicon pcr primer scheme | H36: artic-v5.1.0_400 | I36: protocolSteps | J36: wide_value
A37: 698 | B37: TRUE | D37: Sequence information | E37: =IF(G37<>"",VLOOKUP(G37,PHA4GEVars!$A$7:$B$241,2,FALSE),"") -> Sequence information | F37: PHA4GE | G37: amplicon pcr primer scheme | H37: artic-v5.2.0_1200 | I37: protocolSteps | J37: wide_value
A38: 699 | B38: TRUE | D38: Sequence information | E38: =IF(G38<>"",VLOOKUP(G38,PHA4GEVars!$A$7:$B$241,2,FALSE),"") -> Sequence information | F38: PHA4GE | G38: amplicon pcr primer scheme | H38: artic-v5.2.0_400 | I38: protocolSteps | J38: wide_value
A39: 700 | B39: TRUE | D39: Sequence information | E39: =IF(G39<>"",VLOOKUP(G39,PHA4GEVars!$A$7:$B$241,2,FALSE),"") -> Sequence information | F39: PHA4GE | G39: amplicon pcr primer scheme | H39: artic-v5.3.2_400 | I39: protocolSteps | J39: wide_value
A40: 701 | B40: TRUE | D40: Sequence information | E40: =IF(G40<>"",VLOOKUP(G40,PHA4GEVars!$A$7:$B$241,2,FALSE),"") -> Sequence information | F40: PHA4GE | G40: amplicon pcr primer scheme | H40: eden-v1 | I40: protocolSteps | J40: wide_value
A41: 702 | B41: TRUE | D41: Sequence information | E41: =IF(G41<>"",VLOOKUP(G41,PHA4GEVars!$A$7:$B$241,2,FALSE),"") -> Sequence information | F41: PHA4GE | G41: amplicon pcr primer scheme | H41: midnight-bccdc-v1 | I41: protocolSteps | J41: wide_value
... A51: 712 | B51: TRUE | D51: Sequence information | E51: =IF(G51<>"",VLOOKUP(G51,PHA4GEVars!$A$7:$B$241,2,FALSE),"") -> Sequence information | F51: PHA4GE | G51: amplicon pcr primer scheme | H51: varskip-vss2b | I51: protocolSteps | J51: wide_value
A52: 715 | B52: TRUE | D52: Sequence information | E52: =IF(G52<>"",VLOOKUP(G52,PHA4GEVars!$A$7:$B$241,2,FALSE),"") -> Sequence information | F52: PHA4GE | G52: genomic target enrichment method | H52: hybrid selection method | I52: protocolSteps | J52: wide_value | O52: link with {{genomic target enrichment method details}} as the notes filed in ODM.
A53: 716 | B53: TRUE | D53: Sequence information | E53: =IF(G53<>"",VLOOKUP(G53,PHA4GEVars!$A$7:$B$241,2,FALSE),"") -> Sequence information | F53: PHA4GE | G53: genomic target enrichment method | H53: rRNA depletion method | I53: protocolSteps | J53: wide_value | O53: link with {{genomic target enrichment method details}} as the notes filed in ODM.
A54: 717 | B54: TRUE | C54: TRUE | D54: Sequence information | E54: =IF(G54<>"",VLOOKUP(G54,PHA4GEVars!$A$7:$B$241,2,FALSE),"") -> Sequence information | F54: PHA4GE | G54: genomic target enrichment method details | H54: NA | I54: protocolSteps | K54: summ | L54: {{genomic target enrichment method details}} | O54: Link with {{genomic target enrichment method}} protocol step in ODM.
A55: 718 | B55: TRUE | C55: TRUE | D55: Sequence information | E55: =IF(G55<>"",VLOOKUP(G55,PHA4GEVars!$A$7:$B$241,2,FALSE),"") -> Sequence information | F55: PHA4GE | G55: library ID | H55: NA | I55: protocolSteps | K55: stepID | L55: {{library ID}} | O55: Link with library preparation kit - same row/entry
A56: 719 | B56: TRUE | C56: TRUE | D56: Sequence information | E56: =IF(G56<>"",VLOOKUP(G56,PHA4GEVars!$A$7:$B$241,2,FALSE),"") -> Sequence information | F56: PHA4GE | G56: library preparation kit | H56: NA | I56: protocolSteps | J56: wide_value | O56: Link with library ID - same row/entry
A57: 736 | B57: TRUE | D57: Sequence information | E57: =IF(G57<>"",VLOOKUP(G57,PHA4GEVars!$A$7:$B$241,2,FALSE),"") -> Sequence information | F57: PHA4GE | G57: sequencing assay type | H57: amplicon sequencing assay | I57: protocolSteps | J57: wide_value
A58: 737 | B58: TRUE | D58: Sequence information | E58: =IF(G58<>"",VLOOKUP(G58,PHA4GEVars!$A$7:$B$241,2,FALSE),"") -> Sequence information | F58: PHA4GE | G58: sequencing assay type | H58: 16S ribosomal gene sequencing assay | I58: protocolSteps | J58: wide_value
A59: 738 | B59: TRUE | D59: Sequence information | E59: =IF(G59<>"",VLOOKUP(G59,PHA4GEVars!$A$7:$B$241,2,FALSE),"") -> Sequence information | F59: PHA4GE | G59: sequencing assay type | H59: whole genome sequencing assay | I59: protocolSteps | J59: wide_value
A60: 739 | B60: TRUE | D60: Sequence information | E60: =IF(G60<>"",VLOOKUP(G60,PHA4GEVars!$A$7:$B$241,2,FALSE),"") -> Sequence information | F60: PHA4GE | G60: sequencing assay type | H60: whole metagenome sequencing assay | I60: protocolSteps | J60: wide_value
A61: 740 | B61: TRUE | D61: Sequence information | E61: =IF(G61<>"",VLOOKUP(G61,PHA4GEVars!$A$7:$B$241,2,FALSE),"") -> Sequence information | F61: PHA4GE | G61: sequencing assay type | H61: whole virome sequencing assay | I61: protocolSteps | J61: wide_value
A62: 841 | C62: TRUE | D62: Strain and isolation information | E62: =IF(G62<>"",VLOOKUP(G62,PHA4GEVars!$A$7:$B$241,2,FALSE),"") -> Strain and isolation information | F62: PHA4GE | G62: serotyping method | H62: NA | I62: protocolSteps | J62: wide_value
A63: 845 | C63: TRUE | D63: Taxonomic identification information | E63: =IF(G63<>"",VLOOKUP(G63,PHA4GEVars!$A$7:$B$241,2,FALSE),"") -> Taxonomic identification information | F63: PHA4GE | G63: read mapping software name | H63: NA | I63: protocolSteps | J63: wide_value | O63: Link read protocol items all together please
A64: 846 | C64: TRUE | D64: Taxonomic identification information | E64: =IF(G64<>"",VLOOKUP(G64,PHA4GEVars!$A$7:$B$241,2,FALSE),"") -> Taxonomic identification information | F64: PHA4GE | G64: read mapping software version | H64: NA | I64: protocolSteps | K64: stepVer | L64: {{read mapping software version}} | O64: Link read protocol items all together please

Sheet wide_protocolSteps
A1: Complete | B1: PHA4GE Class | C1: sourceClass | D1: sourceSlot | E1: sourceValue | F1: targetClass | G1: wideTargetValue | H1: wideOtherSlots | I1: specimen_value | J1: measure_value | K1: method_value | L1: value_value | M1: notes | N1: Martin Notes
A2: TRUE | B2: =IF(D2<>"",VLOOKUP(D2,PHA4GEVars!$A$7:$B$241,2,FALSE),"") -> Sequence information | C2: PHA4GE | D2: amplicon pcr primer scheme | E2: artic-v1 | F2: protocolSteps | G2: articV1 | K2: primer | L2: {{amplicon pcr primer scheme}}
A3: TRUE | B3: =IF(D3<>"",VLOOKUP(D3,PHA4GEVars!$A$7:$B$241,2,FALSE),"") -> Sequence information | C3: PHA4GE | D3: amplicon pcr primer scheme | E3: artic-v2 | F3: protocolSteps | G3: articV2 | K3: primer | L3: {{amplicon pcr primer scheme}}
A4: TRUE | B4: =IF(D4<>"",VLOOKUP(D4,PHA4GEVars!$A$7:$B$241,2,FALSE),"") -> Sequence information | C4: PHA4GE | D4: amplicon pcr primer scheme | E4: artic-v3 | F4: protocolSteps | G4: articV3 | K4: primer | L4: {{amplicon pcr primer scheme}}
A5: TRUE | B5: =IF(D5<>"",VLOOKUP(D5,PHA4GEVars!$A$7:$B$241,2,FALSE),"") -> Sequence information | C5: PHA4GE | D5: amplicon pcr primer scheme | E5: artic-v4 | F5: protocolSteps | G5: articV4 | K5: primer | L5: {{amplicon pcr primer scheme}}
A6: TRUE | B6: =IF(D6<>"",VLOOKUP(D6,PHA4GEVars!$A$7:$B$241,2,FALSE),"") -> Sequence information | C6: PHA4GE | D6: amplicon pcr primer scheme | E6: artic-v4.1 | F6: protocolSteps | G6: articV41 | K6: primer | L6: {{amplicon pcr primer scheme}}
A7: TRUE | B7: =IF(D7<>"",VLOOKUP(D7,PHA4GEVars!$A$7:$B$241,2,FALSE),"") -> Sequence information | C7: PHA4GE | D7: amplicon pcr primer scheme | E7: artic-v5.0.0_400 | F7: protocolSteps | G7: articV500 | K7: primer | L7: {{amplicon pcr primer scheme}}
A8: TRUE | B8: =IF(D8<>"",VLOOKUP(D8,PHA4GEVars!$A$7:$B$241,2,FALSE),"") -> Sequence information | C8: PHA4GE | D8: amplicon pcr primer scheme | E8: artic-v5.1.0_400 | F8: protocolSteps | G8: articV510 | K8: primer | L8: {{amplicon pcr primer scheme}}
A9: TRUE | B9: =IF(D9<>"",VLOOKUP(D9,PHA4GEVars!$A$7:$B$241,2,FALSE),"") -> Sequence information | C9: PHA4GE | D9: amplicon pcr primer scheme | E9: artic-v5.2.0_1200 | F9: protocolSteps | G9: articV520bp1200 | K9: primer | L9: {{amplicon pcr primer scheme}}
A10: TRUE | B10: =IF(D10<>"",VLOOKUP(D10,PHA4GEVars!$A$7:$B$241,2,FALSE),"") -> Sequence information | C10: PHA4GE | D10: amplicon pcr primer scheme | E10: artic-v5.2.0_400 | F10: protocolSteps | G10: articV520bp400 | K10: primer | L10: {{amplicon pcr primer scheme}}
A11: TRUE | B11: =IF(D11<>"",VLOOKUP(D11,PHA4GEVars!$A$7:$B$241,2,FALSE),"") -> Sequence information | C11: PHA4GE | D11: amplicon pcr primer scheme | E11: artic-v5.3.2_400 | F11: protocolSteps | G11: articV532 | K11: primer | L11: {{amplicon pcr primer scheme}}
A12: TRUE | B12: =IF(D12<>"",VLOOKUP(D12,PHA4GEVars!$A$7:$B$241,2,FALSE),"") -> Sequence information | C12: PHA4GE | D12: amplicon pcr primer scheme | E12: eden-v1 | F12: protocolSteps | G12: edenV1 | K12: primer | L12: {{amplicon pcr primer scheme}}
A13: TRUE | B13: =IF(D13<>"",VLOOKUP(D13,PHA4GEVars!$A$7:$B$241,2,FALSE),"") -> Sequence information | C13: PHA4GE | D13: amplicon pcr primer scheme | E13: midnight-bccdc-v1 | F13: protocolSteps | G13: midnightBCCDCv1 | K13: primer | L13: {{amplicon pcr primer scheme}}
... A23: TRUE | B23: =IF(D23<>"",VLOOKUP(D23,PHA4GEVars!$A$7:$B$241,2,FALSE),"") -> Sequence information | C23: PHA4GE | D23: amplicon pcr primer scheme | E23: varskip-vss2b | F23: protocolSteps | G23: nebVarSkipV2b | K23: primer | L23: {{amplicon pcr primer scheme}}
B24: =IF(D24<>"",VLOOKUP(D24,PHA4GEVars!$A$7:$B$241,2,FALSE),"")
A25: TRUE | B25: =IF(D25<>"",VLOOKUP(D25,PHA4GEVars!$A$7:$B$241,2,FALSE),"") -> Environmental conditions and measurements | C25: PHA4GE | D25: water catchment area human population measurement method | E25: {{water catchment area human population measurement method}} | F25: protocolSteps | K25: popAs | L25: {{water catchment area human population measurement method}} | M25: Should match to one of the three possible categorical inputs for this field - ie. census, count, or rev.
B26: =IF(D26<>"",VLOOKUP(D26,PHA4GEVars!$A$7:$B$241,2,FALSE),"")
A27: TRUE | B27: =IF(D27<>"",VLOOKUP(D27,PHA4GEVars!$A$7:$B$241,2,FALSE),"") -> Pathogen diagnostic testing | C27: PHA4GE | D27: diagnostic measurement method | E27: quantitative real time polymerase chain reaction (qPCR) | F27: protocolSteps | G27: dpcr | K27: pcrmeth | L27: {{diagnostic measurement method}}
A28: TRUE | B28: =IF(D28<>"",VLOOKUP(D28,PHA4GEVars!$A$7:$B$241,2,FALSE),"") -> Pathogen diagnostic testing | C28: PHA4GE | D28: diagnostic measurement method | E28: digital real time polymerase chain reaction (dPCR) | F28: protocolSteps | G28: qpcr | K28: pcrmeth | L28: {{diagnostic measurement method}}
A29: TRUE | B29: =IF(D29<>"",VLOOKUP(D29,PHA4GEVars!$A$7:$B$241,2,FALSE),"") -> Pathogen diagnostic testing | C29: PHA4GE | D29: diagnostic measurement method | E29: bacteria culture test | F29: protocolSteps | G29: bacCul | K29: bactMeth | L29: {{diagnostic measurement method}}
B30: =IF(D30<>"",VLOOKUP(D30,PHA4GEVars!$A$7:$B$241,2,FALSE),"")
A31: TRUE | B31: =IF(D31<>"",VLOOKUP(D31,PHA4GEVars!$A$7:$B$241,2,FALSE),"") -> Sequence information | C31: PHA4GE | D31: genomic target enrichment method | E31: hybrid selection method | F31: protocolSteps | G31: hySel | H31: { "summ": "{{genomic target enrichment method details}}" } | I31: sa | K31: gte | L31: {{genomic target enrichment method}}
A32: TRUE | B32: =IF(D32<>"",VLOOKUP(D32,PHA4GEVars!$A$7:$B$241,2,FALSE),"") -> Sequence information | C32: PHA4GE | D32: genomic target enrichment method | E32: rRNA depletion method | F32: protocolSteps | G32: rnaDepl | H32: { "summ": "{{genomic target enrichment method details}}" } | I32: sa | K32: gte | L32: {{genomic target enrichment method}}
B33: =IF(D33<>"",VLOOKUP(D33,PHA4GEVars!$A$7:$B$241,2,FALSE),"")
A34: TRUE | B34: =IF(D34<>"",VLOOKUP(D34,PHA4GEVars!$A$7:$B$241,2,FALSE),"") -> Sample collection and processing | C34: PHA4GE | D34: specimen processing | E34: Concentration | F34: protocolSteps | G34: methodConc | I34: sa | K34: methodConc | L34: NR | M34: Should be linked to a sample ID and also to the notes field reporting of the {{specimen processing details}}. | N34: Populate 'value', 'unit', and 'aggregation' for this row as "NR"
A35: TRUE | B35: =IF(D35<>"",VLOOKUP(D35,PHA4GEVars!$A$7:$B$241,2,FALSE),"") -> Sample collection and processing | C35: PHA4GE | D35: specimen processing | E35: Centrifugation | F35: protocolSteps | G35: solidSep | I35: sa | K35: solidSep | L35: cent | M35: Should be linked to a sample ID and also to the notes field reporting of the {{specimen processing details}}.
A36: TRUE | B36: =IF(D36<>"",VLOOKUP(D36,PHA4GEVars!$A$7:$B$241,2,FALSE),"") -> Sample collection and processing | C36: PHA4GE | D36: specimen processing | E36: Filtration | F36: protocolSteps | G36: solidSep | I36: sa | K36: solidSep | L36: filt | M36: Should be linked to a sample ID and also to the notes field reporting of the {{specimen processing details}}.
A37: TRUE | B37: =IF(D37<>"",VLOOKUP(D37,PHA4GEVars!$A$7:$B$241,2,FALSE),"") -> Sample collection and processing | C37: PHA4GE | D37: specimen processing | E37: Flocculation | F37: protocolSteps | G37: methodConc | I37: sa | K37: methodConc | L37: floc | M37: Should be linked to a sample ID and also to the notes field reporting of the {{specimen processing details}}.
A38: TRUE | B38: =IF(D38<>"",VLOOKUP(D38,PHA4GEVars!$A$7:$B$241,2,FALSE),"") -> Sample collection and processing | C38: PHA4GE | D38: specimen processing | E38: Magnetic nanobead binding | F38: protocolSteps | G38: methodConc | I38: sa | K38: methodConc | L38: magBead | M38: Should be linked to a sample ID and also to the notes field reporting of the {{specimen processing details}}.
A39: TRUE | B39: =IF(D39<>"",VLOOKUP(D39,PHA4GEVars!$A$7:$B$241,2,FALSE),"") -> Sample collection and processing | C39: PHA4GE | D39: specimen processing | E39: Precipitation | F39: protocolSteps | G39: methodConc | I39: sa | K39: methodConc | L39: prec | M39: Should be linked to a sample ID and also to the notes field reporting of the {{specimen processing details}}.
A40: TRUE | B40: =IF(D40<>"",VLOOKUP(D40,PHA4GEVars!$A$7:$B$241,2,FALSE),"") -> Sample collection and processing | C40: PHA4GE | D40: specimen processing | E40: Gravity settling | F40: protocolSteps | G40: solidSep | I40: sa | K40: solidSep | L40: graSet | M40: Should be linked to a sample ID and also to the notes field reporting of the {{specimen processing details}}.
A41: TRUE | B41: =IF(D41<>"",VLOOKUP(D41,PHA4GEVars!$A$7:$B$241,2,FALSE),"") -> Sample collection and processing | C41: PHA4GE | D41: specimen processing | E41: Growth in enrichment broth | F41: protocolSteps | G41: bactMeth | I41: sa | K41: bactMeth | L41: growBroth | M41: Should be linked to a sample ID and also to the notes field reporting of the {{specimen processing details}}.
A42: TRUE | B42: =IF(D42<>"",VLOOKUP(D42,PHA4GEVars!$A$7:$B$241,2,FALSE),"") -> Sample collection and processing | C42: PHA4GE | D42: specimen processing | E42: Pasteurization | F42: protocolSteps | G42: pasteur | I42: sa | K42: pasteur | L42: TRUE | M42: Should be linked to a sample ID and also to the notes field reporting of the {{specimen processing details}}. | N42: Populate 'value', with "TRUE" and populate 'unit', and 'aggregation' for this row as "NR"
B43: =IF(D43<>"",VLOOKUP(D43,PHA4GEVars!$A$7:$B$241,2,FALSE),"")
A44: TRUE | B44: =IF(D44<>"",VLOOKUP(D44,PHA4GEVars!$A$7:$B$241,2,FALSE),"") -> AMR detection information | C44: PHA4GE | D44: AMR analysis software name | E44: {{AMR analysis software name}} | F44: protocolSteps | H44: { "stepVer": "{{AMR analysis software version}}" } | I44: sa | K44: amrSoft | L44: {{AMR analysis software name}} | M44: should be linked to an AMR measure, additional complications if we RegEx map this free-text input to an ODM category.
A45: TRUE | B45: =IF(D45<>"",VLOOKUP(D45,PHA4GEVars!$A$7:$B$241,2,FALSE),"") -> Bioinformatics and QC metrics | C45: PHA4GE | D45: consensus sequence software name | E45: {{consensus sequence software name}} | F45: protocolSteps | H45: { "stepVer": "{{consensus sequence software version}}" } | I45: sa | K45: conSeqSoft | L45: {{consensus sequence software name}} | M45: should be linked to a sequencing measure, additional complications if we RegEx map this free-text input to an ODM category.
A46: TRUE | B46: =IF(D46<>"",VLOOKUP(D46,PHA4GEVars!$A$7:$B$241,2,FALSE),"") -> Bioinformatics and QC metrics | C46: PHA4GE | D46: deduplication method | E46: {{deduplication method}} | F46: protocolSteps | I46: sa | K46: dedup | L46: {{deduplication method}} | M46: should be linked to a sequencing measure, additional complications if we RegEx map this free-text input to an ODM category.
A47: TRUE | B47: =IF(D47<>"",VLOOKUP(D47,PHA4GEVars!$A$7:$B$241,2,FALSE),"") -> Bioinformatics and QC metrics | C47: PHA4GE | D47: dehosting method | E47: {{dehosting method}} | F47: protocolSteps | I47: sa | K47: dehost | L47: {{dehosting method}} | M47: should be linked to a sequencing measure, additional complications if we RegEx map this free-text input to an ODM category.
A48: TRUE | B48: =IF(D48<>"",VLOOKUP(D48,PHA4GEVars!$A$7:$B$241,2,FALSE),"") -> Bioinformatics and QC metrics | C48: PHA4GE | D48: raw sequence data processing method | E48: {{raw sequence data processing method}} | F48: protocolSteps | I48: sa | K48: rawSeqProc | L48: {{raw sequence data processing method}} | M48: should be linked to a sequencing measure, additional complications if we RegEx map this free-text input to an ODM category.
A49: TRUE | B49: =IF(D49<>"",VLOOKUP(D49,PHA4GEVars!$A$7:$B$241,2,FALSE),"") -> Bioinformatics and QC metrics | C49: PHA4GE | D49: sequence assembly software name | E49: {{sequence assembly software name}} | F49: protocolSteps | H49: { "stepVer": "{{sequence assembly software version}}" } | I49: sa | K49: seqAss | L49: {{sequence assembly software name}} | M49: should be linked to a sequencing measure, additional complications if we RegEx map this free-text input to an ODM category.
A50: TRUE | B50: =IF(D50<>"",VLOOKUP(D50,PHA4GEVars!$A$7:$B$241,2,FALSE),"") -> Lineage/clade information | C50: PHA4GE | D50: lineage/clade analysis software name | E50: {{lineage/clade analysis software name}} | F50: protocolSteps | I50: sa | K50: cladeAn | L50: {{lineage/clade analysis software name}} | M50: should be linked to an organism or gene measure, likely, additional complications if we RegEx map this free-text input to an ODM category.
B51: =IF(D51<>"",VLOOKUP(D51,PHA4GEVars!$A$7:$B$241,2,FALSE),"")
A52: TRUE | B52: =IF(D52<>"",VLOOKUP(D52,PHA4GEVars!$A$7:$B$241,2,FALSE),"") -> #N/A | C52: PHA4GE | D52: extraction kit | E52: {{extraction kit}} | F52: protocolSteps | H52: { "summ": "{{extraction method}}" } | I52: sa | K52: extraction | L52: {{extraction kit}} | M52: should be linked to {{extraction method}}; will likely need to parse freetext with regex to match ODM categories.
B53: =IF(D53<>"",VLOOKUP(D53,PHA4GEVars!$A$7:$B$241,2,FALSE),"")
A54: TRUE | B54: =IF(D54<>"",VLOOKUP(D54,PHA4GEVars!$A$7:$B$241,2,FALSE),"") -> Sample collection and processing | C54: PHA4GE | D54: sample storage medium | E54: {{sample storage medium}} | F54: protocolSteps | H54: { "summ": "{{sample storage method}}" } | I54: sa | K54: stoMed | L54: {{sample storage medium}} | M54: Needs to be linked to {{sample storage method}}; a;lso will need regex parsing to go from free text to category.
B55: =IF(D55<>"",VLOOKUP(D55,PHA4GEVars!$A$7:$B$241,2,FALSE),"")
A56: TRUE | B56: =IF(D56<>"",VLOOKUP(D56,PHA4GEVars!$A$7:$B$241,2,FALSE),"") -> Sequence information | C56: PHA4GE | D56: library preparation kit | E56: {{library preparation kit}} | F56: protocolSteps | H56: { "stepID": "{{library ID}}" } | I56: sa | K56: libraryKit | L56: {{library preparation kit}} | M56: Link with library ID - same row/entry. Also will need need to maybe use regex to go from PHA4GE's ffreetext format to an ODM category.
B57: =IF(D57<>"",VLOOKUP(D57,PHA4GEVars!$A$7:$B$241,2,FALSE),"")
A58: TRUE | B58: =IF(D58<>"",VLOOKUP(D58,PHA4GEVars!$A$7:$B$241,2,FALSE),"") -> Sequence information | C58: PHA4GE | D58: sequencing assay type | E58: amplicon sequencing assay | F58: protocolSteps | G58: amp | I58: sa | K58: seqStrat | L58: {{sequencing assay type}} | M58: link with other sequencing protocols/steps
A59: TRUE | B59: =IF(D59<>"",VLOOKUP(D59,PHA4GEVars!$A$7:$B$241,2,FALSE),"") -> Sequence information | C59: PHA4GE | D59: sequencing assay type | E59: 16S ribosomal gene sequencing assay | F59: protocolSteps | G59: 16rgs | I59: sa | K59: seqStrat | L59: {{sequencing assay type}} | M59: link with other sequencing protocols/steps
A60: TRUE | B60: =IF(D60<>"",VLOOKUP(D60,PHA4GEVars!$A$7:$B$241,2,FALSE),"") -> Sequence information | C60: PHA4GE | D60: sequencing assay type | E60: whole genome sequencing assay | F60: protocolSteps | G60: wgs | I60: sa | K60: seqStrat | L60: {{sequencing assay type}} | M60: link with other sequencing protocols/steps
A61: TRUE | B61: =IF(D61<>"",VLOOKUP(D61,PHA4GEVars!$A$7:$B$241,2,FALSE),"") -> Sequence information | C61: PHA4GE | D61: sequencing assay type | E61: whole metagenome sequencing assay | F61: protocolSteps | G61: wms | I61: sa | K61: seqStrat | L61: {{sequencing assay type}} | M61: link with other sequencing protocols/steps
A62: TRUE | B62: =IF(D62<>"",VLOOKUP(D62,PHA4GEVars!$A$7:$B$241,2,FALSE),"") -> Sequence information | C62: PHA4GE | D62: sequencing assay type | E62: whole virome sequencing assay | F62: protocolSteps | G62: wvs | I62: sa | K62: seqStrat | L62: {{sequencing assay type}} | M62: link with other sequencing protocols/steps
B63: =IF(D63<>"",VLOOKUP(D63,PHA4GEVars!$A$7:$B$241,2,FALSE),"")
A64: TRUE | B64: =IF(D64<>"",VLOOKUP(D64,PHA4GEVars!$A$7:$B$241,2,FALSE),"") -> Strain and isolation information | C64: PHA4GE | D64: serotyping method | E64: {{serotyping method}} | F64: protocolSteps | H64: { "version" : "{{the version number at the end of serotyping method (where reported)}}" } | I64: sa | J64: seroMeth | L64: {{serotyping method}} | M64: regex to match categories from the free-text input/
B65: =IF(D65<>"",VLOOKUP(D65,PHA4GEVars!$A$7:$B$241,2,FALSE),"")
A66: TRUE | B66: =IF(D66<>"",VLOOKUP(D66,PHA4GEVars!$A$7:$B$241,2,FALSE),"") -> Taxonomic identification information | C66: PHA4GE | D66: read mapping software name | E66: {{read mapping software name}} | F66: protocolSteps | I66: sa | J66: readMapper | L66: {{read mapping software name}} | M66: regex to match categories from the free-text input/

Sheet maps_protocols
A1: IndexNum | B1: Martin Complete | C1: Complete | D1: PHA4GE_table | E1: PHA4GE Class | F1: sourceClass | G1: sourceSlot | H1: sourceValue | I1: targetClass | J1: wide? | K1: targetSlot | L1: targetValue | M1: notes2 | N1: customData | O1: notes | P1: Martin notes
A2: 6 | C2: TRUE | D2: Bioinformatics and QC metrics | E2: =IF(G2<>"",VLOOKUP(G2,PHA4GEVars!$A$7:$B$241,2,FALSE),"") -> Bioinformatics and QC metrics | F2: PHA4GE | G2: bioinformatics protocol | H2: NA | I2: protocols | K2: summ (OR reflink?) | L2: {{bioinformatics protocol}} | O2: link to other bioinformatics pieces from the PHA4GE bioinformatics table? | P2: What value to use for targetSlot? Possible conflict with "experimental control details" also mapping to summ
A3: 323 | C3: TRUE | D3: Sample collection and processing | E3: =IF(G3<>"",VLOOKUP(G3,PHA4GEVars!$A$7:$B$241,2,FALSE),"") -> Sample collection and processing | F3: PHA4GE | G3: experimental control details | H3: NA | I3: protocols | K3: summ | L3: {{experimental control details}} | O3: need to link to a blank protocol, probably, ad auto-generate a protocol. ID> | P3: Not sure about notes
A4: 324 | C4: TRUE | D4: Sample collection and processing | E4: =IF(G4<>"",VLOOKUP(G4,PHA4GEVars!$A$7:$B$241,2,FALSE),"") -> Sample collection and processing | F4: PHA4GE | G4: experimental protocol field | H4: NA | I4: protocols | K4: protocolID | L4: {{experimental protocol field}}
A5: 679 | C5: TRUE | D5: Sample collection and processing | E5: =IF(G5<>"",VLOOKUP(G5,PHA4GEVars!$A$7:$B$241,2,FALSE),"") -> Sample collection and processing | F5: PHA4GE | G5: specimen processing details | H5: NA | I5: protocols | K5: summ | L5: {{specimen processing details}} | O5: Needs to be in the same ODM row//linked with the mapped value for {{specimen processing}}. | P5: See notes
A6: 838 | C6: TRUE | D6: Strain and isolation information | E6: =IF(G6<>"",VLOOKUP(G6,PHA4GEVars!$A$7:$B$241,2,FALSE),"") -> Strain and isolation information | F6: PHA4GE | G6: microbiological method | H6: NA | I6: protocols | K6: protocolID / summ | L6: {{microbiological method}} | O6: Seems that the ID or summary will depend on the dataset? Not standard so harder to map… | P6: See notes
A7: 844 | C7: TRUE | D7: Taxonomic identification information | E7: =IF(G7<>"",VLOOKUP(G7,PHA4GEVars!$A$7:$B$241,2,FALSE),"") -> Taxonomic identification information | F7: PHA4GE | G7: read mapping criteria | H7: NA | I7: protocols | K7: summ | L7: {{read mapping criteria}} | O7: Link read protocol items all together please

Sheet wide_protocols
A1: Complete | B1: PHA4GE Class | C1: sourceClass | D1: sourceSlot | E1: sourceValue | F1: targetClass | G1: wideOtherSlots | H1: name_value | I1: protocolID_value | J1: notes_value | K1: protocolVersion_value | L1: notes
A2: TRUE | B2: =IF(D2<>"",VLOOKUP(D2,PHA4GEVars!$A$7:$B$241,2,FALSE),"") -> Bioinformatics and QC metrics | C2: PHA4GE | D2: quality control method name | F2: protocols | H2: {{quality control method name}} | K2: {{quality control method version}}
B3: =IF(D3<>"",VLOOKUP(D3,PHA4GEVars!$A$7:$B$241,2,FALSE),"")
A4: TRUE | B4: =IF(D4<>"",VLOOKUP(D4,PHA4GEVars!$A$7:$B$241,2,FALSE),"") -> Environmental conditions and measurements | C4: PHA4GE | D4: alkalinity measurement method | F4: protocols | I4: {{alkalinity measurement method}} | J4: alkalinity measurement method | L4: Note: This may be somewhat problematic of a mapping, since this is a free-text variable in PHA4GE. But I think this will work for now. ALSO, note that these are the same header and such, but need to be linked to the related measure.
A5: TRUE | B5: =IF(D5<>"",VLOOKUP(D5,PHA4GEVars!$A$7:$B$241,2,FALSE),"") -> Environmental conditions and measurements | C5: PHA4GE | D5: dissolved oxygen measurement method | F5: protocols | I5: {{dissolved oxygen measurement method}} | J5: dissolved oxygen measurement method | L5: Note: This may be somewhat problematic of a mapping, since this is a free-text variable in PHA4GE. But I think this will work for now. ALSO, note that these are the same header and such, but need to be linked to the related measure.
A6: TRUE | B6: =IF(D6<>"",VLOOKUP(D6,PHA4GEVars!$A$7:$B$241,2,FALSE),"") -> Environmental conditions and measurements | C6: PHA4GE | D6: fecal coliform count method | F6: protocols | I6: {{fecal coliform count method}} | J6: fecal coliform count method | L6: Note: This may be somewhat problematic of a mapping, since this is a free-text variable in PHA4GE. But I think this will work for now. ALSO, note that these are the same header and such, but need to be linked to the related measure.
A7: TRUE | B7: =IF(D7<>"",VLOOKUP(D7,PHA4GEVars!$A$7:$B$241,2,FALSE),"") -> Environmental conditions and measurements | C7: PHA4GE | D7: oxygen reduction potential (ORP) measurement method | F7: protocols | I7: {{oxygen reduction potential (ORP) measurement method}} | J7: oxygen reduction potential (ORP) measurement method | L7: Note: This may be somewhat problematic of a mapping, since this is a free-text variable in PHA4GE. But I think this will work for now. ALSO, note that these are the same header and such, but need to be linked to the related measure.
A8: TRUE | B8: =IF(D8<>"",VLOOKUP(D8,PHA4GEVars!$A$7:$B$241,2,FALSE),"") -> Environmental conditions and measurements | C8: PHA4GE | D8: salinity measurement method | F8: protocols | I8: {{salinity measurement method}} | J8: salinity measurement method | L8: Note: This may be somewhat problematic of a mapping, since this is a free-text variable in PHA4GE. But I think this will work for now. ALSO, note that these are the same header and such, but need to be linked to the related measure.
A9: TRUE | B9: =IF(D9<>"",VLOOKUP(D9,PHA4GEVars!$A$7:$B$241,2,FALSE),"") -> Environmental conditions and measurements | C9: PHA4GE | D9: total dissolved solids (TDS) measurement method | F9: protocols | I9: {{total dissolved solids (TDS) measurement method}} | J9: total dissolved solids (TDS) measurement method | L9: Note: This may be somewhat problematic of a mapping, since this is a free-text variable in PHA4GE. But I think this will work for now. ALSO, note that these are the same header and such, but need to be linked to the related measure.
A10: TRUE | B10: =IF(D10<>"",VLOOKUP(D10,PHA4GEVars!$A$7:$B$241,2,FALSE),"") -> Environmental conditions and measurements | C10: PHA4GE | D10: water catchment area human population measurement method | F10: protocols | I10: {{water catchment area human population measurement method}} | J10: water catchment area human population measurement method | L10: Note: This may be somewhat problematic of a mapping, since this is a free-text variable in PHA4GE. But I think this will work for now. ALSO, note that these are the same header and such, but need to be linked to the related measure.
A11: TRUE | B11: =IF(D11<>"",VLOOKUP(D11,PHA4GEVars!$A$7:$B$241,2,FALSE),"") -> Environmental conditions and measurements | C11: PHA4GE | D11: fecal contamination method | F11: protocols | I11: {{fecal contamination method}} | J11: fecal contamination method | L11: Note: This may be somewhat problematic of a mapping, since this is a free-text variable in PHA4GE. But I think this will work for now. ALSO, note that these are the same header and such, but need to be linked to the related measure.
A12: TRUE | B12: =IF(D12<>"",VLOOKUP(D12,PHA4GEVars!$A$7:$B$241,2,FALSE),"") -> Environmental conditions and measurements | C12: PHA4GE | D12: urinary contamination method | F12: protocols | I12: {{urinary contamination method}} | J12: urinary contamination method | L12: Note: This may be somewhat problematic of a mapping, since this is a free-text variable in PHA4GE. But I think this will work for now. ALSO, note that these are the same header and such, but need to be linked to the related measure.
A13: TRUE | B13: =IF(D13<>"",VLOOKUP(D13,PHA4GEVars!$A$7:$B$241,2,FALSE),"") -> Environmental conditions and measurements | C13: PHA4GE | D13: pH measurement method | F13: protocols | I13: {{pH measurement method}} | J13: pH measurement method | L13: Note: This may be somewhat problematic of a mapping, since this is a free-text variable in PHA4GE. But I think this will work for now. ALSO, note that these are the same header and such, but need to be linked to the related measure.
A14: TRUE | B14: =IF(D14<>"",VLOOKUP(D14,PHA4GEVars!$A$7:$B$241,2,FALSE),"") -> Environmental conditions and measurements | C14: PHA4GE | D14: precipitation measurement method | F14: protocols | I14: {{precipitation measurement method}} | J14: precipitation measurement method | L14: Note: This may be somewhat problematic of a mapping, since this is a free-text variable in PHA4GE. But I think this will work for now. ALSO, note that these are the same header and such, but need to be linked to the related measure.
A15: TRUE | B15: =IF(D15<>"",VLOOKUP(D15,PHA4GEVars!$A$7:$B$241,2,FALSE),"") -> Environmental conditions and measurements | C15: PHA4GE | D15: carbonaceous biochemical oxygen demand (CBOD) measurement method | F15: protocols | I15: {{carbonaceous biochemical oxygen demand (CBOD) measurement method}} | J15: carbonaceous biochemical oxygen demand (CBOD) measurement method | L15: Note: This may be somewhat problematic of a mapping, since this is a free-text variable in PHA4GE. But I think this will work for now. ALSO, note that these are the same header and such, but need to be linked to the related measure.
... A24: TRUE | B24: =IF(D24<>"",VLOOKUP(D24,PHA4GEVars!$A$7:$B$241,2,FALSE),"") -> Environmental conditions and measurements | C24: PHA4GE | D24: turbidity measurement method | F24: protocols | I24: {{turbidity measurement method}} | J24: turbidity measurement method | L24: Note: This may be somewhat problematic of a mapping, since this is a free-text variable in PHA4GE. But I think this will work for now. ALSO, note that these are the same header and such, but need to be linked to the related measure.
B25: =IF(D25<>"",VLOOKUP(D25,PHA4GEVars!$A$7:$B$241,2,FALSE),"")
A26: TRUE | B26: =IF(D26<>"",VLOOKUP(D26,PHA4GEVars!$A$7:$B$241,2,FALSE),"") -> Sample collection and processing | C26: PHA4GE | D26: extraction recovery efficiency measurement method | F26: protocols | I26: {{extraction recovery efficiency measurement method}} | J26: extraction recovery efficiency measurement method

Sheet maps_polygons
A1: IndexNum | B1: Martin Complete | C1: Complete | D1: PHA4GE_table | E1: PHA4GE Class | F1: sourceClass | G1: sourceSlot | H1: sourceValue | I1: targetClass | J1: wide? | K1: targetSlot | L1: targetValue | M1: notes2 | N1: customData | O1: notes | P1: Martin notes
A2: 688 | C2: FALSE | D2: Sample collection and processing | E2: =IF(G2<>"",VLOOKUP(G2,PHA4GEVars!$A$7:$B$241,2,FALSE),"") -> Sample collection and processing | F2: PHA4GE | G2: watershed shapefile availability | H2: Available | I2: polygons | K2: notes | L2: open | O2: Link polygon/shapefil items together | P2: Temporarily changed poLic targetSlot to notes, since poLic doesn't exist. When the ODM v2 LinkML schema has poLic added to it make sure to switch the targetSlot back to poLic
A3: 689 | C3: FALSE | D3: Sample collection and processing | E3: =IF(G3<>"",VLOOKUP(G3,PHA4GEVars!$A$7:$B$241,2,FALSE),"") -> Sample collection and processing | F3: PHA4GE | G3: watershed shapefile availability | H3: Unknown | I3: polygons | K3: notes | L3: NR | O3: Link polygon/shapefil items together | P3: Temporarily changed poLic targetSlot to notes, since poLic doesn't exist. When the ODM v2 LinkML schema has poLic added to it make sure to switch the targetSlot back to poLic
A4: 690 | C4: TRUE | D4: Sample collection and processing | E4: =IF(G4<>"",VLOOKUP(G4,PHA4GEVars!$A$7:$B$241,2,FALSE),"") -> Sample collection and processing | F4: PHA4GE | G4: watershed shapefile filename | H4: NA | I4: polygons | K4: name | L4: {{watershed shapefile filename}} | O4: Link polygon/shapefil items together | P4: poLic does not exist in polygons table

Sheet wide_measures2
A1: Martin Complete | B1: Complete | C1: PHA4GE Class | D1: sourceClass | E1: sourceSlot | F1: sourceValue | G1: targetClass | H1: targetValue | I1: wideOtherSlots | J1: aDateEnd_value | K1: organizationID_value | L1: protocolID_value | M1: specimen_value | N1: measure_value | O1: measureSetRepID_value | P1: value_value | Q1: unit_value | R1: aggregation_value | S1: notes | T1: Martin Notes
A2: TRUE | B2: TRUE | C2: =IF(E2<>"",VLOOKUP(E2,PHA4GEVars!$A$7:$B$241,2,FALSE),"") -> Sample collection and processing | D2: PHA4GE | E2: sample storage duration value | G2: measures | J2: {{sample processing date}} | M2: sa | N2: stoTim | P2: {{sample storage duration value}} | Q2: {{sample storage duration unit}} | R2: sin | S2: Should be in a measure set linked to a specific sample to which this measurement in relevant.

Sheet enums_measures
A1: IndexNum | B1: Complete | C1: PHA4GE_table | D1: PHA4GE Class | E1: sourceClass | F1: sourceSlot | G1: sourceValue | H1: targetClass | I1: targetSlot-unused | J1: targetValue | K1: exprValue | L1: customData | M1: notes | N1: Martin Notes
A2: 67 | B2: =IF(OR(G2="NA",H2="wide_value"),"",TRUE) -> TRUE | C2: Environmental conditions and measurements | D2: =IF(F2<>"",VLOOKUP(F2,PHA4GEVars!$A$7:$B$241,2,FALSE),"") -> Environmental conditions and measurements | E2: PHA4GE | F2: alkalinity measurement unit | G2: milliequivalent per liter (meq/L) | H2: measures | I2: unit | J2: meqL | M2: Link in measures with the actual measure value.
A3: 68 | B3: =IF(OR(G3="NA",H3="wide_value"),"",TRUE) -> TRUE | C3: Environmental conditions and measurements | D3: =IF(F3<>"",VLOOKUP(F3,PHA4GEVars!$A$7:$B$241,2,FALSE),"") -> Environmental conditions and measurements | E3: PHA4GE | F3: alkalinity measurement unit | G3: milligram per liter of calcium carbonate (mg/L CaCO3) | H3: measures | I3: unit | J3: mgLCaCO3 | M3: Link in measures with the actual measure value.
A4: 69 | B4: =IF(OR(G4="NA",H4="wide_value"),"",TRUE) -> TRUE | C4: Environmental conditions and measurements | D4: =IF(F4<>"",VLOOKUP(F4,PHA4GEVars!$A$7:$B$241,2,FALSE),"") -> Environmental conditions and measurements | E4: PHA4GE | F4: alkalinity measurement unit | G4: part per million (ppm) | H4: measures | I4: unit | J4: ppm | M4: Link in measures with the actual measure value.
D5: =IF(F5<>"",VLOOKUP(F5,PHA4GEVars!$A$7:$B$241,2,FALSE),"")
A6: 71 | B6: =IF(OR(G6="NA",H6="wide_value"),"",TRUE) -> TRUE | C6: Environmental conditions and measurements | D6: =IF(F6<>"",VLOOKUP(F6,PHA4GEVars!$A$7:$B$241,2,FALSE),"") -> Environmental conditions and measurements | E6: PHA4GE | F6: ambient temperature measurement unit | G6: degree Fahrenheit (F) | H6: measures | I6: unit | J6: fah | M6: Link in measures with the actual measure value.
A7: 72 | B7: =IF(OR(G7="NA",H7="wide_value"),"",TRUE) -> TRUE | C7: Environmental conditions and measurements | D7: =IF(F7<>"",VLOOKUP(F7,PHA4GEVars!$A$7:$B$241,2,FALSE),"") -> Environmental conditions and measurements | E7: PHA4GE | F7: ambient temperature measurement unit | G7: degree Celsius (C) | H7: measures | I7: unit | J7: cel | M7: Link in measures with the actual measure value.
D8: =IF(F8<>"",VLOOKUP(F8,PHA4GEVars!$A$7:$B$241,2,FALSE),"")
A9: 75 | B9: =IF(OR(G9="NA",H9="wide_value"),"",TRUE) -> TRUE | C9: Environmental conditions and measurements | D9: =IF(F9<>"",VLOOKUP(F9,PHA4GEVars!$A$7:$B$241,2,FALSE),"") -> Environmental conditions and measurements | E9: PHA4GE | F9: carbonaceous biochemical oxygen demand (CBOD) measurement unit | G9: milligram per liter (mg/L) | H9: measures | I9: unit | J9: mgL | M9: Link in measures with the actual measure value.
D10: =IF(F10<>"",VLOOKUP(F10,PHA4GEVars!$A$7:$B$241,2,FALSE),"")
A11: 78 | B11: =IF(OR(G11="NA",H11="wide_value"),"",TRUE) -> TRUE | C11: Environmental conditions and measurements | D11: =IF(F11<>"",VLOOKUP(F11,PHA4GEVars!$A$7:$B$241,2,FALSE),"") -> Environmental conditions and measurements | E11: PHA4GE | F11: chemical oxygen demand (COD) measurement unit | G11: milligram per liter (mg/L) | H11: measures | I11: unit | J11: mgL | M11: Link in measures with the actual measure value.
D12: =IF(F12<>"",VLOOKUP(F12,PHA4GEVars!$A$7:$B$241,2,FALSE),"")
A13: 81 | B13: =IF(OR(G13="NA",H13="wide_value"),"",TRUE) -> TRUE | C13: Environmental conditions and measurements | D13: =IF(F13<>"",VLOOKUP(F13,PHA4GEVars!$A$7:$B$241,2,FALSE),"") -> Environmental conditions and measurements | E13: PHA4GE | F13: conductivity measurement unit | G13: milliSiemen per centimeter (mS/cm) | H13: measures | I13: unit | J13: mScm | M13: Link in measures with the actual measure value.
A14: 82 | B14: =IF(OR(G14="NA",H14="wide_value"),"",TRUE) -> TRUE | C14: Environmental conditions and measurements | D14: =IF(F14<>"",VLOOKUP(F14,PHA4GEVars!$A$7:$B$241,2,FALSE),"") -> Environmental conditions and measurements | E14: PHA4GE | F14: conductivity measurement unit | G14: microSiemen per centimeter (μS/cm) | H14: measures | I14: unit | J14: uSCm | M14: Link in measures with the actual measure value.
A15: 83 | B15: =IF(OR(G15="NA",H15="wide_value"),"",TRUE) -> TRUE | C15: Environmental conditions and measurements | D15: =IF(F15<>"",VLOOKUP(F15,PHA4GEVars!$A$7:$B$241,2,FALSE),"") -> Environmental conditions and measurements | E15: PHA4GE | F15: conductivity measurement unit | G15: Siemen per meter (S/m) | H15: measures | I15: unit | J15: Sm | M15: Link in measures with the actual measure value.
A16: 84 | B16: =IF(OR(G16="NA",H16="wide_value"),"",TRUE) -> TRUE | C16: Environmental conditions and measurements | D16: =IF(F16<>"",VLOOKUP(F16,PHA4GEVars!$A$7:$B$241,2,FALSE),"") -> Environmental conditions and measurements | E16: PHA4GE | F16: conductivity measurement unit | G16: millimho per centimeter (mmho/cm) | H16: measures | I16: unit | J16: mmhocm | M16: Link in measures with the actual measure value.
A17: 85 | B17: =IF(OR(G17="NA",H17="wide_value"),"",TRUE) -> TRUE | C17: Environmental conditions and measurements | D17: =IF(F17<>"",VLOOKUP(F17,PHA4GEVars!$A$7:$B$241,2,FALSE),"") -> Environmental conditions and measurements | E17: PHA4GE | F17: conductivity measurement unit | G17: micromho per centimeter (μmho/cm) | H17: measures | I17: unit | J17: umhocm | M17: Link in measures with the actual measure value.
D18: =IF(F18<>"",VLOOKUP(F18,PHA4GEVars!$A$7:$B$241,2,FALSE),"")
A19: 88 | B19: =IF(OR(G19="NA",H19="wide_value"),"",TRUE) -> TRUE | C19: Environmental conditions and measurements | D19: =IF(F19<>"",VLOOKUP(F19,PHA4GEVars!$A$7:$B$241,2,FALSE),"") -> Environmental conditions and measurements | E19: PHA4GE | F19: dissolved oxygen measurement unit | G19: milligram per liter (mg/L) | H19: measures | I19: unit | J19: mgL | M19: Link in measures with the actual measure value.
A20: 89 | B20: =IF(OR(G20="NA",H20="wide_value"),"",TRUE) -> TRUE | C20: Environmental conditions and measurements | D20: =IF(F20<>"",VLOOKUP(F20,PHA4GEVars!$A$7:$B$241,2,FALSE),"") -> Environmental conditions and measurements | E20: PHA4GE | F20: dissolved oxygen measurement unit | G20: kilogram per cubic meter (kg/m^3) | H20: measures | I20: unit | J20: kgm3 | M20: Link in measures with the actual measure value.
A21: 90 | B21: =IF(OR(G21="NA",H21="wide_value"),"",TRUE) -> TRUE | C21: Environmental conditions and measurements | D21: =IF(F21<>"",VLOOKUP(F21,PHA4GEVars!$A$7:$B$241,2,FALSE),"") -> Environmental conditions and measurements | E21: PHA4GE | F21: dissolved oxygen measurement unit | G21: part per million (ppm) | H21: measures | I21: unit | J21: ppm | M21: Link in measures with the actual measure value.
D22: =IF(F22<>"",VLOOKUP(F22,PHA4GEVars!$A$7:$B$241,2,FALSE),"")
A23: 93 | B23: =IF(OR(G23="NA",H23="wide_value"),"",TRUE) -> TRUE | C23: Environmental conditions and measurements | D23: =IF(F23<>"",VLOOKUP(F23,PHA4GEVars!$A$7:$B$241,2,FALSE),"") -> Environmental conditions and measurements | E23: PHA4GE | F23: fecal coliform count unit | G23: colony forming units per milliliter (CFU/mL) | H23: measures | I23: unit | J23: cfumL | M23: Link in measures with the actual measure value.
A24: 94 | B24: =IF(OR(G24="NA",H24="wide_value"),"",TRUE) -> TRUE | C24: Environmental conditions and measurements | D24: =IF(F24<>"",VLOOKUP(F24,PHA4GEVars!$A$7:$B$241,2,FALSE),"") -> Environmental conditions and measurements | E24: PHA4GE | F24: fecal coliform count unit | G24: colony forming units per 100 milliliter (CFU/100 mL) | H24: measures | I24: unit | J24: cfu100 | M24: Link in measures with the actual measure value.
A25: 95 | B25: =IF(OR(G25="NA",H25="wide_value"),"",TRUE) -> TRUE | C25: Environmental conditions and measurements | D25: =IF(F25<>"",VLOOKUP(F25,PHA4GEVars!$A$7:$B$241,2,FALSE),"") -> Environmental conditions and measurements | E25: PHA4GE | F25: fecal coliform count unit | G25: colony forming units per grams total solids (CFU/gTS) | H25: measures | I25: unit | J25: cfugTS | M25: Link in measures with the actual measure value.
A26: 96 | B26: =IF(OR(G26="NA",H26="wide_value"),"",TRUE) -> TRUE | C26: Environmental conditions and measurements | D26: =IF(F26<>"",VLOOKUP(F26,PHA4GEVars!$A$7:$B$241,2,FALSE),"") -> Environmental conditions and measurements | E26: PHA4GE | F26: fecal coliform count unit | G26: most probable number per milliliter (MPN/mL) | H26: measures | I26: unit | J26: mpnmL | M26: Link in measures with the actual measure value.
A27: 97 | B27: =IF(OR(G27="NA",H27="wide_value"),"",TRUE) -> TRUE | C27: Environmental conditions and measurements | D27: =IF(F27<>"",VLOOKUP(F27,PHA4GEVars!$A$7:$B$241,2,FALSE),"") -> Environmental conditions and measurements | E27: PHA4GE | F27: fecal coliform count unit | G27: most probable number per 100 milliliter (MPN/100 mL) | H27: measures | I27: unit | J27: mpn100mL | M27: Link in measures with the actual measure value.
A28: 98 | B28: =IF(OR(G28="NA",H28="wide_value"),"",TRUE) -> TRUE | C28: Environmental conditions and measurements | D28: =IF(F28<>"",VLOOKUP(F28,PHA4GEVars!$A$7:$B$241,2,FALSE),"") -> Environmental conditions and measurements | E28: PHA4GE | F28: fecal coliform count unit | G28: log10 gene copies per 100 milliliter (log10 GC/100 mL) | H28: measures | I28: unit | J28: log10gc100mL | M28: Link in measures with the actual measure value.
A29: 99 | B29: =IF(OR(G29="NA",H29="wide_value"),"",TRUE) -> TRUE | C29: Environmental conditions and measurements | D29: =IF(F29<>"",VLOOKUP(F29,PHA4GEVars!$A$7:$B$241,2,FALSE),"") -> Environmental conditions and measurements | E29: PHA4GE | F29: fecal coliform count unit | G29: gene copies per liter (GC/L) | H29: measures | I29: unit | J29: gcL | M29: Link in measures with the actual measure value.
A30: 100 | B30: =IF(OR(G30="NA",H30="wide_value"),"",TRUE) -> TRUE | C30: Environmental conditions and measurements | D30: =IF(F30<>"",VLOOKUP(F30,PHA4GEVars!$A$7:$B$241,2,FALSE),"") -> Environmental conditions and measurements | E30: PHA4GE | F30: fecal coliform count unit | G30: cycle threshold (Ct) / quantification cycle (Cq) | H30: measures | I30: unit | J30: ctcq | M30: Link in measures with the actual measure value.
A31: 101 | B31: =IF(OR(G31="NA",H31="wide_value"),"",TRUE) -> TRUE | C31: Environmental conditions and measurements | D31: =IF(F31<>"",VLOOKUP(F31,PHA4GEVars!$A$7:$B$241,2,FALSE),"") -> Environmental conditions and measurements | E31: PHA4GE | F31: fecal coliform count unit | G31: log10 gene copies per nanogram total DNA | H31: measures | I31: unit | J31: log10gcngDNA | M31: Link in measures with the actual measure value.
D32: =IF(F32<>"",VLOOKUP(F32,PHA4GEVars!$A$7:$B$241,2,FALSE),"")
A33: 103 | B33: =IF(OR(G33="NA",H33="wide_value"),"",TRUE) -> TRUE | C33: Environmental conditions and measurements | D33: =IF(F33<>"",VLOOKUP(F33,PHA4GEVars!$A$7:$B$241,2,FALSE),"") -> Environmental conditions and measurements | E33: PHA4GE | F33: fecal contamination indicator | G33: crAssphage | H33: measures | I33: measure | J33: cra | M33: This should not be reported on it's own, but only as part of the reporting of "fecal contamination value"
A34: 104 | B34: =IF(OR(G34="NA",H34="wide_value"),"",TRUE) -> TRUE | C34: Environmental conditions and measurements | D34: =IF(F34<>"",VLOOKUP(F34,PHA4GEVars!$A$7:$B$241,2,FALSE),"") -> Environmental conditions and measurements | E34: PHA4GE | F34: fecal contamination indicator | G34: PMMoV / pepper mild mottle virus | H34: measures | I34: measure | J34: ppmv | M34: This should not be reported on it's own, but only as part of the reporting of "fecal contamination value"
A35: 105 | B35: =IF(OR(G35="NA",H35="wide_value"),"",TRUE) -> TRUE | C35: Environmental conditions and measurements | D35: =IF(F35<>"",VLOOKUP(F35,PHA4GEVars!$A$7:$B$241,2,FALSE),"") -> Environmental conditions and measurements | E35: PHA4GE | F35: fecal contamination indicator | G35: Bacteroides HF183 | H35: measures | I35: measure | J35: hf183 | M35: This should not be reported on it's own, but only as part of the reporting of "fecal contamination value"
A36: 106 | B36: =IF(OR(G36="NA",H36="wide_value"),"",TRUE) -> TRUE | C36: Environmental conditions and measurements | D36: =IF(F36<>"",VLOOKUP(F36,PHA4GEVars!$A$7:$B$241,2,FALSE),"") -> Environmental conditions and measurements | E36: PHA4GE | F36: fecal contamination indicator | G36: Lachnospiraceae Lachno3 | H36: measures | I36: measure | J36: lachno3 | M36: This should not be reported on it's own, but only as part of the reporting of "fecal contamination value"
A37: 107 | B37: =IF(OR(G37="NA",H37="wide_value"),"",TRUE) -> TRUE | C37: Environmental conditions and measurements | D37: =IF(F37<>"",VLOOKUP(F37,PHA4GEVars!$A$7:$B$241,2,FALSE),"") -> Environmental conditions and measurements | E37: PHA4GE | F37: fecal contamination indicator | G37: F+ (male specific) coliphages | H37: measures | I37: measure | J37: fColiphage | M37: This should not be reported on it's own, but only as part of the reporting of "fecal contamination value"
A38: 108 | B38: =IF(OR(G38="NA",H38="wide_value"),"",TRUE) -> TRUE | C38: Environmental conditions and measurements | D38: =IF(F38<>"",VLOOKUP(F38,PHA4GEVars!$A$7:$B$241,2,FALSE),"") -> Environmental conditions and measurements | E38: PHA4GE | F38: fecal contamination indicator | G38: Stercobilin | H38: measures | I38: measure | J38: stercobilin | M38: This should not be reported on it's own, but only as part of the reporting of "fecal contamination value"
D39: =IF(F39<>"",VLOOKUP(F39,PHA4GEVars!$A$7:$B$241,2,FALSE),"")
A40: 110 | B40: =IF(OR(G40="NA",H40="wide_value"),"",TRUE) -> TRUE | C40: Environmental conditions and measurements | D40: =IF(F40<>"",VLOOKUP(F40,PHA4GEVars!$A$7:$B$241,2,FALSE),"") -> Environmental conditions and measurements | E40: PHA4GE | F40: fecal contamination unit | G40: log10 gene copies per 100 milliliter (log10 GC/100 mL) | H40: measures | I40: unit | J40: log10gc100mL | M40: Link in measures with the actual measure value.
A41: 111 | B41: =IF(OR(G41="NA",H41="wide_value"),"",TRUE) -> TRUE | C41: Environmental conditions and measurements | D41: =IF(F41<>"",VLOOKUP(F41,PHA4GEVars!$A$7:$B$241,2,FALSE),"") -> Environmental conditions and measurements | E41: PHA4GE | F41: fecal contamination unit | G41: gene copies per liter (GC/L) | H41: measures | I41: unit | J41: gcL | M41: Link in measures with the actual measure value.
A42: 112 | B42: =IF(OR(G42="NA",H42="wide_value"),"",TRUE) -> TRUE | C42: Environmental conditions and measurements | D42: =IF(F42<>"",VLOOKUP(F42,PHA4GEVars!$A$7:$B$241,2,FALSE),"") -> Environmental conditions and measurements | E42: PHA4GE | F42: fecal contamination unit | G42: PCR quantification cycle | H42: measures | I42: unit | J42: pcrCycles | M42: Link in measures with the actual measure value.
A43: 113 | B43: =IF(OR(G43="NA",H43="wide_value"),"",TRUE) -> TRUE | C43: Environmental conditions and measurements | D43: =IF(F43<>"",VLOOKUP(F43,PHA4GEVars!$A$7:$B$241,2,FALSE),"") -> Environmental conditions and measurements | E43: PHA4GE | F43: fecal contamination unit | G43: log10 gene copies per nanogram total DNA | H43: measures | I43: unit | J43: log10gcngDNA | M43: Link in measures with the actual measure value.
D44: =IF(F44<>"",VLOOKUP(F44,PHA4GEVars!$A$7:$B$241,2,FALSE),"")
A45: 116 | B45: =IF(OR(G45="NA",H45="wide_value"),"",TRUE) -> TRUE | C45: Environmental conditions and measurements | D45: =IF(F45<>"",VLOOKUP(F45,PHA4GEVars!$A$7:$B$241,2,FALSE),"") -> Environmental conditions and measurements | E45: PHA4GE | F45: instantaneous flow rate measurement unit | G45: cubic meter per second (m^3/s) | H45: measures | I45: unit | J45: m3S | M45: Link in measures with the actual measure value.
A46: 117 | B46: =IF(OR(G46="NA",H46="wide_value"),"",TRUE) -> TRUE | C46: Environmental conditions and measurements | D46: =IF(F46<>"",VLOOKUP(F46,PHA4GEVars!$A$7:$B$241,2,FALSE),"") -> Environmental conditions and measurements | E46: PHA4GE | F46: instantaneous flow rate measurement unit | G46: cubic meter per minute (m^3/min) | H46: measures | I46: unit | J46: m3min | M46: Link in measures with the actual measure value.
A47: 118 | B47: =IF(OR(G47="NA",H47="wide_value"),"",TRUE) -> TRUE | C47: Environmental conditions and measurements | D47: =IF(F47<>"",VLOOKUP(F47,PHA4GEVars!$A$7:$B$241,2,FALSE),"") -> Environmental conditions and measurements | E47: PHA4GE | F47: instantaneous flow rate measurement unit | G47: cubic meter per hour (m^3/h) | H47: measures | I47: unit | J47: m3H | M47: Link in measures with the actual measure value.
A48: 119 | B48: =IF(OR(G48="NA",H48="wide_value"),"",TRUE) -> TRUE | C48: Environmental conditions and measurements | D48: =IF(F48<>"",VLOOKUP(F48,PHA4GEVars!$A$7:$B$241,2,FALSE),"") -> Environmental conditions and measurements | E48: PHA4GE | F48: instantaneous flow rate measurement unit | G48: liter per second (L/s) | H48: measures | I48: unit | J48: lsec | M48: Link in measures with the actual measure value.
A49: 120 | B49: =IF(OR(G49="NA",H49="wide_value"),"",TRUE) -> TRUE | C49: Environmental conditions and measurements | D49: =IF(F49<>"",VLOOKUP(F49,PHA4GEVars!$A$7:$B$241,2,FALSE),"") -> Environmental conditions and measurements | E49: PHA4GE | F49: instantaneous flow rate measurement unit | G49: liter per minute (L/min) | H49: measures | I49: unit | J49: lmin | M49: Link in measures with the actual measure value.
A50: 121 | B50: =IF(OR(G50="NA",H50="wide_value"),"",TRUE) -> TRUE | C50: Environmental conditions and measurements | D50: =IF(F50<>"",VLOOKUP(F50,PHA4GEVars!$A$7:$B$241,2,FALSE),"") -> Environmental conditions and measurements | E50: PHA4GE | F50: instantaneous flow rate measurement unit | G50: liter per hour (L/h) | H50: measures | I50: unit | J50: lhour | M50: Link in measures with the actual measure value.
A51: 122 | B51: =IF(OR(G51="NA",H51="wide_value"),"",TRUE) -> TRUE | C51: Environmental conditions and measurements | D51: =IF(F51<>"",VLOOKUP(F51,PHA4GEVars!$A$7:$B$241,2,FALSE),"") -> Environmental conditions and measurements | E51: PHA4GE | F51: instantaneous flow rate measurement unit | G51: liter per day (L/day) | H51: measures | I51: unit | J51: lday | M51: Link in measures with the actual measure value.
A52: 123 | B52: =IF(OR(G52="NA",H52="wide_value"),"",TRUE) -> TRUE | C52: Environmental conditions and measurements | D52: =IF(F52<>"",VLOOKUP(F52,PHA4GEVars!$A$7:$B$241,2,FALSE),"") -> Environmental conditions and measurements | E52: PHA4GE | F52: instantaneous flow rate measurement unit | G52: million gallons per day (MGD) | H52: measures | I52: unit | J52: mgd | M52: Link in measures with the actual measure value.
D53: =IF(F53<>"",VLOOKUP(F53,PHA4GEVars!$A$7:$B$241,2,FALSE),"")
A54: 126 | B54: =IF(OR(G54="NA",H54="wide_value"),"",TRUE) -> TRUE | C54: Environmental conditions and measurements | D54: =IF(F54<>"",VLOOKUP(F54,PHA4GEVars!$A$7:$B$241,2,FALSE),"") -> Environmental conditions and measurements | E54: PHA4GE | F54: oxygen reduction potential (ORP) measurement unit | G54: milliVolt (mV) | H54: measures | I54: unit | J54: mvolt | M54: Link in measures with the actual measure value.
D55: =IF(F55<>"",VLOOKUP(F55,PHA4GEVars!$A$7:$B$241,2,FALSE),"")
A56: 134 | B56: =IF(OR(G56="NA",H56="wide_value"),"",TRUE) -> TRUE | C56: Environmental conditions and measurements | D56: =IF(F56<>"",VLOOKUP(F56,PHA4GEVars!$A$7:$B$241,2,FALSE),"") -> Environmental conditions and measurements | E56: PHA4GE | F56: precipitation measurement unit | G56: millimeter (mm) | H56: measures | I56: unit | J56: mm | M56: Link in measures with the actual measure value.
A57: 135 | B57: =IF(OR(G57="NA",H57="wide_value"),"",TRUE) -> TRUE | C57: Environmental conditions and measurements | D57: =IF(F57<>"",VLOOKUP(F57,PHA4GEVars!$A$7:$B$241,2,FALSE),"") -> Environmental conditions and measurements | E57: PHA4GE | F57: precipitation measurement unit | G57: centimeter (cm) | H57: measures | I57: unit | J57: cm | M57: Link in measures with the actual measure value.
A58: 136 | B58: =IF(OR(G58="NA",H58="wide_value"),"",TRUE) -> TRUE | C58: Environmental conditions and measurements | D58: =IF(F58<>"",VLOOKUP(F58,PHA4GEVars!$A$7:$B$241,2,FALSE),"") -> Environmental conditions and measurements | E58: PHA4GE | F58: precipitation measurement unit | G58: meter (m) | H58: measures | I58: unit | J58: meter | M58: Link in measures with the actual measure value.
A59: 137 | B59: =IF(OR(G59="NA",H59="wide_value"),"",TRUE) -> TRUE | C59: Environmental conditions and measurements | D59: =IF(F59<>"",VLOOKUP(F59,PHA4GEVars!$A$7:$B$241,2,FALSE),"") -> Environmental conditions and measurements | E59: PHA4GE | F59: precipitation measurement unit | G59: inch (in) | H59: measures | I59: unit | J59: inch | M59: Link in measures with the actual measure value.
A60: 138 | B60: =IF(OR(G60="NA",H60="wide_value"),"",TRUE) -> TRUE | C60: Environmental conditions and measurements | D60: =IF(F60<>"",VLOOKUP(F60,PHA4GEVars!$A$7:$B$241,2,FALSE),"") -> Environmental conditions and measurements | E60: PHA4GE | F60: precipitation measurement unit | G60: foot (ft) | H60: measures | I60: unit | J60: foot | M60: Link in measures with the actual measure value.
D61: =IF(F61<>"",VLOOKUP(F61,PHA4GEVars!$A$7:$B$241,2,FALSE),"")
A62: 149 | B62: =IF(OR(G62="NA",H62="wide_value"),"",TRUE) -> TRUE | C62: Environmental conditions and measurements | D62: =IF(F62<>"",VLOOKUP(F62,PHA4GEVars!$A$7:$B$241,2,FALSE),"") -> Environmental conditions and measurements | E62: PHA4GE | F62: salinity measurement unit | G62: practical salinity unit (PSU) | H62: measures | I62: unit | J62: psu | M62: Link in measures with the actual measure value.
A63: 150 | B63: =IF(OR(G63="NA",H63="wide_value"),"",TRUE) -> TRUE | C63: Environmental conditions and measurements | D63: =IF(F63<>"",VLOOKUP(F63,PHA4GEVars!$A$7:$B$241,2,FALSE),"") -> Environmental conditions and measurements | E63: PHA4GE | F63: salinity measurement unit | G63: weight for weight (% w/w) | H63: measures | I63: unit | J63: ww | M63: Link in measures with the actual measure value.
A64: 151 | B64: =IF(OR(G64="NA",H64="wide_value"),"",TRUE) -> TRUE | C64: Environmental conditions and measurements | D64: =IF(F64<>"",VLOOKUP(F64,PHA4GEVars!$A$7:$B$241,2,FALSE),"") -> Environmental conditions and measurements | E64: PHA4GE | F64: salinity measurement unit | G64: gram per kilogram (g/kg) | H64: measures | I64: unit | J64: gkg | M64: Link in measures with the actual measure value.
A65: 152 | B65: =IF(OR(G65="NA",H65="wide_value"),"",TRUE) -> TRUE | C65: Environmental conditions and measurements | D65: =IF(F65<>"",VLOOKUP(F65,PHA4GEVars!$A$7:$B$241,2,FALSE),"") -> Environmental conditions and measurements | E65: PHA4GE | F65: salinity measurement unit | G65: parts per thousand | H65: measures | I65: unit | J65: ppt | M65: Link in measures with the actual measure value.
A66: 153 | B66: =IF(OR(G66="NA",H66="wide_value"),"",TRUE) -> TRUE | C66: Environmental conditions and measurements | D66: =IF(F66<>"",VLOOKUP(F66,PHA4GEVars!$A$7:$B$241,2,FALSE),"") -> Environmental conditions and measurements | E66: PHA4GE | F66: salinity measurement unit | G66: gram per liter (g/L) | H66: measures | I66: unit | J66: gL | M66: Link in measures with the actual measure value.
D67: =IF(F67<>"",VLOOKUP(F67,PHA4GEVars!$A$7:$B$241,2,FALSE),"")
A68: 155 | B68: =IF(OR(G68="NA",H68="wide_value"),"",TRUE) -> TRUE | C68: Environmental conditions and measurements | D68: =IF(F68<>"",VLOOKUP(F68,PHA4GEVars!$A$7:$B$241,2,FALSE),"") -> Environmental conditions and measurements | E68: PHA4GE | F68: sample temperature unit (at collection) | G68: degree Fahrenheit (F) | H68: measures | I68: unit | J68: fah | M68: Link in measures with the actual measure value.
A69: 156 | B69: =IF(OR(G69="NA",H69="wide_value"),"",TRUE) -> TRUE | C69: Environmental conditions and measurements | D69: =IF(F69<>"",VLOOKUP(F69,PHA4GEVars!$A$7:$B$241,2,FALSE),"") -> Environmental conditions and measurements | E69: PHA4GE | F69: sample temperature unit (at collection) | G69: degree Celsius (C) | H69: measures | I69: unit | J69: cel | M69: Link in measures with the actual measure value.
D70: =IF(F70<>"",VLOOKUP(F70,PHA4GEVars!$A$7:$B$241,2,FALSE),"")
A71: 157 | B71: =IF(OR(G71="NA",H71="wide_value"),"",TRUE) -> TRUE | C71: Environmental conditions and measurements | D71: =IF(F71<>"",VLOOKUP(F71,PHA4GEVars!$A$7:$B$241,2,FALSE),"") -> Environmental conditions and measurements | E71: PHA4GE | F71: sample temperature unit (when received) | G71: degree Fahrenheit (F) | H71: measures | I71: unit | J71: fah | M71: Link in measures with the actual measure value.
A72: 158 | B72: =IF(OR(G72="NA",H72="wide_value"),"",TRUE) -> TRUE | C72: Environmental conditions and measurements | D72: =IF(F72<>"",VLOOKUP(F72,PHA4GEVars!$A$7:$B$241,2,FALSE),"") -> Environmental conditions and measurements | E72: PHA4GE | F72: sample temperature unit (when received) | G72: degree Celsius (C) | H72: measures | I72: unit | J72: cel | M72: Link in measures with the actual measure value.
D73: =IF(F73<>"",VLOOKUP(F73,PHA4GEVars!$A$7:$B$241,2,FALSE),"")
A74: 170 | B74: =IF(OR(G74="NA",H74="wide_value"),"",TRUE) -> TRUE | C74: Environmental conditions and measurements | D74: =IF(F74<>"",VLOOKUP(F74,PHA4GEVars!$A$7:$B$241,2,FALSE),"") -> Environmental conditions and measurements | E74: PHA4GE | F74: total daily flow rate measurement unit | G74: cubic meter per second (m^3/s) | H74: measures | I74: unit | J74: m3S | M74: Link in measures with the actual measure value.
A75: 171 | B75: =IF(OR(G75="NA",H75="wide_value"),"",TRUE) -> TRUE | C75: Environmental conditions and measurements | D75: =IF(F75<>"",VLOOKUP(F75,PHA4GEVars!$A$7:$B$241,2,FALSE),"") -> Environmental conditions and measurements | E75: PHA4GE | F75: total daily flow rate measurement unit | G75: cubic meter per minute (m^3/min) | H75: measures | I75: unit | J75: m3min | M75: Link in measures with the actual measure value.
A76: 172 | B76: =IF(OR(G76="NA",H76="wide_value"),"",TRUE) -> TRUE | C76: Environmental conditions and measurements | D76: =IF(F76<>"",VLOOKUP(F76,PHA4GEVars!$A$7:$B$241,2,FALSE),"") -> Environmental conditions and measurements | E76: PHA4GE | F76: total daily flow rate measurement unit | G76: cubic meter per hour (m^3/h) | H76: measures | I76: unit | J76: m3H | M76: Link in measures with the actual measure value.
A77: 173 | B77: =IF(OR(G77="NA",H77="wide_value"),"",TRUE) -> TRUE | C77: Environmental conditions and measurements | D77: =IF(F77<>"",VLOOKUP(F77,PHA4GEVars!$A$7:$B$241,2,FALSE),"") -> Environmental conditions and measurements | E77: PHA4GE | F77: total daily flow rate measurement unit | G77: liter per second (L/s) | H77: measures | I77: unit | J77: lsec | M77: Link in measures with the actual measure value.
A78: 174 | B78: =IF(OR(G78="NA",H78="wide_value"),"",TRUE) -> TRUE | C78: Environmental conditions and measurements | D78: =IF(F78<>"",VLOOKUP(F78,PHA4GEVars!$A$7:$B$241,2,FALSE),"") -> Environmental conditions and measurements | E78: PHA4GE | F78: total daily flow rate measurement unit | G78: liter per minute (L/min) | H78: measures | I78: unit | J78: lmin | M78: Link in measures with the actual measure value.
A79: 175 | B79: =IF(OR(G79="NA",H79="wide_value"),"",TRUE) -> TRUE | C79: Environmental conditions and measurements | D79: =IF(F79<>"",VLOOKUP(F79,PHA4GEVars!$A$7:$B$241,2,FALSE),"") -> Environmental conditions and measurements | E79: PHA4GE | F79: total daily flow rate measurement unit | G79: liter per hour (L/h) | H79: measures | I79: unit | J79: lhour | M79: Link in measures with the actual measure value.
A80: 176 | B80: =IF(OR(G80="NA",H80="wide_value"),"",TRUE) -> TRUE | C80: Environmental conditions and measurements | D80: =IF(F80<>"",VLOOKUP(F80,PHA4GEVars!$A$7:$B$241,2,FALSE),"") -> Environmental conditions and measurements | E80: PHA4GE | F80: total daily flow rate measurement unit | G80: liter per day (L/day) | H80: measures | I80: unit | J80: lday | M80: Link in measures with the actual measure value.
A81: 177 | B81: =IF(OR(G81="NA",H81="wide_value"),"",TRUE) -> TRUE | C81: Environmental conditions and measurements | D81: =IF(F81<>"",VLOOKUP(F81,PHA4GEVars!$A$7:$B$241,2,FALSE),"") -> Environmental conditions and measurements | E81: PHA4GE | F81: total daily flow rate measurement unit | G81: million gallons per day (MGD) | H81: measures | I81: unit | J81: mgd | M81: Link in measures with the actual measure value.
D82: =IF(F82<>"",VLOOKUP(F82,PHA4GEVars!$A$7:$B$241,2,FALSE),"")
A83: 180 | B83: =IF(OR(G83="NA",H83="wide_value"),"",TRUE) -> TRUE | C83: Environmental conditions and measurements | D83: =IF(F83<>"",VLOOKUP(F83,PHA4GEVars!$A$7:$B$241,2,FALSE),"") -> Environmental conditions and measurements | E83: PHA4GE | F83: total dissolved solids (TDS) measurement unit | G83: percent (%) | H83: measures | I83: unit | J83: perc | M83: Link in measures with the actual measure value.
A84: 181 | B84: =IF(OR(G84="NA",H84="wide_value"),"",TRUE) -> TRUE | C84: Environmental conditions and measurements | D84: =IF(F84<>"",VLOOKUP(F84,PHA4GEVars!$A$7:$B$241,2,FALSE),"") -> Environmental conditions and measurements | E84: PHA4GE | F84: total dissolved solids (TDS) measurement unit | G84: gram per liter (g/L) | H84: measures | I84: unit | J84: gL | M84: Link in measures with the actual measure value.
D85: =IF(F85<>"",VLOOKUP(F85,PHA4GEVars!$A$7:$B$241,2,FALSE),"")
A86: 184 | B86: =IF(OR(G86="NA",H86="wide_value"),"",TRUE) -> TRUE | C86: Environmental conditions and measurements | D86: =IF(F86<>"",VLOOKUP(F86,PHA4GEVars!$A$7:$B$241,2,FALSE),"") -> Environmental conditions and measurements | E86: PHA4GE | F86: total nitrogen (TN) measurement unit | G86: milligram per liter (mg/L) | H86: measures | I86: unit | J86: mgL | M86: Link in measures with the actual measure value.
A87: 185 | B87: =IF(OR(G87="NA",H87="wide_value"),"",TRUE) -> TRUE | C87: Environmental conditions and measurements | D87: =IF(F87<>"",VLOOKUP(F87,PHA4GEVars!$A$7:$B$241,2,FALSE),"") -> Environmental conditions and measurements | E87: PHA4GE | F87: total nitrogen (TN) measurement unit | G87: gram per liter (g/L) | H87: measures | I87: unit | J87: gL | M87: Link in measures with the actual measure value.
A88: 186 | B88: =IF(OR(G88="NA",H88="wide_value"),"",TRUE) -> TRUE | C88: Environmental conditions and measurements | D88: =IF(F88<>"",VLOOKUP(F88,PHA4GEVars!$A$7:$B$241,2,FALSE),"") -> Environmental conditions and measurements | E88: PHA4GE | F88: total nitrogen (TN) measurement unit | G88: nitrogen per total solids (gN/gTS) | H88: measures | I88: unit | J88: gNgTS | M88: Link in measures with the actual measure value.
D89: =IF(F89<>"",VLOOKUP(F89,PHA4GEVars!$A$7:$B$241,2,FALSE),"")
A90: 189 | B90: =IF(OR(G90="NA",H90="wide_value"),"",TRUE) -> TRUE | C90: Environmental conditions and measurements | D90: =IF(F90<>"",VLOOKUP(F90,PHA4GEVars!$A$7:$B$241,2,FALSE),"") -> Environmental conditions and measurements | E90: PHA4GE | F90: total phosphorus (TP) measurement unit | G90: gram per total solids (g/gTS) | H90: measures | I90: unit | J90: gPergTS | M90: Link in measures with the actual measure value.
A91: 190 | B91: =IF(OR(G91="NA",H91="wide_value"),"",TRUE) -> TRUE | C91: Environmental conditions and measurements | D91: =IF(F91<>"",VLOOKUP(F91,PHA4GEVars!$A$7:$B$241,2,FALSE),"") -> Environmental conditions and measurements | E91: PHA4GE | F91: total phosphorus (TP) measurement unit | G91: orthophosphate per total solids (gPO43–/gTS) | H91: measures | I91: unit | J91: gPO43gTS | M91: Link in measures with the actual measure value.
A92: 191 | B92: =IF(OR(G92="NA",H92="wide_value"),"",TRUE) -> TRUE | C92: Environmental conditions and measurements | D92: =IF(F92<>"",VLOOKUP(F92,PHA4GEVars!$A$7:$B$241,2,FALSE),"") -> Environmental conditions and measurements | E92: PHA4GE | F92: total phosphorus (TP) measurement unit | G92: orthophosphate as phosphorus per total solids (gPO4-P/gTS) | H92: measures | I92: unit | J92: gPO4PgTS | M92: Link in measures with the actual measure value.
A93: 192 | B93: =IF(OR(G93="NA",H93="wide_value"),"",TRUE) -> TRUE | C93: Environmental conditions and measurements | D93: =IF(F93<>"",VLOOKUP(F93,PHA4GEVars!$A$7:$B$241,2,FALSE),"") -> Environmental conditions and measurements | E93: PHA4GE | F93: total phosphorus (TP) measurement unit | G93: milligrams orthophosphate per liter (mg PO43–/L) | H93: measures | I93: unit | J93: mgPO43L | M93: Link in measures with the actual measure value.
A94: 193 | B94: =IF(OR(G94="NA",H94="wide_value"),"",TRUE) -> TRUE | C94: Environmental conditions and measurements | D94: =IF(F94<>"",VLOOKUP(F94,PHA4GEVars!$A$7:$B$241,2,FALSE),"") -> Environmental conditions and measurements | E94: PHA4GE | F94: total phosphorus (TP) measurement unit | G94: milligrams orthophosphate as phosphorus per liter (mg PO4-P/L) | H94: measures | I94: unit | J94: mgPO4PL | M94: Link in measures with the actual measure value.
D95: =IF(F95<>"",VLOOKUP(F95,PHA4GEVars!$A$7:$B$241,2,FALSE),"")
A96: 196 | B96: =IF(OR(G96="NA",H96="wide_value"),"",TRUE) -> TRUE | C96: Environmental conditions and measurements | D96: =IF(F96<>"",VLOOKUP(F96,PHA4GEVars!$A$7:$B$241,2,FALSE),"") -> Environmental conditions and measurements | E96: PHA4GE | F96: total solids (TS) measurement unit | G96: percent (%) | H96: measures | I96: unit | J96: perc | M96: Link in measures with the actual measure value.
A97: 197 | B97: =IF(OR(G97="NA",H97="wide_value"),"",TRUE) -> TRUE | C97: Environmental conditions and measurements | D97: =IF(F97<>"",VLOOKUP(F97,PHA4GEVars!$A$7:$B$241,2,FALSE),"") -> Environmental conditions and measurements | E97: PHA4GE | F97: total solids (TS) measurement unit | G97: gram per liter (g/L) | H97: measures | I97: unit | J97: gL | M97: Link in measures with the actual measure value.
D98: =IF(F98<>"",VLOOKUP(F98,PHA4GEVars!$A$7:$B$241,2,FALSE),"")
A99: 200 | B99: =IF(OR(G99="NA",H99="wide_value"),"",TRUE) -> TRUE | C99: Environmental conditions and measurements | D99: =IF(F99<>"",VLOOKUP(F99,PHA4GEVars!$A$7:$B$241,2,FALSE),"") -> Environmental conditions and measurements | E99: PHA4GE | F99: total suspended solids (TSS) measurement unit | G99: percent (%) | H99: measures | I99: unit | J99: perc | M99: Link in measures with the actual measure value.
A100: 201 | B100: =IF(OR(G100="NA",H100="wide_value"),"",TRUE) -> TRUE | C100: Environmental conditions and measurements | D100: =IF(F100<>"",VLOOKUP(F100,PHA4GEVars!$A$7:$B$241,2,FALSE),"") -> Environmental conditions and measurements | E100: PHA4GE | F100: total suspended solids (TSS) measurement unit | G100: gram per liter (g/L) | H100: measures | I100: unit | J100: gL | M100: Link in measures with the actual measure value.
...

Sheet enums_measures2
A1: IndexNum | B1: Complete | C1: PHA4GE_table | D1: PHA4GE Class | E1: sourceClass | F1: sourceSlot | G1: sourceValue | H1: targetClass | I1: targetSlot | J1: targetValue | K1: exprValue | L1: customData | M1: notes | N1: Martin Notes
A2: 650 | B2: =IF(OR(G2="NA",H2="wide_value"),"",TRUE) -> TRUE | C2: Sample collection and processing | D2: =IF(F2<>"",VLOOKUP(F2,PHA4GEVars!$A$7:$B$241,2,FALSE),"") -> Sample collection and processing | E2: PHA4GE | F2: sample storage duration unit | G2: Second | H2: measures | I2: unit | J2: seconds | M2: Link in measures with the actual measure value.
A3: 651 | B3: =IF(OR(G3="NA",H3="wide_value"),"",TRUE) -> TRUE | C3: Sample collection and processing | D3: =IF(F3<>"",VLOOKUP(F3,PHA4GEVars!$A$7:$B$241,2,FALSE),"") -> Sample collection and processing | E3: PHA4GE | F3: sample storage duration unit | G3: Minute | H3: measures | I3: unit | J3: minutes | M3: Link in measures with the actual measure value.
A4: 652 | B4: =IF(OR(G4="NA",H4="wide_value"),"",TRUE) -> TRUE | C4: Sample collection and processing | D4: =IF(F4<>"",VLOOKUP(F4,PHA4GEVars!$A$7:$B$241,2,FALSE),"") -> Sample collection and processing | E4: PHA4GE | F4: sample storage duration unit | G4: Hour | H4: measures | I4: unit | J4: hours | M4: Link in measures with the actual measure value.
A5: 653 | B5: =IF(OR(G5="NA",H5="wide_value"),"",TRUE) -> TRUE | C5: Sample collection and processing | D5: =IF(F5<>"",VLOOKUP(F5,PHA4GEVars!$A$7:$B$241,2,FALSE),"") -> Sample collection and processing | E5: PHA4GE | F5: sample storage duration unit | G5: Day | H5: measures | I5: unit | J5: days | M5: Link in measures with the actual measure value.
A6: 654 | B6: =IF(OR(G6="NA",H6="wide_value"),"",TRUE) -> TRUE | C6: Sample collection and processing | D6: =IF(F6<>"",VLOOKUP(F6,PHA4GEVars!$A$7:$B$241,2,FALSE),"") -> Sample collection and processing | E6: PHA4GE | F6: sample storage duration unit | G6: Week | H6: measures | I6: unit | J6: weeks | M6: Link in measures with the actual measure value.
A7: 655 | B7: =IF(OR(G7="NA",H7="wide_value"),"",TRUE) -> TRUE | C7: Sample collection and processing | D7: =IF(F7<>"",VLOOKUP(F7,PHA4GEVars!$A$7:$B$241,2,FALSE),"") -> Sample collection and processing | E7: PHA4GE | F7: sample storage duration unit | G7: Month | H7: measures | I7: unit | J7: months | M7: Link in measures with the actual measure value.
A8: 656 | B8: =IF(OR(G8="NA",H8="wide_value"),"",TRUE) -> TRUE | C8: Sample collection and processing | D8: =IF(F8<>"",VLOOKUP(F8,PHA4GEVars!$A$7:$B$241,2,FALSE),"") -> Sample collection and processing | E8: PHA4GE | F8: sample storage duration unit | G8: Year | H8: measures | I8: unit | J8: years | M8: Link in measures with the actual measure value.

Sheet maps_instruments
A1: IndexNum | B1: Martin Complete | C1: Complete | D1: PHA4GE_table | E1: PHA4GE Class | F1: sourceClass | G1: sourceSlot | H1: sourceValue | I1: targetClass | J1: wide? | K1: targetSlot | L1: targetValue | M1: targetExpr | N1: customData | O1: notes | P1: Martin notes
B2: TRUE | C2: TRUE | E2: =IF(G2<>"",VLOOKUP(G2,PHA4GEVars!$A$7:$B$241,2,FALSE),"") | F2: PHA4GE | I2: instruments | K2: insType | M2: "sequencer"
E3: =IF(G3<>"",VLOOKUP(G3,PHA4GEVars!$A$7:$B$241,2,FALSE),"")
A4: 742 | B4: TRUE | C4: TRUE | D4: Sequence information | E4: =IF(G4<>"",VLOOKUP(G4,PHA4GEVars!$A$7:$B$241,2,FALSE),"") -> Sequence information | F4: PHA4GE | G4: sequencing instrument | H4: Illumina | I4: instruments | K4: name | L4: {{sequencing instrument}} | O4: Need to probably generate a instrument ID for this… Also revisit if this is the level of detail we really want to record? Lionk as same row as {{sequencing platform}} - also need to link this to a protocol step to link to protocols to link to the actual measure...
A5: 743 | B5: TRUE | C5: TRUE | D5: Sequence information | E5: =IF(G5<>"",VLOOKUP(G5,PHA4GEVars!$A$7:$B$241,2,FALSE),"") -> Sequence information | F5: PHA4GE | G5: sequencing instrument | H5: Illumina Genome Analyzer | I5: instruments | K5: name | L5: {{sequencing instrument}} | O5: Need to probably generate a instrument ID for this… Also revisit if this is the level of detail we really want to record? Lionk as same row as {{sequencing platform}} - also need to link this to a protocol step to link to protocols to link to the actual measure...
A6: 744 | B6: TRUE | C6: TRUE | D6: Sequence information | E6: =IF(G6<>"",VLOOKUP(G6,PHA4GEVars!$A$7:$B$241,2,FALSE),"") -> Sequence information | F6: PHA4GE | G6: sequencing instrument | H6: Illumina Genome Analyzer II | I6: instruments | K6: name | L6: {{sequencing instrument}} | O6: Need to probably generate a instrument ID for this… Also revisit if this is the level of detail we really want to record? Lionk as same row as {{sequencing platform}} - also need to link this to a protocol step to link to protocols to link to the actual measure...
A7: 745 | B7: TRUE | C7: TRUE | D7: Sequence information | E7: =IF(G7<>"",VLOOKUP(G7,PHA4GEVars!$A$7:$B$241,2,FALSE),"") -> Sequence information | F7: PHA4GE | G7: sequencing instrument | H7: Illumina Genome Analyzer IIx | I7: instruments | K7: name | L7: {{sequencing instrument}} | O7: Need to probably generate a instrument ID for this… Also revisit if this is the level of detail we really want to record? Lionk as same row as {{sequencing platform}} - also need to link this to a protocol step to link to protocols to link to the actual measure...
A8: 746 | B8: TRUE | C8: TRUE | D8: Sequence information | E8: =IF(G8<>"",VLOOKUP(G8,PHA4GEVars!$A$7:$B$241,2,FALSE),"") -> Sequence information | F8: PHA4GE | G8: sequencing instrument | H8: Illumina HiScanSQ | I8: instruments | K8: name | L8: {{sequencing instrument}} | O8: Need to probably generate a instrument ID for this… Also revisit if this is the level of detail we really want to record? Lionk as same row as {{sequencing platform}} - also need to link this to a protocol step to link to protocols to link to the actual measure...
A9: 747 | B9: TRUE | C9: TRUE | D9: Sequence information | E9: =IF(G9<>"",VLOOKUP(G9,PHA4GEVars!$A$7:$B$241,2,FALSE),"") -> Sequence information | F9: PHA4GE | G9: sequencing instrument | H9: Illumina HiSeq | I9: instruments | K9: name | L9: {{sequencing instrument}} | O9: Need to probably generate a instrument ID for this… Also revisit if this is the level of detail we really want to record? Lionk as same row as {{sequencing platform}} - also need to link this to a protocol step to link to protocols to link to the actual measure...
A10: 748 | B10: TRUE | C10: TRUE | D10: Sequence information | E10: =IF(G10<>"",VLOOKUP(G10,PHA4GEVars!$A$7:$B$241,2,FALSE),"") -> Sequence information | F10: PHA4GE | G10: sequencing instrument | H10: Illumina HiSeq X | I10: instruments | K10: name | L10: {{sequencing instrument}} | O10: Need to probably generate a instrument ID for this… Also revisit if this is the level of detail we really want to record? Lionk as same row as {{sequencing platform}} - also need to link this to a protocol step to link to protocols to link to the actual measure...
A11: 749 | B11: TRUE | C11: TRUE | D11: Sequence information | E11: =IF(G11<>"",VLOOKUP(G11,PHA4GEVars!$A$7:$B$241,2,FALSE),"") -> Sequence information | F11: PHA4GE | G11: sequencing instrument | H11: Illumina HiSeq X Five | I11: instruments | K11: name | L11: {{sequencing instrument}} | O11: Need to probably generate a instrument ID for this… Also revisit if this is the level of detail we really want to record? Lionk as same row as {{sequencing platform}} - also need to link this to a protocol step to link to protocols to link to the actual measure...
A12: 750 | B12: TRUE | C12: TRUE | D12: Sequence information | E12: =IF(G12<>"",VLOOKUP(G12,PHA4GEVars!$A$7:$B$241,2,FALSE),"") -> Sequence information | F12: PHA4GE | G12: sequencing instrument | H12: Illumina HiSeq X Ten | I12: instruments | K12: name | L12: {{sequencing instrument}} | O12: Need to probably generate a instrument ID for this… Also revisit if this is the level of detail we really want to record? Lionk as same row as {{sequencing platform}} - also need to link this to a protocol step to link to protocols to link to the actual measure...
A13: 751 | B13: TRUE | C13: TRUE | D13: Sequence information | E13: =IF(G13<>"",VLOOKUP(G13,PHA4GEVars!$A$7:$B$241,2,FALSE),"") -> Sequence information | F13: PHA4GE | G13: sequencing instrument | H13: Illumina HiSeq 1000 | I13: instruments | K13: name | L13: {{sequencing instrument}} | O13: Need to probably generate a instrument ID for this… Also revisit if this is the level of detail we really want to record? Lionk as same row as {{sequencing platform}} - also need to link this to a protocol step to link to protocols to link to the actual measure...
A14: 752 | B14: TRUE | C14: TRUE | D14: Sequence information | E14: =IF(G14<>"",VLOOKUP(G14,PHA4GEVars!$A$7:$B$241,2,FALSE),"") -> Sequence information | F14: PHA4GE | G14: sequencing instrument | H14: Illumina HiSeq 1500 | I14: instruments | K14: name | L14: {{sequencing instrument}} | O14: Need to probably generate a instrument ID for this… Also revisit if this is the level of detail we really want to record? Lionk as same row as {{sequencing platform}} - also need to link this to a protocol step to link to protocols to link to the actual measure...
A15: 753 | B15: TRUE | C15: TRUE | D15: Sequence information | E15: =IF(G15<>"",VLOOKUP(G15,PHA4GEVars!$A$7:$B$241,2,FALSE),"") -> Sequence information | F15: PHA4GE | G15: sequencing instrument | H15: Illumina HiSeq 2000 | I15: instruments | K15: name | L15: {{sequencing instrument}} | O15: Need to probably generate a instrument ID for this… Also revisit if this is the level of detail we really want to record? Lionk as same row as {{sequencing platform}} - also need to link this to a protocol step to link to protocols to link to the actual measure...
... A79: 817 | B79: TRUE | C79: TRUE | D79: Sequence information | E79: =IF(G79<>"",VLOOKUP(G79,PHA4GEVars!$A$7:$B$241,2,FALSE),"") -> Sequence information | F79: PHA4GE | G79: sequencing instrument | H79: AB 3730xL Genetic Analyzer | I79: instruments | K79: name | L79: {{sequencing instrument}} | O79: Need to probably generate a instrument ID for this… Also revisit if this is the level of detail we really want to record? Lionk as same row as {{sequencing platform}} - also need to link this to a protocol step to link to protocols to link to the actual measure...
E80: =IF(G80<>"",VLOOKUP(G80,PHA4GEVars!$A$7:$B$241,2,FALSE),"")
A81: 818 | B81: TRUE | C81: TRUE | D81: Sequence information | E81: =IF(G81<>"",VLOOKUP(G81,PHA4GEVars!$A$7:$B$241,2,FALSE),"") -> Sequence information | F81: PHA4GE | G81: sequencing platform | H81: Illumina | I81: instruments | K81: manufacturer | L81: {{sequencing platform}} | O81: Link with {{sequencing instrument}} - an manufactured instrument ID
A82: 819 | B82: TRUE | C82: TRUE | D82: Sequence information | E82: =IF(G82<>"",VLOOKUP(G82,PHA4GEVars!$A$7:$B$241,2,FALSE),"") -> Sequence information | F82: PHA4GE | G82: sequencing platform | H82: Pacific Biosciences | I82: instruments | K82: manufacturer | L82: {{sequencing platform}} | O82: Link with {{sequencing instrument}} - an manufactured instrument ID
A83: 820 | B83: TRUE | C83: TRUE | D83: Sequence information | E83: =IF(G83<>"",VLOOKUP(G83,PHA4GEVars!$A$7:$B$241,2,FALSE),"") -> Sequence information | F83: PHA4GE | G83: sequencing platform | H83: Ion Torrent | I83: instruments | K83: manufacturer | L83: {{sequencing platform}} | O83: Link with {{sequencing instrument}} - an manufactured instrument ID
A84: 821 | B84: TRUE | C84: TRUE | D84: Sequence information | E84: =IF(G84<>"",VLOOKUP(G84,PHA4GEVars!$A$7:$B$241,2,FALSE),"") -> Sequence information | F84: PHA4GE | G84: sequencing platform | H84: Oxford Nanopore Technologies | I84: instruments | K84: manufacturer | L84: {{sequencing platform}} | O84: Link with {{sequencing instrument}} - an manufactured instrument ID
A85: 822 | B85: TRUE | C85: TRUE | D85: Sequence information | E85: =IF(G85<>"",VLOOKUP(G85,PHA4GEVars!$A$7:$B$241,2,FALSE),"") -> Sequence information | F85: PHA4GE | G85: sequencing platform | H85: BGI Genomics | I85: instruments | K85: manufacturer | L85: {{sequencing platform}} | O85: Link with {{sequencing instrument}} - an manufactured instrument ID
A86: 823 | B86: TRUE | C86: TRUE | D86: Sequence information | E86: =IF(G86<>"",VLOOKUP(G86,PHA4GEVars!$A$7:$B$241,2,FALSE),"") -> Sequence information | F86: PHA4GE | G86: sequencing platform | H86: MGI | I86: instruments | K86: manufacturer | L86: {{sequencing platform}} | O86: Link with {{sequencing instrument}} - an manufactured instrument ID
A87: 824 | B87: TRUE | C87: TRUE | D87: Sequence information | E87: =IF(G87<>"",VLOOKUP(G87,PHA4GEVars!$A$7:$B$241,2,FALSE),"") -> Sequence information | F87: PHA4GE | G87: sequencing platform | H87: Roche LS454 | I87: instruments | K87: manufacturer | L87: {{sequencing platform}} | O87: Link with {{sequencing instrument}} - an manufactured instrument ID
A88: 825 | B88: TRUE | C88: TRUE | D88: Sequence information | E88: =IF(G88<>"",VLOOKUP(G88,PHA4GEVars!$A$7:$B$241,2,FALSE),"") -> Sequence information | F88: PHA4GE | G88: sequencing platform | H88: SOLiD sequencing | I88: instruments | K88: manufacturer | L88: {{sequencing platform}} | O88: Link with {{sequencing instrument}} - an manufactured instrument ID
A89: 826 | B89: TRUE | C89: TRUE | D89: Sequence information | E89: =IF(G89<>"",VLOOKUP(G89,PHA4GEVars!$A$7:$B$241,2,FALSE),"") -> Sequence information | F89: PHA4GE | G89: sequencing platform | H89: Complete Genomics | I89: instruments | K89: manufacturer | L89: {{sequencing platform}} | O89: Link with {{sequencing instrument}} - an manufactured instrument ID
A90: 827 | B90: TRUE | C90: TRUE | D90: Sequence information | E90: =IF(G90<>"",VLOOKUP(G90,PHA4GEVars!$A$7:$B$241,2,FALSE),"") -> Sequence information | F90: PHA4GE | G90: sequencing platform | H90: Helicos | I90: instruments | K90: manufacturer | L90: {{sequencing platform}} | O90: Link with {{sequencing instrument}} - an manufactured instrument ID
A91: 828 | B91: TRUE | C91: TRUE | D91: Sequence information | E91: =IF(G91<>"",VLOOKUP(G91,PHA4GEVars!$A$7:$B$241,2,FALSE),"") -> Sequence information | F91: PHA4GE | G91: sequencing platform | H91: Applied Biosystems | I91: instruments | K91: manufacturer | L91: {{sequencing platform}} | O91: Link with {{sequencing instrument}} - an manufactured instrument ID

Sheet maps_datasets
A1: IndexNum | B1: Martin Complete | C1: Complete | D1: PHA4GE_table | E1: PHA4GE Class | F1: sourceClass | G1: sourceSlot | H1: sourceValue | I1: targetClass | J1: wide? | K1: targetSlot | L1: targetValue | M1: notes2 | N1: customData | O1: notes | P1: Martin notes
A2: 47 | B2: TRUE | C2: FALSE | D2: Contributor acknowledgement | E2: =IF(G2<>"",VLOOKUP(G2,PHA4GEVars!$A$7:$B$241,2,FALSE),"") -> Contributor acknowledgement | F2: PHA4GE | G2: authors | H2: NA | I2: datasets | K2: name | L2: {{authors}} | O2: May need to shift the mapping depending on the kinds of values received here… tbd | P2: Slot authors does not exist in PHA4GE

Sheet wide_datasets
A1: Complete | B1: PHA4GE Class | C1: sourceClass | D1: sourceSlot | E1: sourceValue | F1: targetClass | G1: wideOtherSlots | H1: match:datasetID | I1: datasetID_value | J1: notes | K1: Martin Notes
A2: TRUE | B2: =IF(D2<>"",VLOOKUP(D2,PHA4GEVars!$A$7:$B$241,2,FALSE),"") -> Database identifiers | C2: PHA4GE | D2: specimen collector project ID | F2: datasets | H2: specimen collector project ID | I2: {{specimen collector project ID}} | J2: may need to instead be mapped to "name' instead - pending. | K2: See notes
A3: TRUE | B3: =IF(D3<>"",VLOOKUP(D3,PHA4GEVars!$A$7:$B$241,2,FALSE),"") -> Strain and isolation information | C3: PHA4GE | D3: isolated by laboratory name | F3: datasets | H3: isolated by laboratory name | I3: {{isolated by laboratory name}} | J3: isolate entry, not other entries | K3: See notes

Sheet wide_contacts
A1: Complete | B1: PHA4GE Class | C1: sourceClass | D1: sourceSlot | E1: sourceValue | F1: targetClass | G1: wideOtherSlots | H1: organizationID_value | I1: email_value | J1: firstName_expr | K1: lastName_expr | L1: notes
B2: =IF(D2<>"",VLOOKUP(D2,PHA4GEVars!$A$7:$B$241,2,FALSE),"") | C2: Ultimately for each row in the PHA4GE data, there may be up to 4 rows generated in the "contacts" ODM table. 1) Sample collector, 2) sequenced by, 3) sequence submitted by, and 4) isolated by. Complementary contacts metadata need to be grouped together under these ubrellas, but still be separate rows. Furthermore, the "sequenced by/sequence submitted by/isolated by contactIDs should be linked to the measures table, while the sample collector contactID should link to the samples table.
A3: TRUE | B3: =IF(D3<>"",VLOOKUP(D3,PHA4GEVars!$A$7:$B$241,2,FALSE),"") -> Sample collection and processing | C3: PHA4GE | D3: sample collector contact email | F3: contacts | H3: {{sample collected by}} | I3: {{sample collector contact email}} | J3: def get_name(full_name, get_first): if not full_name: return "" names = full_name.strip().rsplit(" ", 1) idx = 0 if get_first else 1 return names[idx] if len(names) > idx else "" target = get_name(src.sample_collection_data_steward_name, True) | K3: def get_name(full_name, get_first): if not full_name: return "" names = full_name.strip().rsplit(" ", 1) idx = 0 if get_first else 1 return names[idx] if len(names) > idx else "" target = get_name(src.sample_collection_data_steward_name, False)
A4: TRUE | B4: =IF(D4<>"",VLOOKUP(D4,PHA4GEVars!$A$7:$B$241,2,FALSE),"") -> Sequence information | C4: PHA4GE | D4: sequence submitter contact email | F4: contacts | H4: {{sequence submitted by}} | I4: {{sequence submitter contact email}}
A5: TRUE | B5: =IF(D5<>"",VLOOKUP(D5,PHA4GEVars!$A$7:$B$241,2,FALSE),"") -> Sequence information | C5: PHA4GE | D5: sequenced by contact email | F5: contacts | H5: {{sequenced by}} | I5: {{sequenced by contact email}} | J5: def get_name(full_name, get_first): if not full_name: return "" names = full_name.strip().rsplit(" ", 1) idx = 0 if get_first else 1 return names[idx] if len(names) > idx else "" target = get_name(src.sequenced_by_contact_name, True) | K5: def get_name(full_name, get_first): if not full_name: return "" names = full_name.strip().rsplit(" ", 1) idx = 0 if get_first else 1 return names[idx] if len(names) > idx else "" target = get_name(src.sequenced_by_contact_name, False)
A6: TRUE | B6: =IF(D6<>"",VLOOKUP(D6,PHA4GEVars!$A$7:$B$241,2,FALSE),"") -> Strain and isolation information | C6: PHA4GE | D6: isolated by contact email | F6: contacts | H6: {{isolated by}} | I6: {{isolated by contact email}} | J6: def get_name(full_name, get_first): if not full_name: return "" names = full_name.strip().rsplit(" ", 1) idx = 0 if get_first else 1 return names[idx] if len(names) > idx else "" target = get_name(src.isolated_by_contact_name, True) | K6: def get_name(full_name, get_first): if not full_name: return "" names = full_name.strip().rsplit(" ", 1) idx = 0 if get_first else 1 return names[idx] if len(names) > idx else "" target = get_name(src.isolated_by_contact_name, False)

Sheet maps_addresses
A1: IndexNum | B1: Martin Complete | C1: Complete | D1: PHA4GE_table | E1: PHA4GE Class | F1: sourceClass | G1: sourceSlot | H1: sourceValue | I1: targetClass | J1: wide? | K1: targetSlot | L1: targetValue | M1: notes2 | N1: customData | O1: notes | P1: Martin notes
A2: 335 | B2: TRUE | C2: TRUE | D2: Sample collection and processing | E2: =IF(G2<>"",VLOOKUP(G2,PHA4GEVars!$A$7:$B$241,2,FALSE),"") -> Sample collection and processing | F2: PHA4GE | G2: geo loc name (county/region) | H2: NA | I2: addresses | K2: notes | L2: {{geo_loc name (county/region)}}
A3: 337 | B3: TRUE | C3: TRUE | D3: Sample collection and processing | E3: =IF(G3<>"",VLOOKUP(G3,PHA4GEVars!$A$7:$B$241,2,FALSE),"") -> Sample collection and processing | F3: PHA4GE | G3: geo loc name (city) | H3: NA | I3: addresses | K3: city | L3: {{geo_loc_name (city)}} | O3: link to sites | P3: Need to link to sites (through addressID: ID Generator)
